"s1","s2","x0","x1","y1","y2","z"
0,0,1,-0.30573869748443,19,20,1.57506769444654
0,1,1,-0.560287103160075,18,21,0.333107992422254
1,0,1,1.26049565730063,7,20,-0.756631205549349
1,1,1,-0.590234991608005,15,20,-0.422290514713249
0.375435836846009,0.334993328200653,1,0.0258297473150574,15,19,0.10379306998703
0.0660242477897555,0.466462924377993,1,0.48065612887607,9,19,-0.631333464326264
0.610153070185333,0.318844206631184,1,-0.340539273433591,12,22,-1.30559330319302
0.666059544077143,0.418738883454353,1,-0.387931384484699,8,22,-1.27572995724348
0.671025496907532,0.268504248466343,1,1.08425109860135,12,21,-0.699476383765485
0.184363891137764,0.517257310450077,1,-0.226746898333181,8,13,0.047123314735442
0.0374733705539256,0.167539005866274,1,-1.36052746536261,21,23,1.16630338776829
0.73776493081823,0.68224467895925,1,0.332790511859204,7,19,-0.984089057986454
0.213195968186483,0.534975461661816,1,0.38610163555898,7,14,-0.23987270788578
0.521890287054703,0.403076881309971,1,-0.581759235953294,18,22,-0.29096474657565
0.303411497268826,0.182740005664527,1,-0.329174104069611,15,18,0.789807079754592
0.338408031035215,0.611610601656139,1,2.01553304180055,8,20,-0.725249342823716
0.623326511122286,0.550186351872981,1,-0.791267893634961,15,20,-0.489177882941922
0.399105497868732,0.844995044870302,1,-0.491513716539855,13,22,-0.212895935066858
0.491015790961683,0.386077444069088,1,0.752464762475902,11,24,-0.588907016261452
0.0441630089189857,0.49616564437747,1,-0.41244794465337,12,20,-0.502562301895057
0.0727845451328903,0.534498516470194,1,0.664214584032116,11,19,0.0763534378250977
0.644272204954177,0.781921524787322,1,0.954170952859254,19,24,0.122401767070479
0.0498677478171885,0.980008014477789,1,0.665583487985475,13,22,0.516511598393793
0.757239291677251,0.0743016072083265,1,0.731365077118552,8,20,-0.7743551343631
0.0862920577637851,0.172773852944374,1,-1.67601980762725,21,22,0.82072418302576
0.623635102063417,0.537206090288237,1,0.921555575435974,10,26,-0.644064300261177
0.29205177212134,0.621714676963165,1,-0.347075296049078,14,18,0.0745105863263903
0.618215998867527,0.112150782020763,1,-0.702679046024838,6,17,-2.12513683387159
0.0991138822864741,0.97771896678023,1,0.690052934696207,13,20,0.784243406258351
0.605827292893082,0.790753669571131,1,-0.76700704129416,15,20,-0.26630126582614
0.817276764428243,0.160599185386673,1,0.995618629222332,6,17,-0.653881901871636
0.910226652398705,0.00315434858202934,1,0.306667103388213,6,17,-0.595956772945914
0.105042760493234,0.0721417975146323,1,-0.839825890320923,16,18,0.984698550409836
0.0720155108720064,0.359533130656928,1,0.0544476215996451,10,13,0.293012142229192
0.671979173086584,0.384548514615744,1,0.786105660833658,12,29,-1.07629720288442
0.472476691938937,0.349305005278438,1,-1.61525580185686,18,21,-0.707997941955444
0.361832109279931,0.951237891800702,1,0.614786410597823,12,15,0.439812925209734
0.489995361072943,0.567126789595932,1,-0.666981477987781,12,22,-1.31716367586927
0.0832351201679558,0.373372651869431,1,0.765375375444212,11,14,0.322844144483198
0.576333406381309,0.792610503267497,1,-0.484021621073743,14,20,-0.424300390406809
0.819710339186713,0.0199473507236689,1,0.350211909837905,14,23,-1.33145989197075
0.877220810158178,0.893096809275448,1,0.194527289411007,14,20,-0.755482397514225
0.238157876301557,0.137587091885507,1,-0.444625161544627,17,21,0.119069204816532
0.744801261927933,0.59902409883216,1,2.13253616087286,7,15,-0.985567944463309
0.208987765247002,0.244943908182904,1,-3.12207046055614,12,14,0.731553830265391
0.866961393505335,0.474614500533789,1,-0.474502146830763,18,24,-0.752307619483118
0.698271995177492,0.263606483116746,1,-1.07837108610564,8,13,-0.541882952840707
0.641754942014813,0.905294431606308,1,-0.329538904084455,14,18,-0.369995381694271
0.687621404184029,0.0902478327043355,1,-0.749588211007927,9,18,-1.28590223666662
0.578769079875201,0.992701197043061,1,0.948602248939028,17,22,0.178349218184156
0.810212256154045,0.805150750325993,1,0.0292338418474376,13,23,-0.830189492207454
0.925221232697368,0.0537197159137577,1,0.506472602186792,12,25,-0.230866083482352
0.0134964725002646,0.878621983574703,1,-0.253728969354038,21,22,0.76132169103647
0.259521172847599,0.258751709247008,1,-0.255564915526584,14,15,0.325601913228941
0.973633917514235,0.470141638768837,1,-1.41288419658786,11,17,-0.565901561262481
0.900895230704919,0.875090774847195,1,0.63671078171758,8,17,-0.507923644246535
0.883317716186866,0.803228269331157,1,0.539335393399416,12,20,-0.336158883183881
0.79659625235945,0.567207226995379,1,0.308906579847958,6,17,-1.1571904765684
0.396714662667364,0.945022012805566,1,0.527015214505506,24,28,0.561833067918087
0.542283719405532,0.399661070201546,1,-0.492614977366641,11,15,-0.200755215526755
0.325014770962298,0.712627939647064,1,-0.564296432178785,15,19,-0.116062323007059
0.412040398688987,0.266859213123098,1,0.0239651356408945,17,20,-0.297826100363772
0.590862554265186,0.177616980625317,1,-1.79980317260377,8,24,-1.5907770143079
0.956472096964717,0.177020203089342,1,0.823507756257926,10,16,0.0672564278134742
0.694436356658116,0.169522405369207,1,-0.93251342529494,9,16,-0.705754044195849
0.15670422790572,0.430472536943853,1,-0.281506911875229,19,22,-0.463332710924839
0.532624603016302,0.175181976519525,1,-0.653787875461879,13,22,-1.29096506488812
0.714991621673107,0.709236887050793,1,-0.125591006179471,14,22,-0.843660199981252
0.0592636610381305,0.451974426861852,1,-0.960837518808298,17,28,-0.674543493220665
0.391833983827382,0.108397698029876,1,0.923543233139749,15,22,0.2272478111284
0.595260398695245,0.528721584705636,1,0.47155061538343,15,25,-0.557333146184826
0.635085848392919,0.114667419809848,1,-0.0092098476902676,7,19,-1.92065886403784
0.182160541415215,0.881957173347473,1,-0.86823375856789,16,18,0.927553372559267
0.879151212982833,0.930696475785226,1,1.2393713144325,6,14,-0.474223234881218
0.251670473022386,0.997409355826676,1,1.6634078998375,17,24,0.941157369310603
0.340557734714821,0.284912926144898,1,0.346772093092963,7,14,-0.0592678358148781
0.148613409604877,0.315740529913455,1,0.96005137481332,17,20,0.143844970379588
0.275249121943489,0.714956133626401,1,-1.80193034965827,19,21,-0.26317964871498
0.00486234831623733,0.235805997159332,1,-1.4455156167499,12,12,0.715283707744096
0.395265873521566,0.194592671003193,1,-0.91559886976216,16,20,0.094064006505743
0.469257096992806,0.453901601722464,1,1.72457192713173,4,11,-1.13629845914631
0.517278916668147,0.816315630450845,1,-0.203932652762756,14,19,-0.516892475674863
0.331615958828479,0.9960384266451,1,1.10543887354646,9,17,0.704592494115174
0.657209978206083,0.0632567873690277,1,0.687630349985873,7,22,-1.02647027293453
0.77597070299089,0.0139764815103263,1,-0.0906761387121627,10,21,-1.3982196105551
0.77239378914237,0.635999632999301,1,0.297130935964853,8,18,-1.14839762124079
0.460570496274158,0.0181620244402438,1,0.485193561515142,10,21,-0.786475149227938
0.291600232943892,0.672854253556579,1,0.411161457586154,15,20,-0.0083562650619017
0.575293669709936,0.346512117190287,1,-1.08647186054285,11,15,-0.807485849144511
0.150731982197613,0.42740463768132,1,1.56021255371141,11,21,-0.544894572687344
0.280251541174948,0.816611501621082,1,-1.67668495435934,15,16,1.25536141174069
0.0181460035964847,0.450569303706288,1,0.888544052126289,9,21,0.119500461298083
0.387486340943724,0.953536248533055,1,-1.7743209982497,13,15,0.484275370799705
0.431390893645585,0.432822271483019,1,0.557281446107866,15,18,-0.377462499224954
0.252117108786479,0.909362285397947,1,0.799719512390798,21,25,0.939969593740218
0.221344398101792,0.484673244180158,1,0.100842449226484,12,20,-0.00595442325830046
0.665804102551192,0.121916153468192,1,0.645373988687607,5,27,-1.41928041221671
0.204003134276718,0.901230548741296,1,-1.40502246049319,14,14,0.918088053631395
0.369652830064297,0.222396780503914,1,-1.38273713715815,19,21,0.148906247678216
0.873761811060831,0.0923462726641446,1,-0.799869199983213,13,21,-0.762469082577557
0.887029651552439,0.822161805815995,1,0.113572067468177,12,21,-0.667009706961014
0.725620394106954,0.976773519534618,1,1.2088133621815,11,23,-0.103136310326389
0.0621093630325049,0.638923983089626,1,-1.46529928597813,22,23,1.09208701184789
0.750140141928568,0.391282417578623,1,-0.784894360962895,13,23,-0.97202052412601
0.410037791356444,0.0355908945202827,1,-0.0837406804761269,21,24,-0.130074187146972
0.00937284925021231,0.226568359881639,1,1.0175943324841,20,27,0.97555901140285
0.551234175916761,0.974874555598944,1,1.57226407203817,11,17,0.411034814791296
0.0838271984830499,0.836205897619948,1,1.25356423092462,11,21,0.650676143116228
0.213760896353051,0.404689697315916,1,1.10873394328695,15,23,0.512261876324378
0.408732406562194,0.205286678159609,1,-0.384378637176872,26,28,0.136612548774791
0.872723930515349,0.0114641012623906,1,-0.163550111519693,9,19,-0.836742119186287
0.871659834636375,0.247679456835613,1,0.330024526535707,9,16,-0.352238181684657
0.206284359097481,0.535368349170312,1,0.205083511376865,16,23,-0.173527334752298
0.942703963024542,0.0599897224456072,1,-0.35960980854782,17,23,-0.61333604135261
0.362988783977926,0.0215856505092233,1,0.011925345482083,16,26,0.449788845877059
0.0835072139743716,0.43758926843293,1,0.997226829492546,3,19,-1.25248677566091
0.874212870141491,0.437190361786634,1,1.02866436465308,9,21,-0.239022033055215
0.310108566656709,0.86022299923934,1,-0.140893240320773,12,13,0.77454168575848
0.397598290815949,0.211759724887088,1,0.175036111072683,14,15,0.249612614786421
0.830684881191701,0.0494653091300279,1,-0.599359176815919,19,24,-0.762036450990872
0.512765543535352,0.172558798687533,1,0.333377044638179,2,15,-1.24536414078631
0.514791923807934,0.276158219436184,1,-0.770637151102029,23,29,-0.883238976041951
0.959835310466588,0.765889337519184,1,-0.313135901596484,10,17,-0.664132271929234
0.296550694387406,0.732939468463883,1,1.14513123033097,15,21,-0.022235250941315
0.000201280694454908,0.805337543366477,1,1.19535599335838,11,13,0.807938841393563
0.813119361177087,0.621269323164597,1,-0.437687996954068,7,15,-1.21852306025038
0.25307709351182,0.345049254596233,1,0.654290187594469,17,26,0.0952701220840189
0.381746668601409,0.0105525085236877,1,1.00633118223089,8,20,0.0587804805975538
0.984469877555966,0.285421103704721,1,0.551335073235681,17,24,-0.384187796308672
0.556372224586084,0.0767412974964827,1,0.10607615311402,5,25,-1.736686680852
0.315162181854248,0.748735655797645,1,-3.2917046724941,17,19,-0.16155021526322
0.171975505538285,0.190475241979584,1,0.434111610776691,12,18,0.366217498722016
0.799598777433857,0.3464616893325,1,0.743120430202691,15,22,-0.330996403313593
0.608199473004788,0.813805116806179,1,1.24061309606534,4,10,-0.273270319038339
0.189555770019069,0.55943973781541,1,-0.870128303673231,12,16,0.167487105176691
0.136946033686399,0.94542256067507,1,0.633847309834194,16,21,0.791957860269396
0.549695027526468,0.00126321357674897,1,0.531073380260407,9,15,-0.95259728523228
0.0918678648304194,0.40856838808395,1,1.34106942505037,5,19,-0.779521266345571
0.550283155636862,0.654359712265432,1,0.727619572300207,12,19,-0.178751614626159
0.855987746967003,0.60883113136515,1,0.508894488740085,9,15,-0.845948500229724
0.650750610278919,0.625583163229749,1,1.20061792976592,9,17,-0.446159726862866
0.0801345750223845,0.72246491862461,1,-1.92520230236869,21,21,0.8910658075344
0.265914693940431,0.190620590001345,1,-0.559783468490014,22,26,0.619728536128458
0.3158492539078,0.727354731643572,1,0.540552132589852,14,19,0.0462213955553657
0.520585460122675,0.948483953950927,1,0.605608853759173,15,17,0.156772892568395
0.181705943774432,0.972810985520482,1,1.88524101121891,14,16,0.717850372349487
0.374726429115981,0.261280628386885,1,0.663982388832868,11,18,-0.233503850620278
0.0263261809013784,0.830868717981502,1,-0.207361678812502,17,19,0.91927604729073
0.488851278088987,0.616221602307633,1,-0.319801704399411,12,20,-1.01556782488629
0.862522042589262,0.296891269972548,1,0.461520503850359,8,22,-0.589335188284951
0.328712933231145,0.440961081534624,1,0.505622266595182,15,22,0.0110419934211226
0.421209046151489,0.0237935862969607,1,0.512412589145509,14,20,-0.267570385933671
0.0221272720955312,0.740148316835985,1,-0.27314444823823,17,19,1.40642187876414
0.36099302326329,0.0694845162797719,1,0.306057516409436,6,8,0.818637971123812
0.591245187912136,0.568369456799701,1,-0.78922282422574,5,12,-1.03412455610308
0.331857777899131,0.242720986483619,1,-0.58416967743246,7,12,0.190692004866578
0.0473689241334796,0.0760588017292321,1,-0.667245942469717,9,9,1.20164627598916
0.2460260191001,0.774459326872602,1,-0.870484661389678,24,26,0.409293098862931
0.204566333442926,0.646510482300073,1,-1.39327328432143,16,17,0.557380740516141
0.886146029224619,0.844869981752709,1,-1.00656312729977,13,20,-0.45641065141096
0.847256446722895,0.545689804013819,1,-1.40869824351965,10,18,-0.960181204412711
0.848534530960023,0.569368954515085,1,0.3279063713626,12,19,-0.855021609084884
0.419671821407974,0.330990641610697,1,0.491305741981885,7,19,-0.646090066397749
0.40089550614357,0.723064195597544,1,1.91603827351723,8,22,-0.248651322999706
0.183279267745093,0.980025355936959,1,0.187608641112363,22,25,0.641266745817292
0.932908657006919,0.357758774189278,1,-0.509117236226461,16,23,0.0638871505198773
0.229717741487548,0.104808114469051,1,-0.16137237460331,10,13,0.657866739618419
0.0463472781702876,0.994113342836499,1,0.118377286873484,23,27,0.352522176795442
0.899307972518727,0.458365045487881,1,0.289161361177285,15,18,-0.599285731121173
0.705068536335602,0.219453536672518,1,-0.0309822741055233,12,26,-0.599876358677942
0.342882692115381,0.213689495110884,1,0.286596648453387,10,13,0.169160292137638
0.583060399629176,0.576544711366296,1,1.32448649640213,6,18,-1.09975703874828
0.655189478769898,0.612028483767062,1,1.17575913762079,14,30,-0.234479204435607
0.936113778268918,0.565197260351852,1,-1.5252867640996,19,25,-0.526526095151588
0.42185914516449,0.692498139105737,1,-3.11493984567598,17,22,-0.793248716530532
0.706195845967159,0.951060818508267,1,-1.11644913067886,17,22,-0.313889375476533
0.732461523031816,0.032948724925518,1,-0.850458866316719,9,14,-1.38159663238551
0.855245822807774,0.886148347286507,1,-0.508881466692139,5,20,-0.977292437830161
0.102125443983823,0.873341742670164,1,0.409694711567056,14,18,1.24028458141656
0.190524713136256,0.558861689642072,1,-0.516531078184248,14,17,0.154691809840112
0.0701396591030061,0.1168128172867,1,0.72866104274328,17,21,0.905589556200192
0.487614622805268,0.353442134568468,1,-1.34536581798886,11,15,-0.585655085134255
0.746305431239307,0.27872032369487,1,-1.2427665337546,15,22,-0.429270538196517
0.950739238178357,0.0371084944345057,1,0.0414984930443673,11,19,-0.494732778112809
0.964654628653079,0.983668230473995,1,0.501551840136374,8,20,-0.803577174146452
0.791219975566491,0.698859929805622,1,-0.662960528454455,22,26,-0.6530127780869
0.587763027986512,0.440278341528028,1,2.11164832666714,2,19,-1.43127189091495
0.386832228861749,0.458416621666402,1,-0.190650733945468,13,19,-0.165396289238438
0.742000381927937,0.329191732220352,1,0.173702233451795,12,24,-0.460725908774061
0.4618876199238,0.531275595771149,1,1.4280610565005,4,15,-1.2651123286127
0.625886650988832,0.0791702303104103,1,-0.871261245177215,11,25,-1.28068444011576
0.633625107584521,0.0830405540764332,1,0.128425928861204,9,16,-1.15644288602554
0.693067641695961,0.527034226804972,1,-0.207750708226048,13,23,-0.711084726549709
0.513107347302139,0.330177762545645,1,-0.0407594145051476,15,20,-0.527958120555365
0.30512748286128,0.0833898256532848,1,-0.525073609418517,25,26,1.14281328550558
0.148393761599436,0.806191640207544,1,1.39374295932184,17,25,0.560749667439739
0.491031085141003,0.497119800420478,1,1.29319480596325,10,32,-1.28507079934714
0.890645436011255,0.312529921764508,1,1.05593300803328,12,20,-0.230255316940193
0.296879403758794,0.016508906846866,1,0.489803732286547,17,18,1.05774025395131
0.778458666056395,0.128530855989084,1,-0.837823243346688,15,20,-0.311045330027641
0.936182765988633,0.523717159405351,1,-0.919376176776885,12,16,-0.369129735238164
0.981559683103114,0.939304838189855,1,0.427064977634179,8,23,-1.09927239387227
0.175816277274862,0.729081032797694,1,0.759879174698446,15,18,0.437380375731816
0.754349928582087,0.944891520310193,1,0.00155181159847312,9,16,-0.553661607930521
0.640651831403375,0.959793430287391,1,0.263997983106256,9,14,-0.101838196352476
0.231105668470263,0.200115768937394,1,-0.251837496335138,17,23,0.702892268636952
0.841635506832972,0.731531945290044,1,0.770194836240408,13,23,-0.911934323816831
0.72048228722997,0.0266850844491273,1,1.05817780548866,4,21,-1.27739622680255
0.104842692613602,0.849632234312594,1,-0.467359320451305,17,20,0.924524676384717
0.594085281249136,0.410703303758055,1,0.339307546552257,10,21,-1.34205669938779
0.0972236345987767,0.14692762400955,1,0.183172658920664,14,20,0.545083005263498
0.623011399293318,0.493944270769134,1,-1.5902119758514,16,22,-0.848060109404293
0.80980546423234,0.582678796956316,1,0.110758687481081,11,20,-1.02651994988875
0.116243135649711,0.518699527019635,1,-0.255248339747101,16,17,0.196625330400327
0.502747160149738,0.670329979155213,1,-1.51312009079274,20,23,0.138804414803981
0.0639518226962537,0.228952575707808,1,1.0101000556361,19,20,0.972279459392032
0.761565016349778,0.513744802912697,1,-0.511809299856642,10,21,-1.36104868032679
0.805466887541115,0.561700684251264,1,-0.467738528623237,9,20,-1.0505089657802
0.075241114711389,0.196227203123271,1,-0.5913211586722,16,16,1.05457824610625
0.0896881788503379,0.253520071739331,1,-1.47051496712856,20,22,0.742505647112112
0.501484266016632,0.256682136328891,1,0.48435691793148,7,23,-0.598780795428262
0.449740736512467,0.146247962256894,1,0.852729086585656,10,23,-0.513441376660631
0.239079569233581,0.283048655837774,1,-0.112539337555189,14,15,0.381869870925727
0.742833405500278,0.0926587169524282,1,0.184418608639522,11,21,-0.784590930838778
0.708407737314701,0.056857974966988,1,1.29935325898564,6,18,-1.16796362256895
0.432617242913693,0.648362738080323,1,0.385843851041764,10,19,-0.918300977592339
0.460801100824028,0.451160559197888,1,-1.06904387387601,21,26,-0.895879706904607
0.987613041419536,0.414413446560502,1,-0.651548479994999,23,26,-0.258494743633397
0.396769054699689,0.251487775007263,1,0.0257460025381981,11,20,-0.209094432679716
0.202425220049918,0.955761068733409,1,0.552910069906835,18,24,0.935233843475627
0.737637364771217,0.0413361752871424,1,1.71486013247826,3,21,-1.13977615162182
0.990919905714691,0.823360092239454,1,0.512908032295608,12,21,-0.385736193205827
0.141700430074707,0.785724574001506,1,0.765265258697895,13,19,0.407593151817841
0.412526509491727,0.960314079886302,1,-0.561609227504127,16,19,0.446840005849464
0.926871401956305,0.0815641551744193,1,-1.3749427437918,17,19,-0.507356417952169
0.956145484466106,0.186350799631327,1,-2.82273374517183,20,24,0.215801915497183
0.530604874016717,0.173541824799031,1,0.0916167721323694,9,18,-1.3281910899069
0.317168694222346,0.713486653519794,1,-0.517310102052482,13,24,-0.214490102956447
0.0071254251524806,0.727702938020229,1,-0.66543472051569,20,22,1.39082348164499
0.00522405677475035,0.145759230479598,1,1.2807440030926,16,17,1.59195110351853
0.360733635723591,0.204843383049592,1,-1.26576804169187,22,26,0.141832540466323
0.366586666787043,0.686055143829435,1,-2.03574931282018,11,14,-0.738095740680955
0.187819823622704,0.878581497818232,1,-1.37836889204766,21,23,1.24784357881257
0.52385900914669,0.746455387445167,1,-1.63627494311409,11,12,-0.231883878336309
0.021076325327158,0.332327504409477,1,1.08547839776555,13,25,0.197360851293087
0.237752920715138,0.578697422984987,1,-1.25108365785644,15,17,0.686021993145004
0.258370415773243,0.107028028694913,1,-1.37823773329376,18,18,1.06888887492597
0.180239783832803,0.25065311207436,1,0.566399070517489,20,21,0.564146309090804
0.776017929194495,0.717506502056494,1,-1.56971822585005,14,22,-0.562491064088806
0.916006246116012,0.889148462563753,1,0.352862163676386,4,17,-0.883566611096225
0.869770167395473,0.789677980123088,1,0.852686886560092,17,23,-0.0215365957097
0.301909304689616,0.249217730015516,1,0.550396573158662,10,17,-0.108475390390806
0.46149257174693,0.893070830497891,1,0.995587792264429,15,24,-0.166176762041405
0.476300762500614,0.815753945847973,1,-0.643325916656034,18,26,-0.67725136100261
0.794499850366265,0.260056841885671,1,0.789831228747221,14,24,-0.198831572174804
0.106240160297602,0.874034106498584,1,1.21648611272879,21,23,1.19971482594233
0.0869309667032212,0.636055302806199,1,-0.24472434120786,16,18,0.80178881166832
0.512688175076619,0.415821266360581,1,0.404845194382765,9,14,-0.663701097064248
0.79051874531433,0.863283978775144,1,0.244611360996985,12,18,-0.82714943856133
0.355825059348717,0.0224547868128866,1,0.529506919754013,22,29,0.756260545143487
0.459389876807109,0.131834346568212,1,-1.86592099957483,13,16,-0.306092112251739
0.210487939650193,0.515933699905872,1,0.147910920012878,16,24,-0.238541020521033
0.609249069122598,0.243713049916551,1,-0.468365581654678,20,31,-1.13596629598335
0.358376493444666,0.0667716779280454,1,0.71840632893029,21,22,0.820085127304214
0.584196571493521,0.132976697059348,1,-1.67312299844062,14,24,-1.92117502721952
0.887854494852945,0.374385055387393,1,0.201856165504335,9,19,-0.0442709077253833
0.846358864801005,0.290873414603993,1,-1.64514407281851,16,20,-0.379541724164682
0.67567551182583,0.181643198709935,1,-0.607958122057835,16,22,-0.865449605542229
0.248080076649785,0.206965251360089,1,0.374237538840436,13,14,0.635218921266785
0.597644959343597,0.637797342380509,1,-0.102634703579291,14,20,-0.360682558028014
0.116086782654747,0.313864561729133,1,-1.77956191314007,20,20,0.907735721817439
0.296380500076339,0.166486986214295,1,1.0950114685362,22,28,0.913146278238268
0.084420811617747,0.657406624872237,1,-0.459738266071366,13,14,1.23832259836438
0.225347287021577,0.413484782911837,1,0.977232289718449,12,20,0.300042541255258
0.441010228358209,0.429915511514992,1,-1.37900361131036,12,20,-0.654019570562138
0.936372091760859,0.425684629008174,1,-1.08599345429709,13,19,-0.515410736562208
0.598759214160964,0.633993824012578,1,-0.807296208392614,14,19,-0.424008457053932
0.983549232594669,0.585722508607432,1,-1.18411789031577,16,19,0.0292006099626985
0.886776593280956,0.158827594015747,1,-0.226972285643936,19,24,-0.496948441501627
0.722750067710876,0.192533493507653,1,-0.114662446333308,15,20,-0.231829649311122
0.326239508576691,0.949065553490072,1,0.898353248369045,10,18,0.425200057586979
0.728607697645202,0.648234370164573,1,0.512589325870815,2,15,-1.46597507959884
0.76076275925152,0.192067532800138,1,-1.06890209294441,18,21,-0.433917207365449
0.798073529498652,0.332561155082658,1,0.248600978969523,17,19,-0.433136762975028
0.468763830373064,0.629933152580634,1,0.722004752249523,9,17,-0.847144256255351
0.800420110812411,0.205622911686078,1,1.53419310276999,13,20,-0.481312655690886
0.544575142441317,0.978618946392089,1,-0.153906999667657,17,24,0.283636208721493
0.819675221340731,0.505007205531001,1,-0.352097590793912,13,21,-1.0705978627875
0.7672289009206,0.814674532273784,1,0.109922907941412,8,15,-0.809406118878466
0.271859713364393,0.934151007793844,1,-0.158827817288777,10,17,0.348711322628467
0.989273319020867,0.808204559376463,1,2.54350219192765,6,26,-0.624211098042919
0.854463659692556,0.997251791413873,1,1.101501007899,10,17,-0.635669717653796
0.276149369077757,0.00217928737401962,1,0.0130069820176136,14,19,0.929237701420495
0.981061691651121,0.71831230353564,1,0.313291185646906,7,15,-0.807575887917171
0.824185621226206,0.191234534606338,1,-0.032027256758909,12,19,-0.249125107397504
0.259372606640682,0.582995634293184,1,-0.124669637581739,19,20,0.328675631911491
0.330304784001783,0.645259204087779,1,0.152905582527037,14,24,-0.555208509671334
0.99295303830877,0.884724102914333,1,0.420692149119932,3,15,-0.942171971711092
0.601160617312416,0.598339286400005,1,-1.26679504122102,10,21,-1.11057879929004
0.850533280288801,0.939468243625015,1,-0.522802028151071,18,20,0.00996802620621406
0.984144717920572,0.838844771496952,1,1.60936645306965,13,29,-0.331346615514669
0.154623663285747,0.133458283031359,1,0.146696715277755,18,21,0.900260049590805
0.403188584838063,0.629111033864319,1,0.856499597329109,7,18,-1.16906714487266
0.474361668340862,0.410553054418415,1,-0.408432464261436,9,16,-0.539904350143113
0.722632423741743,0.629085660912097,1,-0.793385520471987,13,26,-1.2990141204902
0.226595387561247,0.497459090314806,1,0.13960214061483,20,30,-0.159931880422262
0.379759731004015,0.269944184459746,1,-0.18883804221404,16,19,-0.031422338967813
0.148329795571044,0.624446497764438,1,-1.00367474026124,12,18,0.677872692425701
0.0358063837047666,0.855430102907121,1,0.954383633891195,21,23,0.866440274581286
0.431151394732296,0.329475129023194,1,-0.515433335239683,13,20,-0.596045733460698
0.528813019860536,0.547462702263147,1,-0.204474954708064,7,24,-1.28324524443072
0.610120591474697,0.83317978377454,1,1.11835480362346,7,17,-0.364896374384599
0.545330617576838,0.873935402138159,1,-1.45798656171682,13,17,0.285217918027446
0.904253708198667,0.315612431615591,1,1.0879132671811,20,27,-0.198254856225164
0.738658826099709,0.0821580772753805,1,0.24848553214675,13,20,-0.959546975277254
0.560202999738976,0.979076847899705,1,0.563732095633064,15,22,0.373087156525694
0.778520277002826,0.0210855663754046,1,0.0789281897802208,5,21,-1.23304137172879
0.729204739211127,0.870175157906488,1,0.651194306889069,23,34,-0.481387185175549
0.520886672893539,0.526790226111189,1,-1.06816620368713,10,23,-1.57459172987703
0.297089508501813,0.890948290470988,1,-0.780508892346469,14,21,0.468372999223113
0.468272131867707,0.969187141163275,1,1.82724556855561,13,20,0.180347618858846
0.7857820475474,0.246367342071608,1,0.212849084406614,12,19,-0.0533823896516081
0.831132114864886,0.654765331652015,1,0.508290689073027,10,21,-1.2295704395198
0.60563221340999,0.202882876852527,1,-1.16577584318519,5,18,-1.37240643465935
0.52504935185425,0.289486492285505,1,-0.0844392352734574,14,23,-0.840277364093906
0.140148582402617,0.0756728805135936,1,1.37175652960547,10,16,0.633851292973896
0.61794385756366,0.558191835181788,1,-1.37584321896803,19,23,-0.552108405160305
0.104038574500009,0.923867873614654,1,0.721465155942141,13,20,0.661062626686399
0.49380205757916,0.275146156083792,1,0.753714153793015,13,22,-0.290176944322496
0.242573086405173,0.228441037703305,1,-0.766934226495251,18,20,0.835778233632156
0.354261433938518,0.895365178119391,1,1.30610432361505,11,14,0.692389000300157
0.609891526633874,0.571351232472807,1,-2.34975472537802,12,15,-0.998435585719547
0.760609157150611,0.10073378845118,1,1.97461738647886,4,15,-0.568625426798784
0.373314678901806,0.918377391528338,1,0.466713678130494,15,23,0.313099223152181
0.270705584203824,0.779068621108308,1,-0.753373989726382,22,24,0.563021425104188
0.866320944391191,0.741551777115092,1,-1.27606806139813,14,22,-0.559181224076639
0.24111482524313,0.662547559477389,1,0.643171559662557,13,21,0.188772569339912
0.755642515374348,0.906420070212334,1,0.854954306871079,9,22,-0.586853464755837
0.467853410402313,0.878509074449539,1,-0.769432670897149,12,15,-0.390313308339402
0.660650438629091,0.184518199414015,1,-0.688195121473133,15,23,-0.897705396488809
0.294948710361496,0.223631831351668,1,-0.510358511888782,14,17,0.226600589780413
0.476822340162471,0.625669888453558,1,-0.841334964158559,10,16,-1.0136784121849
0.290897397557274,0.744570319307968,1,0.328149830621786,12,14,0.22338238333812
0.458158366614953,0.194367701653391,1,0.997196663591784,12,22,-0.338308366680834
0.955018481705338,0.29689832101576,1,-0.219012862800253,14,19,-0.444940705654898
0.633829618105665,0.518622348783538,1,0.262356566147896,9,16,-0.609182790287956
0.0940061178989708,0.261298526311293,1,-0.123759534598018,15,22,0.61954959924363
0.153046051738784,0.116303737275302,1,-0.321886687502651,22,25,0.940730818033868
0.623091698391363,0.644301953725517,1,-0.913715981181968,18,21,-0.560543390839936
0.843473613960668,0.389826583908871,1,0.260067956297725,14,20,-0.465166333260866
0.693083494435996,0.31018469366245,1,-0.246715578071413,12,16,-0.934806933208204
0.289302004268393,0.341485890327021,1,0.360930748910018,12,24,0.0737308876481962
0.565918957348913,0.154227492399514,1,1.07294392357714,11,25,-1.37062499602888
0.948514478979632,0.0507654561661184,1,-0.545966423527813,16,20,-0.443552962173174
0.808496568119153,0.307511990889907,1,-1.63587688587486,13,18,-0.375658072541589
0.317854439839721,0.449363480787724,1,0.376900248451366,17,21,0.307866274070478
0.924504143185914,0.475485288072377,1,-0.727736466693066,14,20,-0.536889166597766
0.0785421582404524,0.586165591375902,1,0.30862743025723,15,22,0.381750911567989
0.88729681330733,0.379620296414942,1,0.105803525014872,16,20,-0.0344702180118884
0.381763383978978,0.505780214210972,1,-2.18919328370881,16,18,-0.735341377429617
0.358583495952189,0.376374910352752,1,1.98791594646849,7,13,0.271629106776992
0.0197426422964782,0.865486308000982,1,-0.598768915285958,21,24,0.935219815845952
0.285304990364239,0.290027592796832,1,0.915213632276987,17,20,0.58028538882835
0.317103574983776,0.101143374573439,1,-0.1376305708127,20,22,0.903879862649343
0.653254874283448,0.41636714944616,1,0.175368639800688,11,23,-1.24668514841459
0.890462701674551,0.15420046960935,1,-1.39078423752062,16,20,-0.397198509120018
0.474463306833059,0.819193199509755,1,1.01486643691194,4,8,-0.678200323142585
0.284689937951043,0.378210239345208,1,-1.35657405183821,17,21,0.0452486925442772
0.453198009636253,0.63758320431225,1,0.812295800915533,9,22,-0.970108820366547
0.445216623600572,0.320375087903813,1,-0.791738430267477,16,22,-0.640840503132225
0.190279976697639,0.993659223429859,1,-0.591868703708432,16,17,0.796068504479954
0.620797875570133,0.329235252225772,1,0.599797643863103,9,17,-1.16865139164117
0.172906918916851,0.297959696035832,1,-0.526140294275708,12,14,0.453293178833259
0.993869212688878,0.404321933630854,1,-0.991509313963626,23,28,-0.748542386042094
0.502331502735615,0.833394536282867,1,-2.33726243439528,20,24,-0.626528006474662
0.427184317726642,0.445303138112649,1,0.436108227624384,13,19,-0.428013708892016
0.00984317902475595,0.131015265593305,1,0.902814583213108,23,26,1.55409626009474
0.600402683485299,0.87191744428128,1,-1.15651472902937,21,23,-0.0614279505852547
0.675874136621132,0.125293982913718,1,-0.545697638920055,16,25,-1.16748399061201
0.00674776593223214,0.485412424663082,1,-0.680539400306504,16,20,-0.112708447931761
0.76865983940661,0.980227965395898,1,-0.0641888525728016,16,20,-0.315794850133027
0.989766981685534,0.175104971043766,1,-0.576674710289525,6,11,-0.0519571569173169
0.149854381103069,0.00439614383503795,1,-1.16610907080666,17,17,1.30578345312932
0.516059023095295,0.417783678742126,1,0.77067099405457,11,21,-0.655279465441172
0.440974969184026,0.883513040374964,1,-1.11979148387811,19,25,-0.0789785126871165
0.625600007595494,0.428506240481511,1,-1.17626473586158,11,22,-1.49888072357618
0.615487249800935,0.394356141099706,1,0.353143735223628,5,11,-1.25099414961347
0.735774943139404,0.896506277378649,1,0.257050029525906,12,21,-0.757466297900449
0.243667454924434,0.529958244645968,1,0.207810234716148,12,20,-0.301443485310234
0.53398220310919,0.173942422028631,1,-0.850137556522306,9,19,-1.35735038212761
0.0887629217468202,0.700267371721566,1,-1.34771472750775,23,27,0.905580489165118
0.534230598015711,0.320096429204568,1,-0.30638770024009,17,32,-0.850851314378153
0.250444194534793,0.402752548689023,1,-0.512351205281449,25,29,0.59977100633319
0.881507886108011,0.014953579287976,1,-0.879922859165696,17,28,-0.606683453872692
0.578129103407264,0.519665367435664,1,0.763373898801754,7,18,-0.655507220626509
0.90001993952319,0.0618147037457675,1,0.740995567542355,11,19,-0.388208754648618
0.661046675173566,0.484341639326885,1,-0.784824595873957,14,20,-0.927349404101569
0.991621545283124,0.75588536891155,1,-0.0065441798183968,10,20,-0.918916902776418
0.0207978282123804,0.95512914005667,1,1.2977608787389,12,21,0.83606384281751
0.626437955535948,0.910791798029095,1,0.756564240646642,8,14,0.00146776303461118
0.317588377511129,0.0790816589724272,1,-0.403224454896728,30,33,1.14342608093911
0.520034088054672,0.383962827036157,1,-0.779528308724999,24,29,-0.386535863559586
0.845178240677342,0.405072950990871,1,1.53898750725102,11,21,-0.687893410965677
0.318532237317413,0.478027400327846,1,-0.373878014117116,16,21,-0.169711787430092
0.674866349669173,0.466120363911614,1,-0.399787576319589,12,19,-1.17107241577761
0.279111842159182,0.0540445146616548,1,0.341688442537603,14,20,0.878404460169919
0.945410333806649,0.357769280206412,1,-0.279643845652057,10,15,-0.0828027756407103
0.290466414531693,0.410869861254469,1,0.30969218292332,15,30,0.124055887092736
0.507891599787399,0.860914162127301,1,0.499670258027797,9,18,-0.185240204595776
0.124168236507103,0.0726353311911225,1,-0.403774162039637,26,31,0.650289251788735
0.739329346688464,0.23751536780037,1,-0.361234288983486,15,20,-0.0529175543106154
0.520520932273939,0.457354545360431,1,-0.66000452085101,9,13,-1.0517970471862
0.202285294421017,0.520183503627777,1,-1.70964798554715,18,21,-0.15502721580205
0.219281960744411,0.0552131929434836,1,-0.41002609120401,20,23,1.09114409874055
0.176951197907329,0.811938892817125,1,0.220808414630944,16,16,0.699929387197367
0.823707222240046,0.325625302270055,1,-0.220269776863188,6,10,-0.174768735303139
0.69871016475372,0.179087427211925,1,-0.209732949766954,11,16,-0.57255736826775
0.239785287296399,0.934664961183444,1,-1.15610422490204,19,21,0.530397790329297
0.0853206194005907,0.0167889455333352,1,0.211461690902609,22,25,1.28831065792687
0.609820618061349,0.0919738062657416,1,-0.463142761787147,5,19,-1.88609447895692
0.408588501391932,0.780669700819999,1,0.737767421243154,4,12,-0.638876256869991
0.953078830149025,0.210235922830179,1,1.04982577299129,17,23,0.0728383947712091
0.989583693211898,0.863613664871082,1,-0.0294125565630691,13,18,-0.544900093835036
0.736726262141019,0.104709135368466,1,-1.8340727390704,13,17,-0.62738534854157
0.109444319736212,0.381445680977777,1,-1.11560332081818,13,17,-0.208919352752243
0.464730662293732,0.290870634373277,1,-0.398587702362441,16,22,-0.485796325253821
0.580300311092287,0.747688837815076,1,1.69258202361767,10,17,-0.259259627266218
0.0502113031689078,0.565652874065563,1,-1.38558674241015,26,27,0.488390744744591
0.199562883703038,0.654709699098021,1,-0.208266619194276,23,29,0.891610042721828
0.814214951358736,0.871418235357851,1,1.21727131423653,5,15,-0.982223439999933
0.249320294242352,0.819430078146979,1,-1.86643147952821,22,22,1.0018968778314
0.36614628136158,0.811497835908085,1,-0.411342808750892,20,25,0.0782397287275606
0.134352239780128,0.21745737735182,1,1.97198952759681,13,19,0.956311446553237
0.41131136752665,0.0558425702620298,1,1.14366633720709,14,22,-0.0047007561859407
0.98405581805855,0.598939908668399,1,0.280365987493835,22,24,-0.136192673374328
0.95359274931252,0.206748857395723,1,-1.49620009364635,11,12,-0.0282232958620676
0.36024871119298,0.262164038838819,1,-0.244695380982586,9,16,-0.125477571825693
0.546828871592879,0.498398408992216,1,-1.46823179298308,10,18,-1.44669877677094
0.989611505530775,0.242141232127324,1,0.37532144352007,13,18,0.110758652457619
0.324119703145698,0.957037315471098,1,0.465427839727066,11,14,0.240831531383088
0.101030886406079,0.106119222473353,1,-0.549333326918887,13,17,0.897625106483829
0.185990687226877,0.929722432745621,1,-0.351525082806766,13,15,0.752748794633876
0.823145885718986,0.44159945123829,1,0.0977123965143445,11,22,-0.76883596006336
0.771405465668067,0.272774864220992,1,-0.101792682099579,11,18,-0.341668778687005
0.891814053524286,0.108670415822417,1,1.17100420747763,8,17,-0.569779205782846
0.151564027415588,0.733207050943747,1,0.808973858840389,13,20,0.217856372595137
0.576751780696213,0.114055577665567,1,-0.233094148677768,11,22,-1.85107722969482
0.0567873101681471,0.102522024651989,1,-1.30422408434934,18,24,1.09816774153198
0.567591359140351,0.499674763763323,1,1.05336276438298,3,19,-1.39500897442307
0.995091130258515,0.102176602464169,1,-1.60339823728745,16,22,-0.775269558822466
0.34170240862295,0.575851075584069,1,-1.23679042632864,14,16,-0.580455734772238
0.0976122424472123,0.475167863769457,1,0.313909679425858,13,26,-0.711143379233299
0.773234715452418,0.450592999113724,1,-0.807036111205427,11,20,-1.09164719188856
0.623319714330137,0.191262512700632,1,-0.90435974945385,8,20,-1.47134827136774
0.106713133864105,0.012034515151754,1,-1.32860310523401,18,20,1.08831315495398
0.274274806026369,0.329938864102587,1,0.10453980397014,26,28,0.538517890092761
0.650397167075425,0.425115736667067,1,1.22762830479729,9,19,-1.3527551194972
0.983623730018735,0.801480746362358,1,0.749041831958661,8,20,-0.737226819581976
0.920093939406797,0.11553443595767,1,-0.913636110288526,12,15,-0.438007979811814
0.418721412774175,0.90994038945064,1,0.712340811588652,16,22,0.400078723005524
0.999759203288704,0.887006443692371,1,-0.156459967374403,10,17,-0.99568050064823
0.000984908547252417,0.383386206813157,1,0.129936402208293,17,21,0.182432451571734
0.145338832400739,0.464747491059825,1,0.57421750781756,5,15,-0.659497275323697
0.304783943807706,0.560321671422571,1,0.190369452978679,8,18,-0.361062621636223
0.101355783408508,0.608091736910865,1,1.24153811647443,14,22,0.932231884026023
0.859105700161308,0.764470290858299,1,-1.06800146353613,13,15,-0.260298118983085
0.548494352959096,0.577809585491195,1,-0.851151108422981,16,22,-1.09097666357771
0.642759840004146,0.428925934946164,1,0.245744007988103,3,16,-1.30840527859242
0.730629197787493,0.206501464126632,1,1.07590644162832,10,21,-0.195470811347915
0.880296875024214,0.0928813763894141,1,0.212235943836072,13,19,-0.588497828197322
0.99799554143101,0.722005320480093,1,1.6369355061826,7,15,-0.832180009362277
0.801814779872075,0.843926123576239,1,1.05144213995986,8,22,-1.08706701384409
0.714862123597413,0.383856549626216,1,0.533024071798544,6,14,-1.02395706043685
0.0374117188621312,0.548249057959765,1,-0.994340069050546,16,17,0.43797478437637
0.758774520596489,0.138642378849909,1,0.824010940014001,14,27,-0.157255008554103
0.27387122460641,0.368967179208994,1,0.616242435195184,13,20,0.043040233361802
0.329299104399979,0.917369909118861,1,-1.09769746313965,14,16,0.521593801079232
0.981391275068745,0.451605701353401,1,0.0500463843717479,13,21,-0.396482138813662
0.0593748434912413,0.404061720473692,1,0.871899497581232,13,23,-0.599566416961187
0.177908441750333,0.789391498314217,1,-0.662234360794105,14,19,0.611572685922715
0.00555825559422374,0.747001878218725,1,1.77134192822584,13,19,1.18114699695182
0.120919055538252,0.862947640474886,1,1.94041148197928,17,23,1.09334501520171
0.11798955546692,0.739087296416983,1,-1.94873256985464,22,23,0.758066849157264
0.66421553818509,0.264357045525685,1,0.594824359130459,9,19,-0.732996112155918
0.163956626318395,0.676013658056036,1,0.196869575563989,12,17,0.310918377988274
0.51922646863386,0.0633404445834458,1,-0.639439111266653,17,24,-0.853827242314441
0.625191244063899,0.302972026867792,1,-0.939027799836745,8,16,-1.29405564810609
0.858426725957543,0.0295973883476108,1,-0.0104007598075748,9,19,-0.448451785042665
0.746812656987458,0.391431995900348,1,0.374038039492728,13,25,-1.06928794593535
0.315699556609616,0.345787877216935,1,-0.381206292270234,14,21,-0.197774850714816
0.197370992042124,0.624295103363693,1,-1.03387378602869,14,16,0.8028252383634
0.10889806644991,0.890758990775794,1,0.632611042993845,11,13,0.888908083086651
0.742877352051437,0.0101317830849439,1,-1.20213392092994,11,15,-1.39509250836047
0.975722862407565,0.149255668045953,1,-0.590782260576605,11,15,-0.132868138812249
0.0177951764781028,0.0248490220401436,1,2.1170925982927,22,26,1.56506001977556
0.82155670132488,0.858459371607751,1,-0.342869371298536,8,19,-0.903543999376275
0.836990013020113,0.585814577760175,1,-0.881176844264556,12,19,-0.820396207498501
0.274035411188379,0.840643129544333,1,-0.271752309386296,21,23,1.1335918050215
0.569419150240719,0.345515822758898,1,-0.844705168087222,15,19,-0.717284593899013
0.160242915386334,0.951201318996027,1,-0.251649190222459,17,18,0.847911809158483
0.440738453762606,0.357093464815989,1,0.520032951906815,7,17,-0.434380096231655
0.253135294187814,0.380892157088965,1,-1.96061002324524,16,18,0.0832957200457936
0.101300821872428,0.480882989009842,1,1.75256750338807,6,26,-0.58037668914437
0.340395791921765,0.729366685962304,1,0.526220977052412,15,27,-0.311540803635346
0.527845315169543,0.0192179530858994,1,-0.694383578550278,8,20,-0.959195812235218
0.078164376784116,0.682751594111323,1,0.298636193755717,23,26,1.07997129058603
0.0339169111102819,0.322925288928673,1,-0.270594408746223,21,25,0.296002623200201
0.942588929086924,0.401816964847967,1,-0.556154094175644,16,25,-0.566732619207768
0.830539700342342,0.444999527418986,1,1.29922307268124,11,19,-0.655948262262932
0.536538539687172,0.623961536213756,1,1.24367827227826,6,20,-0.277751526410451
0.361879761330783,0.717916548950598,1,-0.482960202318707,12,14,-0.506304063550366
0.078954283380881,0.111273142043501,1,1.37469034934554,15,24,0.838346805047681
0.372611582512036,0.619056960102171,1,-0.261386584344491,9,23,-1.18341080304235
0.341241478919983,0.969268643530086,1,0.136192407994189,11,19,0.160739751476717
0.420529468450695,0.974378938088194,1,-0.0153893644403451,18,21,0.429205176242131
0.411047458648682,0.81945898826234,1,0.143100748427457,8,22,-0.530679181924918
0.655394311761484,0.331645289435983,1,-0.57978604183314,14,20,-0.92308753819597
0.483012693235651,0.912743471097201,1,-1.2078419387424,14,19,0.345554676206192
0.198306118138134,0.777869166107848,1,-0.778213852920954,12,12,0.699105042753218
0.969859201461077,0.104300958802924,1,0.120736268450121,13,19,-0.50836355011261
0.156868927879259,0.836509664542973,1,0.779733049112026,15,19,0.897780531304567
0.121217897627503,0.279676261125132,1,-0.113783826455709,11,14,0.78366064839797
0.958620559889823,0.370277028763667,1,-0.87895473317172,12,17,-0.54810189388249
0.0412481566891074,0.735570531571284,1,-1.73844163272689,18,19,1.3374081695267
0.561260501854122,0.14122286811471,1,-0.600153938666654,13,25,-1.68632364038344
0.228214937029406,0.227284829132259,1,-2.39581776205182,19,20,0.593179836925648
0.0731465858407319,0.971168130869046,1,0.548865791804832,22,24,0.689371164597535
0.671482538804412,0.161878274055198,1,-0.366288094254073,7,13,-0.815594765136342
0.131031991215423,0.392386747524142,1,1.08445968998411,14,17,-0.363197560793203
0.700269276509061,0.652110339142382,1,0.298396186335732,8,23,-1.09548338744881
0.262344453250989,0.193128335755318,1,0.347324407359497,21,24,0.71708886245075
0.286964756203815,0.0740725880023092,1,0.218629905725097,18,21,1.32681168441673
0.681491901399568,0.841453546192497,1,0.469094442558248,10,20,-0.383237025481892
0.591119733871892,0.842592179775238,1,-1.78589950510197,20,21,-0.0675196952841419
0.705697835655883,0.981905023101717,1,-1.25546488638329,18,23,-0.0596216760380481
0.400161435827613,0.980646013980731,1,-0.811304043302361,11,14,0.342511100197775
0.374088974902406,0.441408578073606,1,-2.20138418311514,13,15,0.147208255758489
0.401267547393218,0.500303900334984,1,0.882518243473207,8,13,-0.609823502373278
0.893439379986376,0.85031152702868,1,-0.486359730694117,17,23,-0.375138409428252
0.572120967321098,0.453499942785129,1,0.665860474351916,10,15,-1.02775876726862
0.30738313915208,0.737971466267481,1,-0.405532531121795,14,16,-0.135334835798963
0.572015710407868,0.307796723674983,1,-0.084797365786879,8,18,-1.31205587630517
0.263564765453339,0.430608819471672,1,0.458598581906466,14,14,0.633658239602199
0.747810949571431,0.0928003822918981,1,1.36719964523161,9,21,-0.659488471496123
0.202873076777905,0.137816800735891,1,1.87851023611011,8,13,0.104462799330864
0.298648477299139,0.471294668270275,1,-0.457706596850151,7,12,0.00753250534046097
0.77740467316471,0.885087166912854,1,0.610083880766597,9,21,-0.749926722102431
0.765580334002152,0.446307218400761,1,0.471591785046407,5,20,-1.26034357931263
0.381495233858004,0.000280505046248436,1,-0.582062295906962,13,15,-0.0218282093857932
0.539663106203079,0.870881616137922,1,0.240381152698162,16,26,0.192631921496653
0.823198209749535,0.833956600166857,1,0.238298701132956,12,18,-0.781220445716382
0.843264756724238,0.195498476969078,1,-0.281276473879921,12,18,-0.179691522162938
0.454656032612547,0.615044307895005,1,-1.02859863804851,11,20,-1.35371152698549
0.716498230118304,0.707882381975651,1,-1.05025444308249,11,18,-0.988346190442937
0.215625875862315,0.864684114698321,1,0.730228785047415,13,15,1.0055930361721
0.578709312714636,0.628605401609093,1,0.397480831230548,13,18,-0.463881332293464
0.532671501860023,0.741638179635629,1,-0.0621854647737177,14,24,-0.180813345520197
0.75447660102509,0.990772326011211,1,0.235180461813858,18,27,-0.141957349918453
0.518535459414124,0.19501884188503,1,0.997931711295688,6,23,-1.29920395701633
0.665429650107399,0.780317775905132,1,-0.6210504972975,16,19,-0.0641667203051045
0.00905078602954745,0.822440889431164,1,0.413060064269701,26,27,1.17365064732716
0.711048024240881,0.771780037553981,1,1.24706579674454,9,23,-0.589244811212051
0.553989379201084,0.160688081989065,1,-0.837462243825605,11,13,-1.30489904611987
0.754137583309785,0.133703826228157,1,0.21540421004202,14,26,-0.233541380664203
0.759818167425692,0.652713988674805,1,-1.5012971116967,14,19,-1.14109752614167
0.895752866752446,0.977208785014227,1,0.297480443292106,12,16,-0.392697292743703
0.295804618159309,0.642073093215004,1,0.17283190837648,10,13,0.259652630961395
0.586698043392971,0.213138380786404,1,1.07531735561579,8,27,-1.37598032765616
0.585322359576821,0.555564733920619,1,0.0428492902850458,14,22,-0.802609542275876
0.218903615605086,0.605322325369343,1,-0.784297668675432,18,19,0.989751098833544
0.852667466970161,0.308952937368304,1,2.22112412112465,8,20,-0.326447360706252
0.204003733815625,0.994874412892386,1,-0.160629945024878,17,20,0.853289789079943
0.442530283937231,0.868714517913759,1,-0.375134223854996,16,20,0.00013691272373298
0.732989571290091,0.547024459810928,1,-0.859027147057856,7,17,-1.36218877276604
0.0696499519981444,0.341241989983246,1,-0.386356126992591,18,20,0.452119958792577
0.74134476785548,0.640736156376079,1,0.50215909187265,11,17,-1.12245127214422
0.632138064829633,0.308667247649282,1,-1.16415091151078,11,19,-1.21964957409922
0.463195908581838,0.843806753167883,1,1.386951156338,5,17,-0.728339775479937
0.463092226767913,0.077767797280103,1,0.976536194655957,11,20,-0.29175293094596
0.810475448844954,0.367522926768288,1,0.9069488265759,8,23,-0.535771800844454
0.691913750953972,0.67316041351296,1,-0.648912189322819,4,17,-1.20238708788034
0.338709731819108,0.384582083672285,1,-0.450766367526039,16,18,0.36374365089649
0.686371855670586,0.760858854977414,1,-0.0481246039370806,6,9,-0.412012741723162
0.991924797417596,0.0618158697616309,1,-1.7498389057211,13,17,-0.633101868730412
0.0924099804833531,0.402194363530725,1,-0.670360318731457,12,18,-0.512896259100112
0.0140546013135463,0.298781238030642,1,0.540756101204461,18,25,0.316712730886764
0.770486388588324,0.884147261735052,1,-0.0022163008223846,12,24,-0.603212987933337
0.460483119823039,0.386064276332036,1,-0.988016319651359,14,19,-0.398557437618667
0.212259864900261,0.935557993361726,1,0.10192244623747,14,20,0.86908820673737
0.179186024935916,0.0498544878792018,1,0.169696439053066,19,20,0.9521310222592
0.916308184852824,0.371332761831582,1,0.327564277094115,12,19,-0.160685295432944
0.078021225752309,0.554215786978602,1,-0.21129662128011,9,15,0.0196495266420283
0.470761365490034,0.82276994176209,1,-1.74830407529666,19,24,-0.515462927041332
0.57894478039816,0.299901187652722,1,0.229596408187856,11,28,-1.18522008917218
0.0257792258635163,0.0313239579554647,1,1.3287698811642,11,12,1.79705444277067
0.791923987679183,0.266989897470921,1,2.27940140247326,8,15,-0.422749332497528
0.256654844153672,0.662431075004861,1,-0.729944951920249,18,21,0.0375725865208818
0.433719925116748,0.988028925610706,1,0.0898783724475724,12,16,0.0864514332533893
0.750710975844413,0.592786906519905,1,0.315919410692491,5,16,-1.01991206486015
0.38184303813614,0.0774229338858277,1,-0.309300059027675,15,18,0.43627715938653
0.853232846828178,0.652259909780696,1,0.459195618449788,5,12,-1.24605044638444
0.756832693237811,0.730032246094197,1,0.122575342771017,8,19,-0.638355578486801
0.844289529602975,0.0357263085898012,1,0.460876578415006,4,9,-0.689672984492422
0.499864414799958,0.838426032103598,1,-0.421712712166146,14,23,-0.643863295501953
0.00574276922270656,0.948806774802506,1,0.302714107245733,25,29,0.671125747033436
0.238094283267856,0.0188927948474884,1,-0.443794714351304,18,20,1.46459376036372
0.394209158373997,0.64482223871164,1,-0.52671525017343,9,20,-0.94528583098931
0.0876882649026811,0.438692406751215,1,0.523344463764961,8,15,-1.18993847532967
0.209686148213223,0.568277342943475,1,-1.96902702408939,17,21,0.24752712582897
0.226840527961031,0.400092943105847,1,-0.399998423319341,12,17,0.526730523131688
0.128092246828601,0.471817237092182,1,0.798600219295038,7,24,-0.504622333858121
0.787062516435981,0.929943653056398,1,-0.0141215289333453,8,15,-0.512327515564923
0.926935606170446,0.698346778517589,1,-0.0308922859764165,5,21,-1.3184357348137
0.807825953466818,0.912644939962775,1,0.3988864157144,5,8,-0.741531053153898
0.295445764670148,0.326481627533212,1,0.437060849078059,12,16,0.159554214719596
0.590663170907646,0.331360779004171,1,0.256599464299032,6,22,-1.28743620615629
0.612238692585379,0.192532296758145,1,0.918578922545379,5,23,-1.60482396297642
0.00956164626404643,0.877460269490257,1,-0.202237754883453,16,18,0.841009039411163
0.549470238154754,0.92039490188472,1,0.762098948776245,18,20,0.750460754551097
0.746397175593302,0.474307494005188,1,-1.0767878253873,9,17,-1.38780567724075
0.00401495443657041,0.632241151528433,1,0.403239500091254,14,19,0.428413385393812
0.880144153954461,0.536577077815309,1,0.285552375433788,18,22,-0.195390321237224
0.0620830201078206,0.123020344413817,1,0.0487618840487172,18,19,1.23551244870753
0.857262638397515,0.198864001082256,1,0.830292735143787,13,22,-0.268442868822624
0.856019098777324,0.545650555519387,1,0.681212368619081,15,26,-0.589582447359894
0.715923789190128,0.896591615630314,1,1.22227661090931,4,19,-0.735921822000105
0.187682652845979,0.432640701765195,1,-0.617929544451548,25,31,-0.355495289439289
0.124022701987997,0.823722283355892,1,0.280071558355221,18,23,0.785232933123434
0.607240166747943,0.185558125609532,1,0.149232043132523,7,17,-1.67974000365525
0.873104153899476,0.656431325012818,1,-0.272286045524275,7,16,-1.18146803123186
0.848345694132149,0.617860160535201,1,-1.37680902663937,11,16,-0.959579555055338
0.611136170802638,0.253996828105301,1,1.13297667642732,8,24,-1.15462229605947
0.327031351160258,0.397237059194595,1,-1.09704151419582,19,21,0.309622941232648
0.204156437888741,0.118106038076803,1,-0.636334177760314,9,11,0.427349190608059
0.414273652248085,0.212471263948828,1,1.39437694620581,10,17,0.101703862505701
0.299111770931631,0.408755394630134,1,0.898419026914485,3,9,0.102976814415704
0.471607473911718,0.354612122988328,1,0.26671705035241,17,23,-0.509983943956381
0.0703279573936015,0.384693285916001,1,1.49223270942773,11,23,-0.0848979944502663
0.183435305021703,0.449043036205694,1,0.914175709224183,5,17,-0.564776512350383
0.908598717302084,0.170376620488241,1,-1.57631043907779,17,21,-0.599200957802237
0.966733744833618,0.538611287251115,1,-0.25698003188105,9,16,-0.323680729842773
0.781908298144117,0.189786057919264,1,-0.16808472486105,7,18,-0.52645924768623
0.768928423058242,0.399536058073863,1,1.31708133001542,10,25,-0.788264531517035
0.17650650232099,0.306941893650219,1,1.07620337300276,11,12,0.581361834764691
0.40904252929613,0.535585808102041,1,0.15715092164972,7,20,-0.830775949624911
0.676916643278673,0.12575647723861,1,-1.60355912850679,17,21,-1.12559260738253
0.658702265936881,0.0983598039019853,1,-0.383381394042145,12,16,-0.952128744818682
0.683157287770882,0.899258639197797,1,0.873759141957621,13,25,-0.452252728075642
0.818630703026429,0.0513282692991197,1,-1.38620733196567,11,16,-0.844920652104015
0.810046946862713,0.268564945319667,1,0.401415438494117,7,22,-0.648794011903864
0.0647636530920863,0.834453789517283,1,0.286507086248777,15,21,0.620119642783431
0.826446173712611,0.458989320555702,1,0.0265411961998452,13,21,-0.825819416207356
0.375422435346991,0.930781465256587,1,-1.48858359484614,20,25,0.340002635736326
0.358153651235625,0.243143499130383,1,-0.770642595044464,20,23,0.342070343776456
0.128773709526286,0.588932572165504,1,-0.834425062161446,17,18,0.687824684773877
0.368621237343177,0.853686514077708,1,-0.319216966287332,12,17,0.327712207300656
0.848358656046912,0.623886771500111,1,0.104154714561133,10,23,-0.985179962932204
0.597060798434541,0.137379938736558,1,-1.83642468659203,9,18,-2.06834360212565
0.466587194940075,0.0319706909358501,1,-1.28449638972674,9,11,-0.68377198413655
0.770283488323912,0.993868943070993,1,-0.00489850044078891,16,20,-0.301179406696863
0.0122554944828153,0.140151726081967,1,0.0170697346395212,15,17,1.5556886542157
0.901570509886369,0.828404427040368,1,-0.295786697114267,11,15,-0.419745211776427
0.83040011394769,0.332758044358343,1,-1.80333940112019,11,14,-0.357669571055518
0.939415449043736,0.131079687271267,1,-0.400384269904725,21,27,-0.133221913195944
0.927040497073904,0.222453505732119,1,-1.29923868681749,18,19,-0.166781874603639
0.0538562880828977,0.369925413746387,1,1.09760444077795,11,20,-0.0114137829934971
0.3212462333031,0.459926463197917,1,-0.410759421059512,13,15,0.0957388871231383
0.739217443624511,0.603521110024303,1,0.968724228534996,6,22,-0.953795717902206
0.342913345666602,0.455767450621352,1,-2.96339393155059,15,16,-0.0383013762560871
0.603550422471017,0.69060628162697,1,0.0238750348569299,20,26,-0.526446890946179
0.484560587909073,0.796971082920209,1,-0.0782471987885008,15,21,-0.577456927492055
0.189453175291419,0.359372456325218,1,-1.74134291957865,16,19,0.0420595158617488
0.53508220682852,0.0239905000198632,1,-0.368768665637465,16,23,-1.12152514347934
0.684106763917953,0.585446025710553,1,-0.0140767596791241,17,25,-0.393002399653038
0.139200738631189,0.807185343233868,1,-0.680543258815787,20,20,0.792320446063061
0.505377003690228,0.0974307237192988,1,-1.75416694487288,21,24,-0.583544798367662
0.643452253891155,0.75149077619426,1,-0.699886041553529,10,18,-0.462406470905845
0.0905785951763391,0.284729517996311,1,0.220814410745844,21,23,0.887477800604704
0.92076904210262,0.272953930078074,1,-0.691830740091594,10,15,-0.581683036265487
0.16612395667471,0.851662199711427,1,1.18694577206644,15,18,0.888006311663317
0.621709845261648,0.875605864915997,1,0.747289218928182,23,34,-0.0630310701930542
0.0534481704235077,0.733734105480835,1,1.13693021159023,26,31,1.0180826518152
0.0839221416972578,0.709873671177775,1,-0.548451804832214,12,17,0.910078863843041
0.260373005177826,0.917201393982396,1,2.02035028216225,14,22,0.800084753210217
0.922129153041169,0.916126230498776,1,0.274796485591246,9,18,-0.823992053182208
0.526402823626995,0.180403532693163,1,0.143177641218863,9,24,-1.3300600229856
0.88558504357934,0.463146737311035,1,-0.515662390129471,12,19,-0.509515472392003
0.840249490225688,0.81814357987605,1,-0.521142784232814,11,16,-0.461423327132672
0.420954509405419,0.836755387717858,1,-0.283259450361351,14,21,-0.464332042646097
0.748244589194655,0.389737468445674,1,0.431956710839184,11,18,-1.05613174355275
0.548693763790652,0.505185975693166,1,0.747473971518116,8,18,-1.38024287379648
0.884602966951206,0.064734403276816,1,1.64562602473357,9,13,-0.261796650222034
0.227993783075362,0.00429068016819656,1,1.36289676154082,13,14,1.42629528602589
0.716470889048651,0.644488709513098,1,1.23410783049318,4,21,-1.545838079366
0.00906814518384635,0.792236352805048,1,1.1855966342534,16,17,0.970567007687508
0.243379798252136,0.195423732511699,1,0.473356143777677,18,21,0.606640092119616
0.814277713885531,0.553663645405322,1,-1.46996606427464,9,14,-0.919233657954008
0.324151281267405,0.571316922781989,1,0.0792429343268465,13,28,-0.633172703367015
0.385626987786964,0.644015276106074,1,0.109496360097938,9,24,-1.04962185139314
0.998410226078704,0.339644910767674,1,0.0474107132550733,19,29,-0.347988260160716
0.734431276796386,0.364937636302784,1,0.0148871861177812,3,24,-1.02042847245482
0.821096745785326,0.619090183405206,1,0.26018026965741,6,19,-1.11434206440281
0.0574196139350533,0.882487233262509,1,-1.00212749345269,21,21,0.946177710251706
0.0877261850982904,0.289668678306043,1,0.124991640956027,26,30,0.9723114549606
0.851734096184373,0.791045018238947,1,-0.833840256112128,20,26,-0.458577938142565
0.562792855780572,0.84495079354383,1,-0.23120541516627,9,14,0.0115953929023641
0.927774307783693,0.138942697783932,1,-0.941951647047768,16,21,-0.49667867224717
0.615527490386739,0.945914153242484,1,0.277159366852708,14,23,0.0947323697200016
0.556055899709463,0.213058630004525,1,0.929656374216052,8,19,-1.27186563547681
0.935836674412712,0.288979145232588,1,-0.248111843009022,10,18,-0.635806944508496
0.542680900311098,0.731781165348366,1,-0.673018405206233,19,23,-0.442660251769165
0.746066868538037,0.928517730906606,1,-0.966499946727345,14,20,-1.03771883861562
0.0716400521341711,0.482379860011861,1,-1.34494556440822,16,23,-0.554566646328475
0.342595117399469,0.695307437563315,1,-0.285931673681423,11,21,-0.599555988213743
0.37532873544842,0.891980385873467,1,0.548068187520684,15,20,0.464670006932989
0.245253715896979,0.391377710504457,1,-0.406392306744579,14,16,0.351116936021308
0.547440382884815,0.00269221561029553,1,-0.629667766715076,8,15,-0.847961771093375
0.496914379531518,0.0207421956583858,1,-2.01384511753753,13,20,-0.940658395165569
0.896504015894607,0.548906074138358,1,0.523279695942547,17,27,-0.539179470562918
0.44704817305319,0.131758446572348,1,-1.12734335750928,19,24,-0.452737420570445
0.423273191088811,0.124664663802832,1,2.0186213242799,8,25,-0.583350219445515
0.782488621538505,0.53387276083231,1,0.906175440004728,12,24,-1.29159289897348
0.705617930041626,0.998947934014723,1,-0.250950481256329,11,14,0.147349678553557
0.318088029511273,0.991016414249316,1,1.40022719541891,17,26,0.535098424472229
0.59797997539863,0.5809826774057,1,0.068660687607369,8,20,-1.1967784311631
0.151826603105292,0.824436702998355,1,-0.910065631998431,17,20,0.840961984451288
0.907707038801163,0.420434037223458,1,0.596515896403123,9,15,-0.387881919988772
0.0501877025235444,0.303336706245318,1,-0.289207673312857,19,21,0.326482800156781
0.349097162950784,0.232974119251594,1,1.75172337705888,10,20,0.150342566938834
0.0858390929643065,0.530114241177216,1,0.0424204742464677,16,20,0.128695551000991
0.80326679139398,0.560008236439899,1,-0.271256541762608,9,23,-1.04859787297511
0.777206191793084,0.0592633914202452,1,-0.732269977727336,9,17,-0.683977972177292
0.58835907233879,0.997278733411804,1,-1.69450775124592,24,25,0.40756815614558
0.322165979770944,0.806763609172776,1,0.830143806373273,16,18,0.64784905257595
0.75648867432028,0.750006515067071,1,-1.12564600985776,16,22,-0.949925168926075
0.0671035288833082,0.130317809525877,1,0.216065330611368,28,30,1.31510287299807
0.617840515216812,0.995132627198473,1,-0.267371334397758,12,15,0.105435089232693
0.944142187479883,0.960681748809293,1,-0.254298909162438,8,18,-0.629443115539722
0.736518657533452,0.737916182726622,1,0.11971566699938,12,21,-0.827541960212448
0.188444880070165,0.591898920945823,1,0.665832456447972,25,30,1.03801846820791
0.774634874658659,0.111680225934833,1,-1.05032649134807,14,22,-0.497054414154034
0.433793581323698,0.389765357831493,1,-0.161766169516098,14,18,-0.470905031555463
0.549692862434313,0.857090402627364,1,-1.07283827562076,15,23,-0.148229667826761
0.435234116390347,0.0314993129577488,1,1.26815115554901,11,21,-0.189943337666577
0.201668805908412,0.0931400100234896,1,1.0937364099389,8,12,0.57645083245531
0.702049260726199,0.258295708335936,1,0.25073812067487,13,21,-0.570049292502581
0.00289069814607501,0.0569637194275856,1,-1.39520677837518,25,25,1.46103766429268
0.726793906651437,0.939485284732655,1,0.827805266217309,9,18,-0.654862150977311
0.107242275960743,0.197067188331857,1,0.191252973822719,16,21,0.555949826421651
0.681376152206212,0.169349023606628,1,0.447260286207126,8,34,-0.8693523653965
0.947344891959801,0.400330914417282,1,-0.509371758624788,21,25,-0.38166070567439
0.838258001022041,0.928783985553309,1,-1.11717207248209,13,17,-0.513880783060074
0.568483203882352,0.933692034799606,1,-0.584014219561138,11,14,0.618621944610722
0.137400545645505,0.354752437910065,1,0.392458460886251,17,22,0.10139497303398
0.37247237120755,0.452950097387657,1,0.953384033140595,17,25,-0.224371061250523
0.494964325334877,0.578713668277487,1,-0.776693597389318,11,20,-1.08627966993775
0.782805390655994,0.161113107809797,1,-0.222234632093514,19,27,-0.416055806803186
0.335057446733117,0.695653414353728,1,-0.333898694545165,6,14,-0.248506646775559
0.00281385704874992,0.584474254865199,1,-1.07802239023519,20,27,0.00584203480865645
0.57456123852171,0.540980412159115,1,-0.0523501182499864,7,12,-0.985416693163785
0.958469111006707,0.0190281004179269,1,-0.333663093354114,15,26,-0.590281587073655
0.441727213328704,0.346455037361011,1,1.15942723261968,8,14,-0.276195006026983
0.695519553963095,0.800230652792379,1,0.156474153011217,13,21,-0.531332582767196
0.233311700401828,0.366902790265158,1,-1.42885580747147,18,19,0.0482177051349535
0.846122103044763,0.863646861864254,1,0.309717574443873,10,22,-1.16968445232971
0.804039554437622,0.287147496361285,1,0.778452074841706,10,18,-0.817733995867571
0.823309253668413,0.252382330596447,1,0.909748789146606,16,23,-0.262726348037752
0.827706902520731,0.34778389451094,1,-1.00815351612193,13,17,-0.187165088641539
0.345378301804885,0.250290826894343,1,-1.05489927276285,24,30,-0.123907172298277
0.975484094349667,0.158623731927946,1,0.105550476102128,12,19,-0.125388955503056
0.102024084655568,0.530652876710519,1,-0.316957704186729,17,25,-0.00361754537805631
0.902085437672213,0.696121731540188,1,-0.279358806882509,11,23,-1.1224521672652
0.974482498364523,0.885791708016768,1,0.0816211520669531,13,19,-0.872768966668171
0.21033591683954,0.688937757629901,1,0.930210046727319,11,14,0.149673338461694
0.718699380988255,0.914978123735636,1,2.03952050977681,4,15,-0.908504542978376
0.0116879683919251,0.7270971192047,1,-0.572570488801655,16,18,1.3974147188501
0.179647910641506,0.0716232326813042,1,-0.933497324300871,15,18,0.825863459925994
0.0665967757813632,0.705276584718376,1,-0.538859675963623,27,30,0.755548814688656
0.206214480800554,0.712171569932252,1,1.84389284849476,11,21,0.17069699195962
0.325669790385291,0.240130806574598,1,-0.705252031495138,14,16,0.098252138035866
0.773977369535714,0.707358232932165,1,0.835192532397629,11,19,-0.775460360836563
0.445059646153823,0.595316118793562,1,0.802197178534152,6,12,-1.37251313074789
0.113053716951981,0.302825338905677,1,-1.69606916316131,15,16,0.928013778728232
0.354827931616455,0.788552210433409,1,1.25798189942925,14,18,-0.0389102968841008
0.188476673793048,0.0768619696609676,1,-0.0647129653458575,15,16,0.656119001361284
0.628850144101307,0.751329763559625,1,-0.885770636982875,13,20,-0.342770749951367
0.271800627699122,0.176353270886466,1,1.18608622040763,15,23,0.56896397903571
0.165778416208923,0.614765234058723,1,-0.392379601559432,12,17,0.661945370120046
0.675091036362574,0.547768810996786,1,1.65146785410337,9,26,-0.369719495413162
0.266499179415405,0.858680692967027,1,-0.945442626789841,22,28,0.800324658460534
0.10790485702455,0.694978484418243,1,-0.579412454497031,13,14,0.87353735725359
0.0614412575960159,0.086776286829263,1,-0.231186897155374,19,21,0.971300731799375
0.051350869005546,0.799637186806649,1,1.43957576616025,20,21,1.34341941695736
0.374405110022053,0.269922738429159,1,-0.574580832852278,11,16,-0.151088122968005
0.510054179932922,0.0829982857685536,1,0.211780473872213,7,20,-1.04739664000952
0.486149447504431,0.0346072704996914,1,0.141966432117471,7,14,-0.637680637387984
0.592339345952496,0.600557305151597,1,-0.582854190386149,11,20,-0.931041867221514
0.98584034666419,0.647014008834958,1,-0.246103375332184,9,13,-0.134644668161565
0.979517430998385,0.679543552920222,1,-0.183651338627911,13,18,-0.777256839215941
0.122096749953926,0.610231578117236,1,-2.44855560593456,19,19,0.657947316741734
0.732695236103609,0.28311907267198,1,0.991024372619788,9,15,-0.389124492778946
0.469497840618715,0.747714171651751,1,0.748938873660464,16,21,0.0247017279646465
0.446148918941617,0.482735173543915,1,0.385804664821834,10,20,-0.864289272013942
0.0264332708902657,0.400661269435659,1,-0.312585974778932,18,22,0.107274366178127
0.414442185778171,0.370380436535925,1,0.850785902503942,9,16,-0.501545235397148
0.388103645993397,0.533010881161317,1,0.56801952656943,11,27,-0.943076806109786
0.959506228333339,0.22282997937873,1,-0.115681135338895,18,18,0.0106776042783109
0.521510454593226,0.584501184057444,1,-0.0805935400862044,7,16,-0.947289713854709
0.00509575102478266,0.840065899537876,1,-0.0814084949126197,19,21,1.10713574720179
0.431058374932036,0.851279163034633,1,-0.61635301781971,16,24,0.010862868667813
0.306639668997377,0.285067321034148,1,-0.148362471365445,17,20,-0.0849775423049619
0.630947043653578,0.475640882970765,1,0.216943964789915,10,15,-1.23368894755977
0.674431993393227,0.149647303856909,1,-0.0275876790305725,15,28,-0.871339992092385
0.663129548775032,0.867314446251839,1,0.0308219157757914,19,28,-0.343273904985732
0.00237852171994746,0.290585794718936,1,0.0115002566352398,15,21,0.34303015340656
0.661869582720101,0.168539551319554,1,-1.40679588370091,8,13,-0.640214209867144
0.80910276575014,0.191543874097988,1,1.27947442195396,9,29,-0.506534569451957
0.642328529153019,0.795549093047157,1,-1.2477146782119,22,27,0.0639446745242971
0.946484490996227,0.339045663131401,1,0.748528618460636,16,25,-0.264823537667649
0.538703006226569,0.973541687475517,1,1.29788702896104,14,21,0.35340058284504
0.500282184453681,0.759665766498074,1,1.77631991039492,11,23,-0.189396317714325
0.163870427524671,0.848604617873207,1,-1.45702614269439,17,18,0.718588174008946
0.427353309933096,0.0950080188922584,1,0.166725176694153,7,19,-0.578655035586732
0.25165833439678,0.480667213676497,1,-0.0231848006238608,15,22,-0.155000292725972
0.0758644954767078,0.694679717998952,1,1.07078441492484,20,23,0.948013921092544
0.348137276712805,0.840236749034375,1,-0.0761796929155633,21,25,0.551072498298443
0.299503641203046,0.779046418843791,1,-1.49448654048391,24,27,0.70172372995954
0.0341822921764106,0.702527570305392,1,-0.334904602325636,14,16,1.16529550938751
0.469839264871553,0.507374164648354,1,1.02088576922704,6,18,-1.15097436473913
0.85355656221509,0.201522678369656,1,-1.83171959985674,12,13,-0.2699179345174
0.147549150977284,0.538167897844687,1,1.20685254820684,11,18,0.0818866154895426
0.969297582982108,0.191511943470687,1,0.106658770264013,20,25,-0.0312615728331823
0.502427781466395,0.924802913097665,1,-0.99648791886917,19,21,0.461341556287394
0.206064244965091,0.926119863521308,1,1.04732757028472,24,30,0.699752708404075
0.166736112441868,0.923757631797343,1,0.766156375315463,17,21,1.11891892983127
0.947258740896359,0.350343860918656,1,-1.08820079527072,14,16,-0.102936194514052
0.809346728026867,0.249412404140458,1,-0.0170001714176029,6,11,-0.331427674672004
0.874632466351613,0.174458605470136,1,0.513125970778649,12,23,-0.59616736821278
0.679290842264891,0.561253492720425,1,-1.11366463868813,22,28,-0.677837788116009
0.778554848860949,0.251797445118427,1,0.841980772844428,9,26,-0.481164680907596
0.657474225386977,0.254547641146928,1,0.196109939769978,13,22,-0.734561265069034
0.740130545804277,0.505061130737886,1,0.560043536610974,7,16,-1.25838206027042
0.832951947813854,0.46333015570417,1,0.0463997896138531,8,19,-0.930616286495178
0.425343676703051,0.19765132619068,1,1.73300963899238,13,25,0.00884953744642284
0.971100934781134,0.743643968133256,1,0.129940776003742,16,27,-0.761266292024752
0.622543978737667,0.29511883133091,1,0.37444416354395,10,19,-1.25974695795791
0.74667879124172,0.777679115533829,1,-0.223614851305263,16,23,-0.443564527349686
0.909343779785559,0.462909299880266,1,1.51942231719335,3,15,-0.741865192624752
0.931495395256206,0.352913002716377,1,-0.490545959728334,23,29,-0.0837645845371982
0.509304681327194,0.0231935051269829,1,0.603715201059797,10,21,-0.681459632751894
0.772880458505824,0.811967953806743,1,-0.31085979379191,10,19,-1.05082993505585
0.543030528584495,0.0820457807276398,1,1.59814894691548,8,18,-1.43368901123568
0.363795354031026,0.603795472765341,1,-1.79651330100682,11,18,-1.12898612330093
0.175983116030693,0.0176737741567194,1,1.41327349883716,18,20,1.02959030006968
0.0491849763784558,0.0106273689307272,1,1.31772390862565,10,13,1.20989152592986
0.210928739747033,0.0943774275947362,1,0.525766773507765,21,25,0.68707753175016
0.241355133941397,0.529384668450803,1,0.0453945831227495,12,19,-0.279709892659968
0.312412439612672,0.332346227951348,1,1.24542320907911,12,17,0.0405438038655142
0.573919449932873,0.661078339442611,1,-0.0285320291763087,20,28,-0.110875103877637
0.92359786387533,0.625936583150178,1,0.898948418408616,12,21,-0.459716016306081
0.741425899090245,0.04558768379502,1,-2.2170371129018,20,29,-1.00200986831657
0.0429274823982269,0.0141256034839898,1,-0.58436268277444,27,30,1.37135581017172
0.900982856051996,0.404335955623537,1,-0.875337228338807,15,24,-0.195902337958172
0.405647320207208,0.984930293401703,1,-0.364826215251383,17,20,0.3432469787861
0.717506385641173,0.274673567619175,1,1.78923013182052,10,23,-0.497942745935376
0.431571331806481,0.612499092007056,1,1.0611701773217,9,18,-1.04109810926091
0.0816769613884389,0.634948810795322,1,0.0445161330754813,19,20,0.749942760510083
0.86634871782735,0.369819786399603,1,-1.16290020356181,16,17,-0.0918019636186667
0.981915839482099,0.647692648461089,1,-0.0734862323658941,12,14,-0.307431952060369
0.740405190037563,0.625197703950107,1,-0.0019743649707483,6,22,-1.21440655715765
0.0258839868474752,0.578821132425219,1,2.31252252186009,14,21,-0.0320941784690662
0.509127352153882,0.936441456666216,1,-0.171165550737188,10,15,0.240702043013851
0.153993554646149,0.299632170703262,1,0.682462357863267,20,24,0.578558848188114
0.584596088388935,0.195467197336257,1,-0.6207912457287,5,16,-1.57787417837754
0.386036709416658,0.65886933542788,1,-0.13766493116144,11,32,-1.12737261232399
0.665153301786631,0.262324809562415,1,0.101934561568575,11,20,-0.757163810786796
0.873573538148776,0.356960308039561,1,-2.64865524107432,17,19,-0.0826161832443914
0.0798050507437438,0.896741883596405,1,1.15753273620161,10,14,0.869194747026184
0.772927076090127,0.933980410918593,1,2.34537095700154,4,20,-0.745221807952107
0.781234517460689,0.590449894079939,1,-0.280874025317632,13,20,-0.985936191843701
0.522998302942142,0.770424387650564,1,-0.810310445674638,17,20,-0.231173060109736
0.362508581019938,0.681616519344971,1,-0.14997716225771,22,31,-0.616827192570932
0.733687678119168,0.432719873264432,1,1.03685330348567,5,17,-1.41645518461411
0.180118995718658,0.301839129300788,1,-2.29211186684393,18,18,0.377554115107112
0.465732657816261,0.895298077724874,1,1.13142333138745,7,14,-0.194985647063111
0.417071186006069,0.349019532324746,1,1.67133588371359,6,27,-0.71145660310956
0.468135184375569,0.253876942675561,1,-1.07291326716355,10,14,-0.576721867066366
0.0509682854171842,0.676003251224756,1,-0.942915516671078,21,22,1.05131811680148
0.124580032425001,0.221911310683936,1,-3.11378332935172,29,29,1.03070077218413
0.254504029406235,0.516971543664113,1,0.125190834621483,10,17,-0.327777594635852
0.117285603424534,0.832651711301878,1,0.435790604644004,14,15,0.565674142686348
0.358342598890886,0.0315863785799593,1,-0.375516123370248,15,21,0.855625558812238
0.598010597052053,0.759317093528807,1,-0.381617802041277,11,18,-0.492485720957856
0.498094253474846,0.599251489853486,1,1.03323179753367,9,27,-1.00192252549793
0.120608369121328,0.769594022072852,1,-2.17857329179803,14,15,0.639682307738458
0.55468479776755,0.43763581989333,1,-0.696505356859821,13,27,-0.392487212096758
0.860449032625183,0.872302775038406,1,0.444268187903287,16,29,-0.557511748851337
0.0752213927917182,0.519621326122433,1,-0.429317094969068,17,20,0.215411876554488
0.0626606154255569,0.788365884451196,1,1.03123077408022,18,24,0.961584652260045
0.0875421378295869,0.573795174947008,1,-0.823342672465268,19,20,0.44975739393074
0.190217202762142,0.175169623922557,1,0.0337322546745378,12,14,0.370226210968818
0.113270912785083,0.6499664101284,1,-1.27842254036904,16,18,1.03397438208695
0.333761350018904,0.521056950092316,1,0.297742802849914,12,20,-0.47066764863608
0.865056956652552,0.437070176238194,1,1.44127933968096,14,21,-0.185536843704949
0.753891607513651,0.647386748110875,1,1.11994819417205,3,17,-1.10873498191508
0.459492837777361,0.71174658369273,1,-0.616125511814,15,27,-0.592137386664898
0.944894784828648,0.117684090510011,1,0.71230025777892,11,17,-0.461472557202118
0.525755420094356,0.369780328124762,1,-0.309164144334053,14,24,-0.463168785779666
0.401668967911974,0.301734387176111,1,0.165337796334361,13,18,-0.310774360100228
0.0967330187559128,0.323127883020788,1,0.720035579621538,22,27,0.90116116396642
0.70237579010427,0.183985667070374,1,-0.273572674292585,12,16,-0.579421546037915
0.0841161697171628,0.377132397145033,1,-0.380056406898858,13,14,0.202514929951201
0.584759792080149,0.207710071001202,1,0.30081474952868,8,17,-1.31494701558397
0.6644802109804,0.572745559504256,1,-1.65447820994754,15,16,-0.0970993181750632
0.761303478851914,0.271229399833828,1,-1.42638682807252,12,20,-0.687212622546143
0.506552604958415,0.691483290167525,1,-1.08468209522264,12,12,0.484914773309523
0.490844667423517,0.115770429838449,1,-0.385748912519224,10,15,-0.672249052435404
0.747084424132481,0.375379010103643,1,1.72770467117567,2,13,-0.941084554222636
0.449868723750114,0.746614621020854,1,0.499941155744572,10,16,-0.478568028564912
0.940887218574062,0.881637746468186,1,1.3819268294151,10,26,-0.885689958016492
0.784037746721879,0.377882325323299,1,-0.966718507800631,15,23,-0.217348268760276
0.86474721156992,0.47061266656965,1,0.447931638542355,13,25,-0.725358083964234
0.26773599977605,0.330345601541921,1,-0.280191218982418,18,21,0.602115975179342
0.845308357151225,0.365301978774369,1,-0.515199534794028,14,23,-0.462444068115605
0.207708439556882,0.207963839173317,1,-0.0753078717941938,13,15,0.267797965313286
0.978287690551952,0.371672488749027,1,-1.76117675516421,14,18,-0.665537968177891
0.458388746716082,0.489905008813366,1,-1.28263301038023,6,11,-0.960881744730824
0.413630928145722,0.642784245079383,1,0.160734037914462,7,27,-1.22824871794272
0.917481370968744,0.234858412062749,1,-0.204343976028127,15,23,-0.415279707401878
0.553001831751317,0.58039977401495,1,-0.384708275595705,7,11,-0.843330194079298
0.743904507951811,0.579655495472252,1,-0.293474567138624,8,22,-1.21417180642002
0.723343130899593,0.276230245595798,1,-0.0903266078305512,13,21,-0.53565598284201
0.616798829752952,0.954064390156418,1,-1.5667543602781,20,25,-0.0931553416209683
0.917161472141743,0.968344492372125,1,-0.487900009873707,22,29,-0.407800841566465
0.544002855895087,0.351604724302888,1,-1.73564201054176,13,14,-0.511435502472771
0.511662701843306,0.981979112373665,1,-1.32420449375671,16,20,0.114430345169633
0.810445485170931,0.924849743954837,1,1.25954647640314,11,30,-0.574678063931202
0.934221978066489,0.787093127146363,1,0.461841119976103,6,15,-0.310076141060954
0.825240410398692,0.146658000303432,1,-0.767695335143804,24,29,-0.236421788248491
0.557433284120634,0.0359215810894966,1,-0.940244003213917,9,23,-1.68944697289991
0.794148556422442,0.537763871019706,1,1.19934975490794,4,22,-1.2650038395984
0.0227137361653149,0.413973412709311,1,-0.480647317172086,22,23,0.178404514605192
0.388574544573203,0.0404489818029106,1,0.673841705468619,11,18,-0.0657536119931057
0.228210326517001,0.257978858193383,1,-0.550516253106045,15,23,0.20434888050283
0.972170301480219,0.976009831996635,1,1.71208515403873,6,17,-0.76419291751184
0.574202179908752,0.442867098841816,1,0.545380987260582,6,23,-1.21612539126569
0.0857862348202616,0.475804771529511,1,1.62251494683497,13,19,-0.640953424496108
0.480299748247489,0.166555989999324,1,-0.57790536204976,22,33,-0.894942086217964
0.369030424626544,0.684398607350886,1,1.02487877711789,12,27,-0.745259451217972
0.54811512469314,0.503578556003049,1,1.3647803675997,9,20,-1.29143678926217
0.575814431766048,0.977406304096803,1,-0.207402482077984,14,18,0.164494070760513
0.589021511608735,0.027829141356051,1,-0.0101663562091208,12,23,-1.64494017646669
0.774205583613366,0.895036010304466,1,-0.0702039752488964,16,22,-0.502080800334767
0.881683135172352,0.568046110216528,1,-0.0787361089517373,9,14,-0.453204669869826
0.235537034692243,0.572246835334226,1,0.262635546621372,16,17,0.446769999732268
0.464537960942835,0.554108616663143,1,0.977191305105547,10,29,-1.18927519294865
0.865932371234521,0.945699903881177,1,-0.482938264616654,12,21,-0.579197124957174
0.209566686535254,0.388377519790083,1,0.798532221477892,17,22,0.503483017544455
0.110039226710796,0.988688119919971,1,-1.5907812293594,20,23,0.571118787156416
0.142922237981111,0.935034738155082,1,0.814535972289358,11,15,0.97116376931895
0.760055137332529,0.908463313244283,1,0.471914839140564,13,26,-0.668409158823334
0.831366410013288,0.120992877753451,1,-0.0138964999760687,9,18,-0.87199481698344
0.266433940036222,0.748990494059399,1,-0.160487488282111,19,19,0.300943483322668
0.214692941866815,0.772700095549226,1,0.0221156561918467,15,18,0.90239455009863
0.79306425107643,0.838654637336731,1,-0.63429372287023,12,20,-1.1902884687248
0.239726607920602,0.539137220010161,1,-0.544197325100304,16,20,-0.202292923772431
0.634200169704854,0.707248995546252,1,1.04543467260211,7,19,-0.873591812407725
0.581857508048415,0.0408969719428569,1,-0.181058944403323,5,14,-1.78999658254702
0.786006474401802,0.652278623310849,1,-0.319596111950196,11,19,-1.02612618584294
0.554564553080127,0.135128457797691,1,0.429233678771883,8,26,-1.69007340971216
0.167497356189415,0.846709919162095,1,-0.247981091884641,19,21,0.608030784293606
0.830957168946043,0.972832498140633,1,0.382808656569674,6,15,-0.567408997598291
0.766773855080828,0.414296582108364,1,0.361677746756437,7,19,-0.859519173373123
0.473188723204657,0.645158659433946,1,-0.148239804141869,12,17,-0.628464977685499
0.992219167761505,0.0942118789535016,1,0.0926523956000851,4,16,-0.906021885495081
0.353349284036085,0.433919669361785,1,-0.0616364287830576,14,15,0.0646778634986506
0.721749647986144,0.146501588635147,1,0.489031721438119,13,19,-0.45492514427812
0.257049108622596,0.321772749070078,1,0.671425106462785,13,16,0.610665293608082
0.187198785599321,0.421733153983951,1,-0.451874124113196,10,17,-0.181903305348653
0.928272009827197,0.583347717532888,1,-0.138595053375802,7,13,-0.695535953195504
0.0228328248485923,0.129565635230392,1,0.711337238242667,17,21,1.3362915361994
0.673990746960044,0.437358506256714,1,-0.819487266972999,7,12,-1.26572808813771
0.591939672362059,0.664148338837549,1,-1.8864934888108,18,20,-0.0813419554204908
0.222151150228456,0.16624220344238,1,-0.32751177207528,11,14,0.175889428379005
0.489360861480236,0.591272677993402,1,1.72072171813999,8,20,-0.874562062062625
0.558760733343661,0.863906576763839,1,0.377040099296914,17,20,0.1403696099973
0.12668048706837,0.126636033179238,1,0.239580080055187,19,25,0.666934796662344
0.400747105944902,0.429171434370801,1,0.554321896662695,10,17,0.145585001040994
0.796998553909361,0.760653886944056,1,-1.44980159182904,12,18,-0.843678672718382
0.892392160836607,0.518218579003587,1,0.130691674329902,16,19,-0.283974061706543
0.228214137488976,0.469535231590271,1,0.369259073811757,11,14,0.0782781543035809
0.561650495510548,0.78941701631993,1,1.40911703149488,9,21,-0.459114720035616
0.808641222771257,0.944144716486335,1,-1.30153122984165,20,25,-0.200903167772365
0.443399340612814,0.109817144228145,1,0.206003500140445,5,13,-0.532872719910534
0.3060662150383,0.218317048391327,1,-0.42247390443268,16,19,0.310587774550034
0.117291441187263,0.823818483855575,1,0.370620197062779,17,22,0.855884284788222
0.835616138065234,0.144671305082738,1,-1.03824244746244,13,16,-0.617777684502742
0.73325793328695,0.306183172622696,1,0.627032300125276,14,20,-0.232723916382579
0.489717780146748,0.417899166466668,1,-0.724953307572519,17,22,-0.462987161421044
0.0432791875209659,0.870427046203986,1,-0.335860637318953,19,22,0.73973058354402
