"s1","s2","x0","x1","y","z"
0,0,1,1.74829253000226,66,-0.15393261881416
0,1,1,0.507104334978357,142,0.217366914553585
1,0,1,0.11188138392788,94,-0.386745447923974
1,1,1,0.531308065012998,141,0.11297690862033
0.585239584324881,0.215116536477581,1,2.23486527948718,102,0.627828742215217
0.437393987318501,0.213256646646187,1,0.787823299559751,212,0.85572164863823
0.57289436343126,0.491911794990301,1,1.96180929315991,128,0.889236509763389
0.353213916067034,0.641657723113894,1,0.577520934033816,123,0.0491819742404953
0.861271401401609,0.739240328082815,1,0.142857200322582,213,0.405880217253698
0.410803579958156,0.0532835801132023,1,1.07212374662639,100,0.0673880356588051
0.511453253915533,0.876412640791386,1,0.46386486137354,190,0.454101373760752
0.154285229742527,0.887032180093229,1,-1.17609567254043,244,-0.124898737602272
0.851353050209582,0.697476739995182,1,0.929665865607562,164,0.566611283869202
0.996083338512108,0.567631730111316,1,-0.913281726463054,318,0.31119508786672
0.535167186986655,0.673463204177096,1,-2.52235952920662,865,0.515117173797583
0.434186844620854,0.0988641395233572,1,0.711098196479532,94,-0.0996119428823837
0.0795016081538051,0.430555298458785,1,0.896562942374095,30,-1.26420914705779
0.583211785182357,0.761257060803473,1,-0.873598062051042,339,0.47854106889481
0.522018939256668,0.553170513827354,1,1.54417765259996,129,0.61733786830632
0.780659068608657,0.414442030945793,1,0.175978409332274,163,0.155478288569164
0.47157733887434,0.977514925412834,1,0.130501750794559,182,0.262385609720788
0.808363400632516,0.122953325277194,1,1.00562235655082,77,-0.0867992892977076
0.640900628874078,0.990849308902398,1,-0.366292484690921,178,-0.163730829819999
0.780550708062947,0.168346826219931,1,1.43039562640497,81,-0.00636552423354576
0.574718370335177,0.378496852470562,1,-1.4398669106323,296,-0.0106330141211421
0.322705096565187,0.416709022596478,1,-0.164141024100575,122,-0.141025347755943
0.289040739415213,0.0172527157701552,1,0.911067040575489,86,0.0127935893419763
0.239890441065654,0.337741413386539,1,0.991729441236515,121,0.294201208595992
0.534583230968565,0.883095296565443,1,0.821796818172883,179,0.60262933895231
0.172504912829027,0.54874856909737,1,0.76910466643955,40,-0.886206152311653
0.260751785710454,0.745057102991268,1,1.37321560678096,56,-0.232956858684754
0.487882924964651,0.495365040609613,1,0.831566631412269,94,0.018187388759194
0.641865516081452,0.285835142247379,1,0.901396829912404,104,0.236646181359325
0.953958774218336,0.664505571592599,1,-1.14941293596035,306,0.0643572620076607
0.249055233551189,0.55354708712548,1,1.55767607834923,32,-0.575286140975916
0.741136099211872,0.886137654772028,1,-0.426845662211593,255,0.3098121182281
0.702920347684994,0.146686182823032,1,-2.0201791620323,277,-0.373103742047977
0.843025237089023,0.891238510841504,1,0.353006131970671,95,-0.275502894290347
0.37191313598305,0.635995766613632,1,0.501621062091327,159,0.208011725150689
0.0727473087608814,0.793336975155398,1,0.318771233769993,173,0.302912586730603
0.698806063970551,0.296709796180949,1,-0.133431475910277,113,-0.149614910271225
0.0395206133835018,0.211669863434508,1,0.657437004084222,80,-0.000442966040097898
0.376869803061709,0.682617371436208,1,1.51984012133304,96,0.230005010834189
0.501016690628603,0.268773805117235,1,-0.409265213370432,223,0.220212391976389
0.317213475471362,0.136673448374495,1,0.128982141243125,224,0.410366649788966
0.533992775483057,0.52137908549048,1,-0.50694936817494,317,0.501068460533025
0.460154939442873,0.636456111446023,1,0.953290393575837,97,-0.0794272570896176
0.349055570084602,0.525033687008545,1,-1.27897924658844,125,-0.771911506703371
0.975142756244168,0.207135693635792,1,-0.0920569559197664,118,-0.284766784990091
0.42251352686435,0.204614755697548,1,0.0295886369822856,331,0.844520020195717
0.890202947426587,0.378472895128652,1,0.937619854454357,84,-0.0574342226182805
0.60766190639697,0.558124614879489,1,0.467398081274366,165,0.391867097657194
0.933730663731694,0.0989892799407244,1,-0.33765632628584,228,0.114101471928726
0.0236892288085073,0.702592264860868,1,-1.99219818687506,204,-0.694509270388622
0.012359639396891,0.735925943125039,1,0.193951575958937,85,-0.514301299100147
0.78877872787416,0.756010408513248,1,-1.11176392718747,447,0.571941676670905
0.155084732687101,0.292593928053975,1,-1.0227771961582,335,0.282152370242839
0.361337382812053,0.266097083222121,1,-0.649637788200818,368,0.519702384218083
0.83934250078164,0.360513449413702,1,-0.0265905796441374,136,-0.154168101444263
0.0668611931614578,0.994925757404417,1,-1.11977974922578,237,-0.0777783114467591
0.0906787372659892,0.620414067292586,1,1.29305000960559,30,-1.19736607301165
0.00722270086407661,0.28999383491464,1,1.31235138423429,52,-0.454312844726984
0.585375699447468,0.990162041503936,1,-0.133174096567175,221,0.28270642176231
0.0608184824232012,0.566789273638278,1,-0.209921674782758,90,-0.480970546476942
0.389236166374758,0.28635574830696,1,0.353527228384434,285,0.754808196521208
0.0799667900428176,0.363042850513011,1,-0.568250534718077,65,-0.91783137506925
0.877252606442198,0.854135344503447,1,-0.340760724346155,204,0.147798868899453
0.178371420362964,0.215442295884714,1,-1.76306512956534,520,0.345425397758
0.0936111221089959,0.118641680106521,1,0.255641286867484,175,0.247775359012425
0.752487481804565,0.159205444622785,1,-0.834355972425811,253,0.0767524879469535
0.549475928302854,0.922785616712645,1,0.222524071558357,289,0.646289522770167
0.850278130499646,0.927411809097975,1,-0.521732414847824,142,-0.152524648491817
0.684672764502466,0.946109487907961,1,-1.51997584312178,425,0.362510022756227
0.945108131505549,0.562781575834379,1,-0.326916027527133,233,0.299409062771761
0.172358223004267,0.850031669484451,1,0.755681892215752,79,-0.326848015402991
0.364855728810653,0.768352961866185,1,-0.174166575157625,164,0.0310982789878401
0.458178540458903,0.919783875579014,1,-1.31288080860443,424,0.527659878775353
0.881574218161404,0.78248043754138,1,0.277042557120957,153,0.370095953658958
0.7569047245197,0.143089583143592,1,0.607883833424887,101,-0.0739589071741887
0.881244733696803,0.295360020361841,1,0.261772873518126,82,-0.392560964951409
0.029262475669384,0.769830108853057,1,0.888537203686765,96,-0.142957335618101
0.313824428711087,0.952742515830323,1,-2.08924175081106,609,0.400837259317372
0.180193107342348,0.582718298071995,1,-0.694832427231572,142,-0.560808560053275
0.736187188653275,0.829760206397623,1,-0.339988069868538,281,0.471471860293213
0.529010280268267,0.852544840192422,1,-0.939225716544788,297,0.147378830992253
0.447122525423765,0.208851464325562,1,0.744099754126065,283,0.968001278606287
0.358683181693777,0.347644239896908,1,0.0600288582971446,238,0.500492336219718
0.505168900592253,0.377883444074541,1,-0.276829273832866,167,0.0203160399086357
0.742177771870047,0.959908933611587,1,-1.00533741288117,269,0.134265106331938
0.16178880748339,0.524994582869112,1,1.43105897445667,25,-1.06652589123101
0.85671906801872,0.634693601168692,1,0.28713849374609,261,0.745010337360367
0.662061233073473,0.0581317786127329,1,1.22944145296543,123,0.279272749368557
0.498293742304668,0.017957468284294,1,-0.413826408340889,313,0.44944836076989
0.0819277975242585,0.992838795529678,1,0.625610109297945,110,0.0732867428604285
0.834070703946054,0.506717876065522,1,1.28259053271299,147,0.70252179982909
0.148599517298862,0.879315855214372,1,-0.207744930086085,175,-0.0368704395402027
0.283814761787653,0.790073170559481,1,0.349970265492168,84,-0.291499603132665
0.289606105070561,0.549725048244,1,-0.70992440098273,74,-1.01166742466286
0.507065117126331,0.3639900109265,1,-1.22417841848586,323,0.22258416333507
0.159504383103922,0.23352103959769,1,-0.491375144407409,475,0.900501679293727
0.502459565643221,0.0405763189774007,1,-0.062632262432222,291,0.644666561502549
0.715590710751712,0.215659338515252,1,0.626267074742652,143,0.285386004768602
0.537425804650411,0.348906440427527,1,-0.349852370415502,253,0.345556312611591
0.0563091211952269,0.570037955418229,1,-1.5265856198624,193,-0.600518853130016
0.537338212830946,0.976550143677741,1,-0.330289691951771,312,0.564803798974687
0.773131936555728,0.0334666073322296,1,-0.9705334079053,232,-0.116685591013746
0.729077185038477,0.129799984628335,1,-0.125368168035838,130,-0.24434045482818
0.891566954320297,0.68268488231115,1,0.301681189984906,214,0.509267272015076
0.342166928108782,0.827070205938071,1,-0.577835839404008,173,-0.187429219837291
0.391525531187654,0.163797590183094,1,-1.98400460523519,939,0.898635971714374
0.282616213429719,0.553531068144366,1,1.1340735419217,28,-0.88440095588659
0.469222543993965,0.0523257870227098,1,0.37210500093696,183,0.450485578961866
0.893763708183542,0.892510440200567,1,1.0393337526222,71,-0.193841401782885
0.477848038310185,0.0696797487325966,1,0.0898614817168651,293,0.727923340693251
0.706755362916738,0.933971958933398,1,-0.265703484028313,262,0.501624751947941
0.512194699142128,0.633679288905114,1,-0.11248367092498,301,0.648066614101017
0.317545156693086,0.155230734497309,1,-1.56779833568107,559,0.550331984734617
0.200632676715031,0.774498279904947,1,1.83510863657268,41,-0.29051882457119
0.57681222516112,0.00569893722422421,1,-2.35757430934507,1082,0.86564963580945
0.0608574533835053,0.460579157108441,1,0.692985855682021,43,-0.747425811483999
0.83640744490549,0.335965611971915,1,-0.584042187288356,185,-0.00778126134305807
0.682161344913766,0.469413991319016,1,-0.295861795478838,146,-0.0450698975344587
0.991879579378292,0.0605410223361105,1,-1.35971466596036,166,-0.660142380154793
0.704741197405383,0.453904837137088,1,1.55355576937766,52,-0.2765441055649
0.0830904291942716,0.709009835030884,1,-1.04110591153301,122,-0.578031655864983
0.252970187459141,0.701193663990125,1,-0.814211828020293,147,-0.368921241878652
0.131340872729197,0.244006878463551,1,-0.782740706114712,374,0.571205149568299
0.36619756440632,0.702951190294698,1,0.310701040146605,174,0.363135029780915
0.19962832168676,0.591724252793938,1,-0.967054352937046,110,-0.697112320625651
0.378987129544839,0.83389024133794,1,-0.811578541444814,332,0.343468258257849
0.827068888116628,0.818759872810915,1,0.578866845374082,209,0.573843331194694
0.375533932121471,0.165239088470116,1,0.142745433222152,279,0.686247959636036
0.484645428834483,0.305236170766875,1,-1.86849341550144,780,0.689650396810022
0.157340733101591,0.367849269416183,1,-0.967018759340577,80,-0.844027446248123
0.160378374159336,0.947576606879011,1,-0.442764979344578,232,0.160386848800118
0.845951499883085,0.12225239048712,1,1.05412882388843,50,-0.389425432544205
0.955301979323849,0.222142930841073,1,-0.00952976121763828,104,-0.312400107766612
0.0586672571953386,0.737072877585888,1,0.717999050759712,70,-0.238952321929657
0.017341858940199,0.79774413513951,1,-0.0729813568385469,143,-0.147132650972983
0.200280048884451,0.754823458613828,1,1.55061305307487,55,-0.0619148502591527
0.69223952665925,0.615953631466255,1,-1.38781945493287,576,0.607761859486955
0.294724490260705,0.71186455199495,1,-1.17814638319025,246,-0.15267151272094
0.0602605703752488,0.0158571756910533,1,1.65401906750753,67,-0.123886873856468
0.670819393591955,0.295801839558408,1,1.85184045474595,72,0.353408561681996
0.56819901173003,0.0207277601584792,1,-0.864735034462556,361,0.497639678290998
0.22177306888625,0.316767199896276,1,-0.469983111192144,219,0.221765940869085
0.600916540715843,0.0124639386776835,1,1.44181825660183,174,0.81878787372213
0.0427673731464893,0.721543310442939,1,0.961595382535779,71,-0.233037119318976
0.398734842659906,0.402836288558319,1,1.1063039426893,99,-0.00468853249123238
0.394735038746148,0.787710804026574,1,0.619210943257141,82,-0.22772746860985
0.410581241361797,0.0616289123427123,1,-0.630275279517007,210,0.0491785139852795
0.272249496309087,0.769608208211139,1,0.890046311209144,77,-0.248029301688231
0.880396727006882,0.219771131174639,1,1.35753176921639,51,-0.648712763732265
0.375504527939484,0.552905269898474,1,0.428162759191558,56,-0.510584928316349
0.331766403513029,0.229943281039596,1,-0.431995716939444,250,0.280593136641395
0.494046566076577,0.859617422800511,1,-1.78649515547865,404,0.1157229030068
0.549403255805373,0.979789917357266,1,2.13851213798768,102,0.690199201635075
0.814772581681609,0.411091039888561,1,-0.719183986070159,223,-0.0087730725756706
0.382811630843207,0.779617610387504,1,0.989216966593202,88,-0.0381030506151747
0.187897823983803,0.914471290074289,1,1.7164637912066,87,0.149278444019623
0.123239855282009,0.427899023285136,1,0.448343860824798,35,-1.22258531490861
0.286786079406738,0.393239231780171,1,-0.170075811136705,151,-0.0277433535490623
0.103751680580899,0.0291545104701072,1,0.923472351271052,127,0.0954290174166578
0.651004994288087,0.300595065811649,1,1.03491003644103,76,-0.0833930953679691
0.89787830831483,0.0488423078786582,1,-0.456176798699683,196,-0.0089115412881829
0.577752270037308,0.223203744040802,1,-0.468006131996078,439,0.864624800786664
0.538193064276129,0.773082718485966,1,0.56446449136159,129,0.0427824110437407
0.671047493349761,0.659137048292905,1,1.2920699280039,225,1.09837328878885
0.925265384837985,0.5292652992066,1,-1.47415330067967,502,0.424131516772546
0.505110798403621,0.249087538104504,1,0.323713334852539,209,0.537986808907551
0.61341140861623,0.0849593474995345,1,-1.47606962938704,513,0.581050693983653
0.784871286712587,0.848236022982746,1,-1.43516638555429,461,0.42385106427394
0.256441603181884,0.41686531691812,1,0.574849903922729,87,-0.237366915094752
0.281194822397083,0.918746770126745,1,1.37384655547683,80,0.0656237446101579
0.732521442463621,0.612133050104603,1,0.463176256304709,359,1.05749485171648
0.151114536682144,0.991695079952478,1,-0.23143986993447,179,0.142485946033508
0.549974082503468,0.12299882248044,1,-0.545595548637145,346,0.630073182959996
0.879145848099142,0.426846749382094,1,-0.0675185188559442,170,0.208057987293531
0.692887980258092,0.0382296170573682,1,0.876747833452184,86,0.075305959858574
0.960070883389562,0.548278118483722,1,0.583126980852622,142,0.338277793680404
0.71137757319957,0.151741119800135,1,-0.929398041262811,201,-0.233641976897427
0.404854422667995,0.332707377383485,1,-1.42518279598474,508,0.568341093955273
0.184498710092157,0.466115493327379,1,-2.63399507697515,313,-0.633002201196003
0.540559605462477,0.639777915785089,1,-0.898195048762992,612,1.02943632948084
0.304598884191364,0.83219798002392,1,-0.943027725474969,191,-0.2554188474188
0.429785192944109,0.494120001792908,1,-1.35502264956853,179,-0.446409446430022
0.548886994365603,0.273625732399523,1,1.08063965470773,110,0.232387222492599
0.430109075037763,0.839080768404528,1,1.7372442742459,84,0.395423532141502
0.620102677261457,0.968193723587319,1,1.32427840620421,65,-0.276390578056425
0.136157694039866,0.827079051639885,1,0.329774015838913,126,-0.0155711695635727
0.473658902803436,0.0685304796788841,1,0.149939361566723,245,0.597008149920847
0.446743039414287,0.0603945038747042,1,0.993050600176504,149,0.550742887095267
0.129147979896516,0.447656246135011,1,-1.0979544779968,72,-1.20878421573559
0.855863134842366,0.750248421682045,1,0.413123368263652,133,0.214026857199003
0.419101450359449,0.986605222104117,1,-0.171182640806942,212,0.262572896418017
0.473736513638869,0.357425420777872,1,1.73994223696509,59,-0.0516063495239203
0.0502933328971267,0.101569291902706,1,-1.12353958448369,288,0.154773697551073
0.930313592310995,0.547242916654795,1,-0.0562120275037275,231,0.369110680843171
0.579063182231039,0.511499378364533,1,-0.829830609425206,566,0.904624011676341
0.463223817991093,0.993209039559588,1,0.312518204125997,117,-0.135727801710596
0.422481833491474,0.410813787719235,1,0.765118268526446,121,0.134382548324697
0.811129030771554,0.954048799350858,1,-0.364700987297406,205,0.0578550146419926
0.545944744721055,0.336703525856137,1,1.80157054713106,60,0.182290612128646
0.983065962558612,0.0101558438036591,1,-0.627388536220802,184,-0.234851181031413
0.137135699624196,0.672755908919498,1,-0.745211314775549,82,-1.05177445480506
0.338066920638084,0.952925618970767,1,0.164035789045664,242,0.544923406995979
0.623554806923494,0.73642511642538,1,-0.755105755563632,478,0.745309730387938
0.8426309581846,0.0349525620695204,1,0.15208025942928,171,0.140303233226082
0.0850880178622901,0.323976677842438,1,-0.989944086606947,153,-0.421636512943474
0.369732352904975,0.530640638666227,1,-0.804128893043797,112,-0.613494256862671
0.71102620032616,0.957424667663872,1,0.137147758657294,118,-0.0460387903389158
0.239453627495095,0.942892733961344,1,-0.338737506686916,187,0.0884624439301815
0.117156211053953,0.506107351044193,1,1.69367163383715,21,-1.35972135178034
0.467598401010036,0.511576128425077,1,0.739138068665975,150,0.307923147813179
0.33921656338498,0.767833572812378,1,-1.14733799083489,272,-0.0633182236715871
0.886337694479153,0.759344311663881,1,0.131026562828365,152,0.298710192139831
0.338251407723874,0.996686066966504,1,-0.430716175252798,420,0.8449172781455
0.032241991488263,0.540900940541178,1,-1.25472231905112,156,-0.567450265694165
0.439469361910596,0.369554211618379,1,1.58998580717213,100,0.360066671797388
0.614294145256281,0.504725564504042,1,-1.57828719586912,555,0.568879557951014
0.533920794725418,0.315688570495695,1,0.647773780970111,159,0.299774080521153
0.632323243189603,0.943051692796871,1,-0.712962455573652,240,0.100278102227212
0.946564826183021,0.325714692939073,1,0.192840364111661,126,-0.234155995842564
0.656001413241029,0.966440906748176,1,0.583089826914537,144,0.271849546059647
0.271601510467008,0.103043259587139,1,0.70643234214164,195,0.605318968829033
0.844849080080166,0.81326419301331,1,-0.218524247324648,229,0.303234175782246
0.242590231122449,0.0437716036103666,1,-0.163878799999066,199,0.254895634671676
0.845459789270535,0.778298127697781,1,0.0484453502399382,236,0.549832432584462
0.29215996270068,0.0354393855668604,1,0.116816476667026,113,-0.175602057764793
0.243661149637774,0.12102054269053,1,0.0757500275662212,343,0.907752826923104
0.712133527733386,0.0422511931974441,1,1.83251866283061,48,-0.307574252991627
0.713385892100632,0.157436321722344,1,-2.14287029550552,413,-0.115747858998673
0.304716088110581,0.314963745884597,1,-0.721709328545162,243,0.207566717448262
0.837473258841783,0.748509193770587,1,-0.996914036260019,439,0.552955363988617
0.35240217205137,0.76906431117095,1,-2.11110239173534,461,0.124901374244903
0.130493205273524,0.682568239979446,1,-2.30330105432937,204,-0.80484585414571
0.62545229261741,0.526246771216393,1,1.07516187257784,184,0.719646783479569
0.0626919872593135,0.0538925661239773,1,1.2952625503183,67,0.0370937907691498
0.408971024909988,0.842314381618053,1,-0.100552315869565,260,0.513808507950347
0.652947819791734,0.71760202664882,1,-0.650226903000859,609,1.00934297723242
0.0234481990337372,0.982229099143296,1,-0.782990675503745,388,0.541251899387402
0.752010341733694,0.270365122472867,1,0.131920686287988,143,0.0817474682785583
0.347129488596693,0.568150925915688,1,-1.53050880667064,242,-0.323602206591985
0.566774086793885,0.0140545323956758,1,-1.73862242730055,755,0.743126966764765
0.168448795564473,0.134234828408808,1,1.67539641735836,70,0.0697209360451564
0.763142926152796,0.856988485436887,1,0.462658834617142,141,0.283024861564648
0.699063140666112,0.31970778782852,1,0.797628190519777,102,0.098313618830615
0.398277483647689,0.791692397091538,1,0.527017345574714,84,-0.271255048918018
0.796474039554596,0.417777464957908,1,-0.648866223360574,263,0.16903344251981
0.448914375388995,0.231870606075972,1,0.476880462143858,328,1.07452403256646
0.797455811174586,0.619422883493826,1,1.15393225173387,276,1.27769976841455
0.00639365357346833,0.347739009419456,1,0.629700799180097,41,-0.821123663891707
0.00180004700087011,0.265528797637671,1,0.243943587361169,80,-0.48846187898378
0.229855364887044,0.990755072096363,1,-1.10492954089086,387,0.412575308050597
0.469322985270992,0.24929871596396,1,-1.07709886680379,533,0.73543059355814
0.400478309951723,0.385611414210871,1,-1.99101643097784,652,0.474377712914108
0.123838467989117,0.0542411427013576,1,-1.81083013569035,418,0.134584858721016
0.885757278650999,0.543186510913074,1,0.859888824565583,238,1.03761357307884
0.972322069806978,0.287499187048525,1,-0.260263447270702,169,-0.0400067507145283
0.205618310254067,0.763555579585955,1,-1.02015171758198,198,-0.373406212921773
0.511233361670747,0.436876862077042,1,0.139818532180598,149,0.0167388187395476
0.85349595034495,0.397634614491835,1,0.518850441430091,115,-0.131991377276823
0.0233755423687398,0.476410427130759,1,-0.0046037547804635,52,-0.963324065087812
0.514575836481526,0.32697238936089,1,-1.10765632564242,456,0.543457451285351
0.427525202743709,0.976042876951396,1,-0.609786248049389,266,0.307875134310768
0.172013746574521,0.678123302524909,1,-1.73819171752428,177,-0.736757864432594
0.684331213356927,0.466054649790749,1,0.464647141530926,117,0.0274724224066167
0.372025216696784,0.0233527603559196,1,0.727294669329168,123,0.017365347042572
0.702056580223143,0.491249900544062,1,0.418597894413625,245,0.757835776163909
0.615502809872851,0.36242470308207,1,-0.415271204200028,174,-0.069470105672222
0.483205195749179,0.244695842964575,1,0.167527589856618,291,0.772289806105767
0.944151245756075,0.130656560882926,1,0.551727660776004,79,-0.410755377629751
0.382077306974679,0.67568514472805,1,-1.3882060520637,338,0.0968164124000776
0.424507283605635,0.204158190637827,1,1.86677871668844,120,0.743439051528301
0.538219758076593,0.0577229221817106,1,-0.223650242456057,332,0.715366028880526
0.722718024393544,0.943595997290686,1,0.55367468629485,212,0.567877457416772
0.156970663927495,0.351176126394421,1,-0.317524944361818,100,-0.627535759592139
0.173852182459086,0.202226981753483,1,0.926160629165519,115,0.287950054068839
0.9623715239577,0.00916080945171416,1,-1.74896102062617,279,-0.205179388577218
0.859098959947005,0.645256813848391,1,-0.0351164237016645,269,0.479796997891845
0.222217257600278,0.0114901789929718,1,1.28692128530671,59,-0.139173365195204
0.686659883474931,0.100722320843488,1,-1.39795712366508,305,0.0934921273986619
0.0595200923271477,0.141419992083684,1,-2.17226503543928,468,0.0425222398815141
0.305511855985969,0.812191111035645,1,0.0406605092702677,119,-0.141778209155053
0.663804131792858,0.216072279494256,1,-1.42080239643887,312,0.00222043403407408
0.820612795650959,0.111201198538765,1,-1.86117351217016,358,-0.142797210432751
0.750599613646045,0.188685748260468,1,-0.892435209094813,344,0.325593963931939
0.993525759782642,0.420961905270815,1,0.534184455356641,110,-0.160395577337454
0.676705103833228,0.130632951157168,1,0.278320657885977,132,0.205043664019173
0.778146053664386,0.490379174239933,1,-1.20838009460136,520,0.657111412645112
0.838797916192561,0.145592867396772,1,0.378876906321116,136,0.112949994460167
0.32446442800574,0.313377309124917,1,0.916237312017796,155,0.486649099415868
0.027846175711602,0.706972744315863,1,1.1297812977291,46,-0.655813307146791
0.629444263176993,0.658465602900833,1,-0.603359320336382,371,0.639470834346117
0.104682205244899,0.186002293601632,1,-1.68109534435451,631,0.647636523369933
0.550260745920241,0.387124564498663,1,0.373473749209665,101,-0.146562553372538
0.214274439960718,0.283306917408481,1,0.850530869449664,119,0.391815228587954
0.327754674246535,0.231752288993448,1,-0.479739238170864,272,0.344073378971676
0.25437739957124,0.572507422184572,1,0.131294236745926,97,-0.38659275999094
0.240732291247696,0.114375249715522,1,0.45187960736119,211,0.642234182204728
0.960676076356322,0.866244469536468,1,-0.864067775137461,224,0.0789878792035047
0.205398446181789,0.814020982477814,1,-1.21777556465521,228,-0.249071832522697
0.202031223103404,0.510146165499464,1,-0.825843872240213,117,-0.713443327170183
0.374897075351328,0.0497714788652956,1,0.333386045395574,112,-0.169966652683457
0.329432902624831,0.636883554514498,1,-1.53435626402616,303,-0.0651243164476151
0.545549653237686,0.0494226247537881,1,1.01142416284934,223,0.916615567444766
0.685432964703068,0.146329304436222,1,-0.295152153141945,188,0.0627579666213631
0.372181295417249,0.188480941345915,1,1.11952373043172,203,0.883391530186794
0.380825514439493,0.872322385665029,1,-0.0727488243200335,229,0.485624053211987
0.147098914952949,0.482703670626506,1,-0.67247213292448,58,-1.36148650709065
0.209133475320414,0.287042775424197,1,0.28907558155898,136,0.10439713834499
0.725818325066939,0.976352613652125,1,1.10740617614168,91,-0.0657417951948668
0.0571780013851821,0.0347516464535147,1,-0.171674082776203,140,-0.0509262557003162
0.419498346047476,0.968725481070578,1,-2.99282742430408,1111,0.503544485823092
0.0107673152815551,0.569633229635656,1,0.567847697918897,56,-0.66440963876773
0.584065664093941,0.486174249323085,1,0.260671588481123,186,0.428751176374506
0.0940074636600912,0.260143736144528,1,2.53629837374484,67,0.341333750902135
0.666373831918463,0.820042884442955,1,0.397731515535669,248,0.599084726007255
0.32605712255463,0.531982433516532,1,0.979980341645058,42,-0.707787431578583
0.434605320449919,0.421416010707617,1,-1.7038238657672,460,0.335427040087835
0.560665627242997,0.924540932988748,1,-0.480456855363284,305,0.484631257876327
0.700002654921263,0.0498976989183575,1,0.37415677566926,101,-0.265835054948342
0.0388320004567504,0.582816111389548,1,1.01067944865592,45,-0.507293778332066
0.913806001655757,0.616474467562512,1,-2.32990971950438,656,0.372205372369044
0.878507304703817,0.53103183885105,1,-0.502043282973324,498,0.94495421221316
0.528053681133315,0.274044391931966,1,1.76928396159414,63,0.146192799468518
0.805278781801462,0.951310104224831,1,0.797635102807082,96,-0.086960341590331
0.236034845467657,0.616078102728352,1,0.439910411844914,93,-0.2766373054118
0.96084712841548,0.400581531459466,1,-0.23029548522088,134,-0.170012667722875
0.488426526309922,0.832419145619497,1,0.108218923578436,122,-0.140936317837266
0.293544963933527,0.68763385922648,1,1.19173454892026,48,-0.3945319558109
0.577322466066107,0.956540881190449,1,2.54191101767205,51,0.288028184178722
0.925384185276926,0.328209292609245,1,0.328060160677217,97,-0.209847109293686
0.238914224551991,0.00601365510374308,1,0.756423698945433,60,-0.206996611846853
0.74672701722011,0.307939667953178,1,-0.606043270177399,212,0.0215300110928434
0.158689673291519,0.240291034802794,1,0.633202277292952,256,1.02831548166491
0.713012676453218,0.251101445872337,1,-1.69097156517831,387,0.0177082005699308
0.139859884278849,0.927338787121698,1,-0.886256690011635,364,0.447268134003148
0.331281054532155,0.148882641922683,1,0.935566026968029,181,0.683575607958228
0.615416389890015,0.588778846897185,1,-0.310112809096321,351,0.609912180253606
0.0931303277611732,0.509863029699773,1,-0.713051832078664,74,-1.10917882539231
0.932181470794603,0.149222673848271,1,-0.0304140774971598,121,-0.411640096696511
0.880714500090107,0.31587808066979,1,-0.946729995787832,201,-0.147689673891157
0.22264916356653,0.811496366048232,1,0.723678395335116,107,0.0602998974289198
0.807930962415412,0.780814682366326,1,1.00319113451114,177,0.677531016184364
0.0826671714894474,0.826289386954159,1,0.858938032266871,120,0.0929644581301917
0.456232497934252,0.0377140026539564,1,1.27574432788756,100,0.3635641730003
0.770889951381832,0.815808188403025,1,-0.133410355561384,200,0.266361031937246
0.174168430501595,0.972749089822173,1,0.297693242818126,188,0.398227646871809
0.679324725177139,0.105565982870758,1,-0.52236784961269,244,0.170316912049692
0.954795057419688,0.63839822798036,1,1.11642850739298,123,0.440292289997741
0.284197192173451,0.341766965109855,1,-1.99426430391655,469,0.0784982414836245
0.742291351780295,0.613753078738227,1,1.50471045308963,243,1.1981868979706
0.191613886039704,0.703103816602379,1,-1.30965413057248,130,-0.665253746539975
0.209516601869836,0.487113653449342,1,0.69015440461925,70,-0.466163186867937
0.466911542695016,0.981758954701945,1,0.423202670928854,119,-0.0542021356651038
0.138134937733412,0.0777061097323895,1,-1.25090265394557,305,0.13677879033565
0.110512499697506,0.876164098270237,1,0.517670515276442,136,0.198278371955597
0.481839401181787,0.0718579303938895,1,-0.375120738780938,301,0.498998131954151
0.712778583168983,0.977922830032185,1,-1.10276706568163,169,-0.380277613345672
0.904919973807409,0.584946773480624,1,0.493345613178318,178,0.414355786049945
0.525055886711925,0.270647484343499,1,0.127734865048667,138,0.0144537292595837
0.836305003613234,0.477235053898767,1,0.258091223215557,144,0.102605481948496
0.416226897155866,0.813879967201501,1,0.220191876249889,164,0.212581986880125
0.32609613914974,0.766230266075581,1,0.465084871202993,106,-0.135077796863534
0.985293076839298,0.991990029113367,1,-0.242165778936143,144,-0.175551903485379
0.000569708412513137,0.708970972336829,1,0.695550922575537,61,-0.465268206291342
0.187311249086633,0.916115940315649,1,1.36634400209524,87,0.150360786379079
0.359790788032115,0.689644213067368,1,0.218737602072382,207,0.464980057006221
0.52069577970542,0.801204753573984,1,-1.99548452797015,470,0.0808323757923344
0.277293013175949,0.198627089383081,1,-0.589060020900301,210,0.133173559144126
0.863583258353174,0.477026690263301,1,-0.0644440402018698,192,0.285872786149482
0.749409407610074,0.608109979890287,1,-1.11276992215211,942,1.29517233839474
0.857419361360371,0.942008352605626,1,-0.507453998144789,165,-0.197730305045232
0.929935275577009,0.378162877401337,1,0.677596836529945,93,-0.166375186996065
0.454762345878407,0.499310570536181,1,0.275687048487914,123,0.0589615871455228
0.312103438656777,0.442765468033031,1,0.187145942026516,109,-0.156693207949841
0.683306931285188,0.0162279028445482,1,1.06530641608003,110,0.309560885503429
0.830020167166367,0.972084526903927,1,-0.996461622386489,244,0.0287360194126906
0.744244200875983,0.222121989587322,1,-1.23612206792863,254,-0.0298430490259094
0.309926885180175,0.499752917326987,1,0.4111242292206,48,-0.789590287399888
0.773902842076495,0.155185096897185,1,0.135841116225287,156,0.367571655795084
0.168517233338207,0.158854111796245,1,1.17797836266442,103,0.213165640049244
0.389540763804689,0.941835229750723,1,0.34125484522662,223,0.56028659799584
0.577678815927356,0.643783185631037,1,-1.47333322562491,802,0.950710157924662
0.423280968563631,0.980406950460747,1,0.0740307591696291,152,0.0906451115845109
0.239850081969053,0.840749493567273,1,-2.19411636738693,443,-0.00253311328274439
0.439286460634321,0.681917069246992,1,0.659320446859773,87,-0.168848733662783
0.637563657946885,0.325204856460914,1,0.205034782952928,112,-0.156040706022274
0.786105057224631,0.450283212354407,1,-1.39376983594157,418,0.27464039914528
0.574932639719918,0.987920732004568,1,-1.13273924811335,438,0.48105233678106
0.82385435840115,0.169826533878222,1,-0.245485232636633,164,0.0710061362970654
0.137775035109371,0.864059121813625,1,0.0852684267440405,124,-0.226862857612632
0.712240257533267,0.519885786110535,1,1.08267317205541,197,0.832894184668538
0.141614794963971,0.338695651618764,1,0.470386248948577,96,-0.364410110699564
0.223196918843314,0.205372344236821,1,-0.720087226594274,195,-0.188894877408149
0.31993199326098,0.853014260996133,1,-0.151706465408373,180,0.143707071654425
0.249467200599611,0.756799501366913,1,-1.13181975602728,290,-0.0382714073496264
0.0214139176532626,0.0466399765573442,1,2.2653189327166,60,0.174869205680098
0.622375186998397,0.611598801799119,1,-0.548897103139182,423,0.712620460532041
0.479298390913755,0.0820469523314387,1,1.20378277991106,125,0.335226207094121
0.904934883117676,0.901565159903839,1,-0.306020113056961,123,-0.459977518727079
0.0586286534089595,0.773103199200705,1,0.837211772525438,156,0.529319182074874
0.379113983130082,0.605447970796376,1,1.23231803873637,93,0.183466602777259
0.414970094803721,0.442700776038691,1,-1.1590572392701,353,0.274127037604891
0.0636161698494107,0.691513115307316,1,0.637948077662365,40,-0.831800887531425
0.680320592597127,0.950466081965715,1,-1.51144018776453,489,0.344641702421249
0.502017310354859,0.213443722110242,1,0.332811762893933,275,0.861355348581601
0.0351220804732293,0.471535161603242,1,0.105732479016467,67,-0.791186428881771
0.750122513622046,0.450449702795595,1,0.328882378131434,194,0.416530152112057
0.957258879207075,0.574499141890556,1,0.923014193969468,123,0.326434549116703
0.753321622265503,0.242808086797595,1,1.76487093314508,79,0.186492479390033
0.991332024568692,0.393363864859566,1,0.0938148274805595,125,-0.0643617767480264
0.763414964778349,0.947284003486857,1,0.861753568779894,97,0.109878241721452
0.531137795886025,0.893917165929452,1,-0.240831244459253,283,0.680006101568959
0.557043363340199,0.884901667945087,1,0.536200862161107,138,0.148110266905861
0.586129799718037,0.61633844464086,1,-1.54116793844144,855,1.00145607287286
0.345442978199571,0.785428284434602,1,0.433135716692227,159,0.244280767863872
0.39442862290889,0.870736526558176,1,-0.620080868940532,310,0.407639513272803
0.17718952591531,0.278585725463927,1,-1.42929074399679,353,0.222542443131536
0.149132983060554,0.257789395283908,1,0.435284662323773,191,0.509657554054772
0.462417646776885,0.0821524173952639,1,2.02628263975894,73,0.305655615750546
0.547876392956823,0.153899463824928,1,-0.188601201555145,262,0.617896759509303
0.157790436642244,0.242822807049379,1,3.06139412477287,87,0.91847709001634
0.359115446917713,0.326233477331698,1,-1.39060024276426,477,0.450367495489105
0.582920433953404,0.901214064564556,1,0.179682862319209,162,0.31404268355657
0.10186792910099,0.990621034987271,1,0.329382796841508,106,-0.108922753388245
0.126314585795626,0.296055478975177,1,0.676990367546222,114,0.132335906827759
0.14148860774003,0.917773219523951,1,1.50782908689535,105,0.35070738052833
0.413761138683185,0.0979928993619978,1,2.04377911943882,55,0.00933532700413988
0.702617534203455,0.564009506255388,1,-0.0397065090714484,288,0.645585824662521
0.229760863585398,0.553360420977697,1,0.434546731262851,47,-0.698087986133838
0.818825132912025,0.856402995996177,1,-0.372703227099981,204,0.253504160440424
0.499117949744686,0.34448922239244,1,-0.462561522867323,334,0.583642441462921
0.221265925560147,0.119692207314074,1,-1.30008625118247,480,0.521877972643676
0.299251778749749,0.42338108504191,1,-2.43304518477933,359,-0.3436120851258
0.821729764342308,0.48774013062939,1,-1.24064948785675,277,0.0257031498263574
0.266041992465034,0.586486759129912,1,0.558029516238044,69,-0.356974937085892
0.0295760000590235,0.96550475154072,1,0.588052056033228,240,0.71633613004435
0.183742825407535,0.958122513024136,1,-1.59282875896054,395,0.150229405513262
0.275706672575325,0.82107715937309,1,-0.21133646020838,125,-0.212251431320724
0.0893449096474797,0.0898298188112676,1,-1.58269838732201,473,0.416902576737159
0.735360284335911,0.515117155155167,1,0.552805768839456,239,0.777696504164788
0.80884958920069,0.646257209591568,1,-1.30704879163645,799,1.00659551593346
0.401192039251328,0.110718198353425,1,-1.00318992598515,309,0.306490896479363
0.282494443003088,0.357174006756395,1,1.15444091153355,109,0.31766412525684
0.670950479339808,0.485586662311107,1,0.717628041791006,93,-0.0313384715769477
0.786991758970544,0.464286928996444,1,-0.801115953000414,320,0.401877471564984
0.641595472116023,0.965232167392969,1,1.10336924064047,89,0.0162086482054639
0.800979401450604,0.649264850886539,1,-0.96450195967529,556,0.799481456281168
0.328858100110665,0.236035575158894,1,-1.32227040307121,384,0.360435653916148
0.501704264665022,0.112650257535279,1,-0.748561198162593,224,0.0532869919339938
0.372427091002464,0.606808252865449,1,0.347000593517945,182,0.203674203306423
0.715397176332772,0.886402663076296,1,0.251619722386496,271,0.694790971799063
0.98511701496318,0.0928180268965662,1,0.568940380909015,65,-0.422685401204453
0.688966426532716,0.3422619223129,1,-1.07885362318489,333,0.21477076861171
0.904190048342571,0.984097714303061,1,-0.116043615466141,149,-0.0512767570110282
0.374225325416774,0.0844444518443197,1,0.841717182592553,77,-0.305046091226299
0.0441135556902736,0.894291673554108,1,-1.24551820563634,287,0.0722908238085388
0.371170956641436,0.518817815696821,1,0.058561842366651,65,-0.631438883264696
0.7310758496169,0.525981575716287,1,0.334335228163501,377,1.03058072956192
0.777585099916905,0.701429148670286,1,0.861680573117582,188,0.646957501459933
0.306967401644215,0.830080344807357,1,-1.13080873154425,212,-0.244588990886217
0.796016919659451,0.132386989193037,1,0.917307409574305,101,0.208794418296204
0.581579506862909,0.367706574266776,1,0.658610939337634,83,-0.141290130424713
0.518467238405719,0.97596496809274,1,1.35693951248795,146,0.592083235261325
0.0588140324689448,0.932058346923441,1,0.183733304461323,276,0.643213237172819
0.283527163090184,0.711403012275696,1,-0.0061630672516876,122,-0.428633026466764
0.62171565531753,0.603386840084568,1,-2.63983438850666,1075,0.646627355751467
0.193612044677138,0.868343917420134,1,0.955063046148146,39,-0.543619060441306
0.482256085379049,0.941450692247599,1,0.514680366937752,265,0.864505420886986
0.713783846003935,0.511605402920395,1,-0.109959014103899,352,0.804760797197351
0.373701080214232,0.229529403848574,1,-0.996896601371299,694,1.06430438417299
0.0214646777603775,0.859401863534003,1,-0.273655408648946,107,-0.373278831538006
0.609753249678761,0.316621987149119,1,-2.48309037749619,465,-0.087176973802782
0.371612187474966,0.600348199950531,1,-0.932062617756055,261,0.0656244217629808
0.67815475165844,0.624333969084546,1,1.55600557512925,158,0.871487694178904
0.895179231883958,0.417791049228981,1,0.664956239384102,126,0.126243995103019
0.984666431788355,0.242933160858229,1,-0.161111373449674,95,-0.549536197131207
0.592873335583135,0.898574524791911,1,-0.0537267351804419,200,0.326179644974148
0.98286591982469,0.987404071725905,1,-1.54917054342615,247,-0.213360851157999
0.807437967509031,0.633038557134569,1,-0.835962666268095,578,1.00525091159215
0.406874300446361,0.246675112750381,1,-0.212927852065666,402,0.828527839919917
0.705597257940099,0.626509038265795,1,0.184807652109272,405,0.991045209897933
0.48104720050469,0.950772930169478,1,1.60788637768722,131,0.741382153985248
0.0441396154928952,0.96130558126606,1,-1.20436995017295,386,0.258347262550783
0.658445263048634,0.174283080967143,1,-1.55910315119195,414,0.245501985567814
0.531121208099648,0.180603789631277,1,-0.663431834122992,390,0.628797451069795
0.472215441055596,0.70596487307921,1,0.268452009712414,139,-0.00456156710149669
0.666776301106438,0.305018190527335,1,1.36470644226493,97,0.13615405438727
0.113751396303996,0.93201749259606,1,0.950071742115761,117,0.260804529479639
0.968112886417657,0.552239337936044,1,-0.139009489402439,179,0.0802699228085611
0.37273112568073,0.417987121501938,1,0.462837955692202,127,0.232173830422768
0.0716544855386019,0.974569481331855,1,0.56448662943635,104,-0.0153831455146081
0.346932447515428,0.284734978806227,1,0.888275567800628,130,0.37562616056093
0.581850450485945,0.597634183475748,1,-0.906837271330946,457,0.689780167845184
0.243541133124381,0.708641022443771,1,0.105634616869519,105,-0.218383583000203
0.00738199893385172,0.342079069465399,1,1.707663323835,28,-0.816043951504943
0.652878060471267,0.496153123443946,1,-2.03899268372952,406,-0.0257985292545579
0.297853543888777,0.599382160464302,1,0.228049994496303,124,0.0285614642613351
0.0583962711971253,0.64558038697578,1,0.465755049152778,44,-0.985917811409658
0.896986176725477,0.185912265209481,1,-0.0807742850438536,86,-0.544553030712202
0.455805648118258,0.422319754725322,1,0.0933196675441929,116,-0.114591831430517
0.555992101784796,0.53228754340671,1,-0.553692357049221,318,0.44887347977918
0.0723064800258726,0.499675304861739,1,-0.474622103535933,65,-1.11811328902642
0.872605517506599,0.979335226584226,1,0.733172242229202,98,-0.141514915789973
0.478697013575584,0.465498539386317,1,-0.515317495982564,145,-0.305034689289605
0.472931897966191,0.60689052566886,1,1.49425538295467,110,0.389414987090986
0.63125656847842,0.936408669454977,1,0.260090307494085,123,-0.041501772911258
0.217353258747607,0.752788505051285,1,1.54982055474935,43,-0.35595351209609
0.232019778573886,0.678871461655945,1,-1.81685267028769,243,-0.391056578093203
0.263402949552983,0.975128035061061,1,-1.91528483190452,491,0.212017946338171
0.665071932133287,0.667531898012385,1,0.498131401972044,282,0.977111513566824
0.956391649553552,0.240623532328755,1,-0.497748903640306,154,-0.343589181260571
0.544655977748334,0.65793194132857,1,-0.196739046105088,371,0.769648467230853
0.0302413364406675,0.412250990513712,1,1.13558925625994,39,-0.863514770929674
0.53066013706848,0.379199601244181,1,0.788962578696887,104,0.0460068835205595
0.709024374373257,0.424371858360246,1,0.459565764479674,124,0.0314664908865145
0.244993919273838,0.0998598192818463,1,0.0084265677630184,196,0.141713103448004
0.515899695456028,0.955599090550095,1,0.302447743565451,205,0.464196344301764
0.226825594203547,0.280379032483324,1,0.141079092791592,155,0.191150325078997
0.395547753898427,0.100723577430472,1,-0.689151037793632,179,-0.0497407294038617
0.815595489228144,0.163793914252892,1,-1.12714291293244,272,0.0690284216522046
0.28913239389658,0.886846878333017,1,0.437263355546321,143,0.0441802990889504
0.0640360866673291,0.450926884077489,1,0.901614872715049,44,-0.813254892834208
0.971050604479387,0.52901161974296,1,0.282650321973546,135,0.00557189609646226
0.311469318345189,0.0453928753267974,1,0.341677649425213,70,-0.281064632941308
0.132814701180905,0.948254202492535,1,-1.09516645216687,290,0.13327053785575
0.701099377591163,0.310756420250982,1,0.0821293267514877,155,0.0773064155054087
0.382095783483237,0.48013106151484,1,-1.05985717289384,285,0.142861156596242
0.225471935933456,0.558246126864105,1,-1.23484523555276,149,-0.500590360626876
0.439985590521246,0.634613770758733,1,0.774138675000921,123,0.156833954848973
0.69349512225017,0.471576530719176,1,1.16466965123071,141,0.417362856972067
0.368396455654874,0.636292031034827,1,1.59330859646637,98,0.211787030749386
0.901495768222958,0.238162158755586,1,-0.626068071458145,99,-0.77148201569643
0.227111942134798,0.864555597072467,1,0.907673666049648,65,-0.317495001460818
0.239524087170139,0.970542990369722,1,1.43079407589996,99,0.254365228514744
0.475205768598244,0.533899177564308,1,-1.11236143735289,453,0.549126560361999
0.192274909699336,0.813680423889309,1,-1.00572213299932,199,-0.099678348016255
0.941807843977585,0.54120329557918,1,-0.622297284559774,264,0.237462627333392
0.198702387744561,0.37091279681772,1,-0.0275797232014889,63,-0.826121409977926
0.135165167273954,0.525757059454918,1,-0.431527342422724,66,-0.953052973637421
0.765660893404856,0.963725637411699,1,-1.10623842671687,310,0.161215123842333
0.604713963810354,0.668111352715641,1,0.0672233348076017,201,0.465059627107091
0.647519443184137,0.657949049724266,1,0.895352601599146,181,0.699790797463225
0.745492761954665,0.652174076298252,1,-1.73504317875427,1375,1.3567831013885
0.0822837678715587,0.787480656756088,1,0.778443841946189,160,0.478403324214726
0.792490611318499,0.775204328820109,1,1.42043042575047,136,0.657881405175863
0.918361105956137,0.432369624031708,1,0.856344063223767,72,-0.267102540740287
0.659043926047161,0.635290284641087,1,-0.487720196779398,481,0.940687132352447
0.107266290346161,0.456210861448199,1,0.87325480418701,23,-1.27196611468743
0.428708461811766,0.337834275793284,1,0.144695577723942,228,0.436405358112085
0.371376432245597,0.229274722514674,1,-0.416197055117614,511,0.976730257804133
0.761385502992198,0.244157615117729,1,-0.0684411595112076,127,-0.0466958104191125
0.404800785705447,0.281125753885135,1,-0.32720914966807,389,0.669241154071013
0.390188770135865,0.299555667908862,1,0.39377826637057,188,0.427225151331555
0.539314191788435,0.36399103840813,1,-1.47225341941884,476,0.419479010308494
0.975438497960567,0.0570442448370159,1,0.561621149934659,53,-0.649103785356912
0.0178440294694155,0.360904294997454,1,0.0311582008534855,61,-0.852344367524652
0.244377594674006,0.254299404332414,1,1.41457518788222,69,0.0294552411287177
0.117378477705643,0.803620839025825,1,0.319069873929912,135,-0.0129248304017229
0.410753769800067,0.940547768725082,1,-1.98047334765252,785,0.614864089417745
0.973472478566691,0.229114379966632,1,-0.529069595955837,138,-0.360364234952643
0.244785302551463,0.966420951765031,1,1.18056149953036,95,0.240977426624931
0.940948884002864,0.191443446557969,1,-0.195429743986366,96,-0.439455892509063
0.45544167002663,0.831876033684239,1,-0.760078607147304,243,0.0646143416900384
0.675441860454157,0.714346405118704,1,-0.34171601282874,394,0.813281185429647
0.23356822761707,0.344528946792707,1,-1.25769093604221,337,0.152445618530679
0.213727877940983,0.829111045924947,1,1.67129153882366,70,-0.0413010568729056
0.615768552292138,0.601540840696543,1,1.73698688507319,124,0.656231197943433
0.713262563105673,0.280739198438823,1,1.22221816608913,79,0.00488775589070045
0.0539151150733232,0.616440583253279,1,1.51468246122432,22,-1.16452249306141
0.868590612197295,0.520006477599964,1,-0.60465112055896,376,0.735846530271429
0.901594262802973,0.369641201104969,1,0.939066580914534,93,-0.0157825529476576
0.471515064127743,0.835446873446926,1,0.819188769084518,99,-0.0279960290324953
0.989523582858965,0.115271769231185,1,-0.126406883115531,99,-0.63917965619125
0.493603563634679,0.441520547261462,1,-1.82839864854943,317,-0.172780804398271
0.0156242505181581,0.171768161933869,1,0.384209408504754,122,0.0432539732682629
0.303781170630828,0.378818614874035,1,-0.74656961412583,237,0.0440031381920492
0.608112801332027,0.490825333399698,1,0.262560291144829,326,0.900020661443208
0.649685963289812,0.892238609259948,1,0.653509635203574,79,-0.303230202421667
0.677124405279756,0.24613810912706,1,-0.330447891316927,253,0.291887072431573
0.817491453606635,0.666371811414137,1,1.82268808868035,166,1.02852614283263
0.731888460693881,0.211997117148712,1,-1.01361990968777,306,0.218526563418693
0.554984853137285,0.576183755882084,1,-0.928484315341859,611,1.00250491917272
0.225790849188343,0.932049864437431,1,-0.117208070631126,115,-0.214677176189087
0.956080688629299,0.616003097267821,1,0.100496237922693,188,0.379613156156236
0.957551787840202,0.023677664808929,1,0.966245442472809,65,-0.103366290713243
0.0113947140052915,0.274204224115238,1,0.720606126652343,93,-0.24312291554316
0.683656026143581,0.191811912227422,1,1.0632590535927,112,0.10451765864555
0.481527874944732,0.986799479229376,1,-0.420798807837037,179,0.164300103080728
0.598558433586732,0.843693226808682,1,-0.0833486733360137,179,0.207919436183254
0.695377704454586,0.607472243485972,1,0.591307859753585,165,0.489141761039107
0.927722950233147,0.208091781241819,1,1.8195841645528,32,-0.647592950606086
0.359434437472373,0.905174385523424,1,-0.140092926363067,237,0.423649072831961
0.248880914412439,0.492726992815733,1,0.169560346406595,89,-0.487575537346921
0.214335880475119,0.456444200128317,1,0.385294514180102,96,-0.209610383936723
0.31366608524695,0.578358839498833,1,-0.758831310073935,163,-0.329540363723321
0.055902267806232,0.761667201295495,1,1.31281262056179,93,0.287749816013242
0.0554045480675995,0.170780099928379,1,-1.00074079535895,302,0.133882430199456
0.733248948352411,0.0594904979225248,1,-1.04158151375817,167,-0.304081482034819
0.550417662598193,0.934857660671696,1,0.863724601543328,217,0.800985583530409
0.411816445644945,0.48347749072127,1,-0.192860614165897,197,-0.00717894530214955
0.677323419600725,0.676629526773468,1,-1.06739575015678,871,1.19772169289168
0.772659400012344,0.277057703817263,1,-0.182479829617246,148,0.0147673284858152
0.075190658448264,0.469791583251208,1,-0.245803419550168,61,-0.871912043651676
0.842644746648148,0.142158986069262,1,0.215779657852932,108,-0.0425179116168894
0.72318153642118,0.63562167645432,1,0.937714877619495,309,1.1476885595923
0.708853171439841,0.179823306621984,1,0.879473262736542,98,0.125183917951063
0.716362211853266,0.196811363566667,1,-0.464928084208261,233,0.247402276184811
0.849316849838942,0.972346305381507,1,0.24689015969332,107,-0.0158941078762742
0.638596701202914,0.488556459546089,1,1.00804749780819,88,0.183698096991847
0.322384155821055,0.0833737666253,1,0.928468464367111,104,0.0584497444618185
0.675246173748747,0.563875512918457,1,3.05875267707188,60,0.552850455896871
0.477073010755703,0.834243198856711,1,-0.528169176027851,187,-0.0499724891750231
0.156670636031777,0.754264754476026,1,-0.791023820442161,164,-0.274138427391392
0.286115954164416,0.273916980717331,1,0.157553369911993,153,0.13309489136527
0.842856260715052,0.250956052681431,1,-0.494283196428163,107,-0.476446662229404
0.372997528174892,0.669446673709899,1,0.451178184822112,101,0.0264180083336012
0.481970988679677,0.235946419648826,1,-0.53720202634585,476,0.942462680021435
0.955891988007352,0.796715741977096,1,0.297675177752862,163,0.372150425470379
0.568078482989222,0.313201360404491,1,0.812192467845695,98,0.0322533642854234
0.778405552497134,0.662058579502627,1,-0.107740617950529,346,0.822321375882768
0.202006585430354,0.905681404052302,1,-0.939420401553031,271,0.0977078174892259
0.36116915429011,0.615639061667025,1,1.64836494183557,82,0.051746216142718
0.857112921075895,0.111226755427197,1,0.23379669698894,116,-0.24028427147563
0.122401987900957,0.558578804368153,1,-0.0867602313505351,72,-0.860946800450579
0.192275823559612,0.971416470594704,1,0.53228087227447,166,0.18685840887864
0.179301788564771,0.290931193856522,1,0.178179781794001,146,0.155754234402417
0.595625900430605,0.841744168894365,1,-0.956020158936309,320,0.288822644137887
0.2581415141467,0.00745937088504434,1,-1.21780032911027,210,-0.284113790088455
0.107803117251024,0.213212087983266,1,1.26646909140319,125,0.55678212525527
0.271529485704377,0.248830327298492,1,0.655774859546749,137,0.223856863015491
0.0741776961367577,0.886079174932092,1,-1.41099409252517,342,0.117523221415089
0.640363424783573,0.848179911030456,1,0.130704430904487,134,0.0654441210968395
0.347765427082777,0.314865123014897,1,0.0513813831926482,239,0.413737723308438
0.0792756897863001,0.726510950597003,1,0.376284857623161,79,-0.408858962113113
0.589537924621254,0.551780058303848,1,0.404610017938185,177,0.375990487622403
0.0882370530162007,0.486443322151899,1,-1.20086362211204,87,-1.06343194007803
0.522723307134584,0.934399096062407,1,0.463892852839705,359,1.05238013854434
0.336243909085169,0.93531824182719,1,1.57905783539745,130,0.693273434068111
0.451468730578199,0.123829162446782,1,1.62706818028663,80,0.116299127850216
0.387692238669842,0.487700627883896,1,1.09530369170358,90,0.00571123038962134
0.115828872891143,0.270248833810911,1,0.989135668702794,119,0.229928848735353
0.0960126628633589,0.194325044751167,1,-1.30558147635295,489,0.595118074080143
0.314012941904366,0.801954933675006,1,-0.488321946388405,148,-0.227516556138095
0.372060029534623,0.254234498133883,1,0.0627037909596997,239,0.596051133128642
0.805376721080393,0.989552444079891,1,0.993966445539931,94,0.0215438408101676
0.0192704966757447,0.22944279294461,1,-1.05795942958921,220,-0.0662219094452827
0.676327557303011,0.96217580139637,1,1.77953883710211,60,0.0489564552712834
0.648001875262707,0.908642626833171,1,0.884480801381778,107,0.0122567608937066
0.185608211671934,0.661688728956506,1,-1.61162309052508,181,-0.588483335077828
0.553472381317988,0.125833960715681,1,0.625954666489946,225,0.677362453748509
0.81396496319212,0.651401813142002,1,-0.81383011343136,553,0.917384253895023
0.817747581750154,0.668226866284385,1,1.90954240019134,152,0.947094147844241
0.928139712661505,0.36147554568015,1,1.24291528029236,89,0.145628577819276
0.756894413148984,0.865692415041849,1,0.688584611171442,177,0.431318113800087
0.93697575526312,0.231195135507733,1,-0.402126170649035,131,-0.219079627955729
0.0498703212942928,0.198821659199893,1,1.75426296319958,66,0.221043269907274
0.876209220848978,0.339149975450709,1,-0.885380267753232,158,-0.257037269869746
0.77334310952574,0.658056783489883,1,-0.642632538057155,546,0.968250206287749
0.278171537909657,0.791342854266986,1,0.167562572325039,79,-0.43209176166216
0.234760798513889,0.821779364021495,1,-1.07105883515109,247,-0.0180058308765594
0.433445594273508,0.932675338583067,1,-0.401792738400293,385,0.762355445378055
0.0902083886321634,0.997602988965809,1,-1.21893096235942,249,-0.0916423255132355
0.648911227937788,0.0689621560741216,1,0.928150192256815,116,0.0125118158547575
0.111600883770734,0.463741729268804,1,-0.071344231973766,44,-1.27508642164765
0.858841993845999,0.719952695071697,1,-1.6875279574961,423,0.272126413435627
0.695074236951768,0.840525603154674,1,0.397899296437488,171,0.457726975059698
0.933175797574222,0.731531957164407,1,-0.577472539160122,326,0.40112339895143
0.637393428012729,0.753550389548764,1,0.105174222093581,416,1.03296474329291
0.922378944931552,0.311123718507588,1,0.582005311999629,80,-0.224943772545147
0.154660026775673,0.741634541191161,1,-0.224380789484864,101,-0.422505786000391
0.911363277584314,0.341510522644967,1,0.593815704151162,112,0.0100461223030232
0.98115455172956,0.677904459647834,1,-0.800193299044765,185,-0.0985412555910133
0.650087232235819,0.882900832453743,1,1.21558200380393,69,-0.175728510669218
0.448870270280167,0.748835706850514,1,-0.778932418717611,222,-0.0117623537917703
0.515628480119631,0.00427803490310907,1,-0.880014117688779,357,0.442757639361487
0.0462837398517877,0.905468313954771,1,-0.291536038928843,266,0.36187339426969
0.507248765556142,0.680629963520914,1,-2.04923793009374,647,0.498173525754676
0.91634919680655,0.518914754269645,1,-0.716563062179978,336,0.462003255825069
0.741871679201722,0.198456873185933,1,0.669863251694998,157,0.206674932514477
0.46482617338188,0.01613948517479,1,-1.47820926414089,366,0.205457741257368
0.240585523191839,0.109576873714104,1,1.3607809584698,141,0.576312922822781
0.214194402564317,0.507795485202223,1,-0.366768745285067,85,-0.79000861516789
0.684585010632873,0.190895918291062,1,0.924257417348605,115,0.161464249410444
0.91361476178281,0.444417754421011,1,-0.431193471120137,207,-0.0184797481531387
0.325792477000505,0.520218930905685,1,-0.0134376315213944,57,-0.711763109399481
0.311588187702,0.27402247604914,1,-0.467993832797462,416,0.702261257631602
0.699747913284227,0.735504136653617,1,-0.258350117812404,526,1.08964532280802
0.27086203917861,0.467752164229751,1,0.396271373985074,81,-0.385656705861065
0.316813262412325,0.511697243666276,1,-1.40428278064816,105,-0.953767700313251
0.952842687023804,0.706392161082476,1,0.912939245591755,128,0.356634005249079
0.706271645613015,0.540080460021272,1,0.621539606225418,194,0.438915409150677
0.042428165441379,0.869345180457458,1,-0.470508073234547,141,-0.328301297843668
0.27220237092115,0.174897694028914,1,0.0164161886116685,154,0.209151440781677
0.790321066277102,0.730789999477565,1,-1.10085473020988,477,0.638705698761038
0.143980769906193,0.967085895594209,1,1.60523045385665,72,0.110003421857831
0.526521227322519,0.415845804382116,1,0.467266798709793,132,0.216534431890676
0.375060252612457,0.0342730833217502,1,-0.725385496433137,168,-0.0894169761749839
0.991505836136639,0.0236939089372754,1,1.6440538792665,52,-0.235173260989084
0.166130103636533,0.727548797382042,1,-0.265247815223499,119,-0.427168819731808
0.101244013290852,0.0491622500121593,1,-0.3083169116587,272,0.347231673066761
0.913177177542821,0.38845922681503,1,-1.37757981471113,234,-0.229068933349513
0.212735361419618,0.915661231148988,1,-0.589273765208584,223,0.136231652956523
0.516982684610412,0.688626859104261,1,1.99880428476102,79,0.421904442987932
0.0431940858252347,0.244965217076242,1,-1.1415729917237,277,0.0730350940980821
0.601520937867463,0.119684994686395,1,-0.246911057290097,318,0.590147527555357
0.935937204398215,0.916868762345985,1,0.423867243642794,83,-0.250572751644375
0.648618142819032,0.115793993929401,1,0.241034428639592,214,0.451724021776324
0.335147368488833,0.709020854206756,1,-2.46585947140945,512,0.0195369048626051
0.636611904483289,0.612818525405601,1,1.32648672956937,178,0.842911629693162
0.354297929443419,0.828795606736094,1,-0.530586914437794,216,0.0977705744761268
0.251192484050989,0.82614254951477,1,1.85227745835296,70,0.124951875546019
0.371717559872195,0.0889472265262157,1,-0.936309129379475,181,-0.249925815791084
0.222182560712099,0.561904909089208,1,-0.156748128080061,76,-0.67405684738456
0.161160007119179,0.380466697504744,1,-0.919445182666625,78,-1.04839696372365
0.316093391738832,0.091155301546678,1,0.474681275786342,154,0.203536550220808
0.313828556332737,0.315127222333103,1,0.100019210200299,188,0.393904821178091
0.214186601340771,0.28325192979537,1,0.398451465957561,163,0.402690887262713
0.316418142756447,0.5252520958893,1,1.03226034507347,48,-0.548356179644537
0.587983149802312,0.19389872578904,1,1.70952829104129,127,0.65045118653372
0.162307696882635,0.932621210813522,1,0.611896586104959,134,0.300720286295786
0.839476679684594,0.0567115624435246,1,-0.340651792491087,226,0.207434864700485
0.96030081436038,0.722247087629512,1,-0.192984512774133,200,0.226447349205976
0.463796111987904,0.261612880975008,1,1.87339476741025,105,0.658720878331125
0.702412140090019,0.2615612950176,1,-0.0548688050688153,163,0.0449768918203455
0.50808514514938,0.0861889966763556,1,0.265551958321636,161,0.200800958267045
0.228054355131462,0.591331667499617,1,-0.141528209972208,156,-0.0437502282513482
0.549525436246768,0.244069453561679,1,0.821068558934349,114,0.215399153260765
0.942988720256835,0.398165922611952,1,0.0625942891402833,110,-0.342206759456017
0.648393344366923,0.23318054410629,1,-0.516565967232627,207,0.242119028374062
0.735016459599137,0.19535021414049,1,-1.0258992766367,272,0.033618956553556
0.896489879582077,0.0808364446274936,1,0.365868326806767,71,-0.307470714379264
0.151764755602926,0.450781546300277,1,-0.111627750504356,40,-1.36479075276238
0.0242501539178193,0.927352369530126,1,-2.50132004883668,709,0.312502274652762
0.527660987572744,0.664810616755858,1,1.1048819572261,149,0.521589621642727
0.661000611493364,0.841184826334938,1,-1.00970002689753,314,0.4196392786108
0.9697963767685,0.0786486205179244,1,-0.247235972350435,108,-0.421879700775508
0.617034520022571,0.985884400084615,1,0.855539634607272,99,-0.0182595020883022
0.666057623457164,0.071439353749156,1,0.0908298300037416,177,0.172514856635042
0.393219507532194,0.14359494484961,1,-1.80079611780004,1049,1.06371402477747
0.744103908305988,0.584298959234729,1,1.71752259906004,149,0.773053222355388
0.210319926962256,0.359907075762749,1,-0.325215215449036,97,-0.528102158808363
0.420566372107714,0.0698699650820345,1,0.400668946336987,139,0.0776071337076881
0.10485970787704,0.533226403873414,1,0.062101048586805,50,-1.06430283730203
0.0859825192019343,0.472418665420264,1,0.717030988316876,47,-0.916045343729561
0.91465916368179,0.333606577478349,1,-0.507624240142736,193,-0.0321778254019158
0.532661151140928,0.772815588396043,1,1.1188933765489,110,0.10646811539478
0.0543248844332993,0.863962207455188,1,0.499965315403608,71,-0.466544007915505
0.481936312979087,0.227624728577211,1,0.229357874563939,341,0.925702340910162
0.326802188297734,0.880146507406607,1,-1.72422936467275,507,0.376886081794514
0.464518590830266,0.8841426090803,1,-0.2652883699797,228,0.331797508816579
0.0425182937178761,0.545006720349193,1,-0.125057789642478,128,-0.424366272427215
0.70910899201408,0.875942966667935,1,-1.23560515228677,435,0.426902011887252
0.24446459277533,0.899481442989781,1,-0.446881054857339,240,0.204980248373165
0.682556204264984,0.124893135391176,1,0.298267979276789,151,0.126983601128091
0.456906243460253,0.34583077672869,1,0.166942961828397,207,0.36330007868914
0.881648069480434,0.245642597554252,1,-1.33975880224611,168,-0.507857172096865
0.893696735845879,0.118934277212247,1,0.748958199482673,90,-0.326675223825516
0.67614028067328,0.652997792698443,1,0.212574835513555,407,1.19686081801312
0.0655585811473429,0.105427885428071,1,-0.414345617425099,187,0.120376565050257
0.354425892466679,0.750432690605521,1,0.221780496666665,136,0.0199625427220993
0.624647367745638,0.239001217996702,1,0.453026382957252,153,0.308433567154474
0.900107082212344,0.660936584463343,1,-0.0172784436917381,206,0.378306016747905
0.259952484630048,0.592937885550782,1,0.232610292445033,107,-0.332127571266293
0.613790271338075,0.424929728033021,1,-0.718742702240017,256,0.145398155700985
0.72212265431881,0.769646871369332,1,-0.191465407081171,518,1.1090341694814
0.517637160839513,0.346186756389216,1,-0.0678421116480554,238,0.456850613776193
0.529961909167469,0.485167365521193,1,-0.839909775886307,286,0.17735649668486
0.152916912920773,0.493902059039101,1,0.942604767376071,19,-1.29643175304892
0.573514689924195,0.891902507981285,1,0.84278300224713,114,0.202231055475783
0.17874133377336,0.589422735851258,1,1.18800249517357,51,-0.458262378093762
0.736043834593147,0.53322082106024,1,1.44513255815547,194,0.875716421751777
0.12043524440378,0.618859113194048,1,1.10828089330568,44,-0.791422911397727
0.239677955862135,0.466921688290313,1,-0.375580257488807,130,-0.393730716783003
0.454444449627772,0.908918944187462,1,0.560731562799704,225,0.714783681929579
0.354796201689169,0.933225405868143,1,0.90677233414528,187,0.682357047812186
0.620866243029013,0.079182151472196,1,-0.132290610929948,165,-0.0121086841094134
0.894219901412725,0.0658849796745926,1,-0.442012916629172,190,-0.0485807887287378
0.949719469528645,0.188809083774686,1,-0.210850300844018,121,-0.240483536813683
0.484034575521946,0.203571658814326,1,-1.02295311815432,619,0.963746239711506
0.938316062325612,0.753678595181555,1,-0.91112773625521,330,0.371424459174935
0.22352456022054,0.647726709488779,1,-0.243941124473255,103,-0.327144312811616
0.915541794383898,0.723355509806424,1,0.310813811462468,156,0.23477740968736
0.548718237550929,0.0486057086382061,1,0.0965477280293871,339,0.824998946384613
0.916896305279806,0.188913100166246,1,-1.39839512722615,143,-0.598211850496985
0.745842095464468,0.696223342325538,1,-0.146041225051976,487,1.13873166536695
0.292590747820213,0.328079882776365,1,1.16447716236135,95,0.118265699259898
0.754067382076755,0.867512688040733,1,-0.178956013868338,280,0.556694402878736
0.661956560797989,0.0332828594837338,1,0.100250920222165,203,0.310225282516396
0.436551148537546,0.68812721897848,1,-0.140530192097843,110,-0.231089562485963
0.0956953540444374,0.259657728252932,1,-0.5165088937077,229,0.19871526652748
0.939111405285075,0.885704991873354,1,0.392950959651629,123,0.147561309510442
0.96479478594847,0.790650712559,1,-1.42757992510405,484,0.41888739875057
0.180419984972104,0.669326542178169,1,0.355726318736811,43,-0.827189691473512
0.988139778841287,0.506814996013418,1,0.911292374847284,66,-0.0572442498862878
0.193423277232796,0.742013663752005,1,1.34885649701389,59,-0.133414119773972
0.329909275984392,0.705051945289597,1,-1.91284872907739,373,-0.0159935900275441
0.898735191207379,0.708338939351961,1,-0.641623945521479,211,0.212634968052543
0.872386878821999,0.270408512558788,1,-0.106527951777906,146,-0.23951696535526
0.345104240812361,0.527426014887169,1,-0.372983832012844,62,-0.991797496253296
0.911402869969606,0.534365920349956,1,-0.111569440779467,252,0.451500856613026
0.326467646285892,0.557678129756823,1,0.400157566323621,53,-0.813783479180394
0.444062190130353,0.300857294350863,1,1.89843952580229,132,0.718425919838902
0.631917949067429,0.171670003328472,1,0.379329248049487,194,0.461393666662047
0.493930192664266,0.529807565268129,1,-0.772074475937419,334,0.385807597083288
0.631700042868033,0.130984689341858,1,-0.331645591934014,207,0.193728867978369
0.166012639645487,0.671674015466124,1,0.163646059835063,48,-1.01806120111005
0.100661298027262,0.167481768643484,1,-0.76193479308431,490,0.828222919900829
0.167595284758136,0.221595698734745,1,0.786835985084218,137,0.395929164314191
0.0754596765618771,0.326109410496429,1,1.71711406027465,46,-0.28980212487718
0.23282507690601,0.190903064562008,1,1.30613575189999,106,0.277092926057197
0.665575870778412,0.00231646955944598,1,0.823277859797535,115,0.213235440452408
0.341182829579338,0.4059818838723,1,-1.13319064541926,356,0.28367036617115
0.00539640174247324,0.1272025576327,1,-0.00881080442553852,229,0.535004279711828
0.422563457163051,0.208617856260389,1,1.35550476189969,184,0.899008167262383
0.982256697723642,0.239235776476562,1,-0.694139842674275,157,-0.269411728554143
0.820559988496825,0.744214719161391,1,1.64719258421914,108,0.556644047816217
0.472334478748962,0.352797467028722,1,-0.96224694332644,172,-0.163060309508841
0.108540801564232,0.802730858558789,1,1.11263475767578,101,0.0607583555649899
0.144946319982409,0.615830403054133,1,0.610953737786827,60,-0.530632238150287
0.890595561359078,0.868997644400224,1,0.565444724477254,99,-0.083706963431836
0.580154045252129,0.0251551058609039,1,1.31592639768831,129,0.528305773257927
0.928069970337674,0.60669486806728,1,0.228769347798635,203,0.49572061502106
0.332643253961578,0.661812301259488,1,-0.165800241157056,177,0.202798386947027
0.821970568969846,0.855745744891465,1,0.0832420525897995,195,0.370383049031085
0.958482328103855,0.384840940823779,1,-0.847176840150167,180,-0.244090234787716
0.323487904388458,0.082193506648764,1,0.590031306676065,112,0.0443640012700212
0.703117203200236,0.739671730203554,1,0.0772863886111766,367,0.911324653531688
0.796897557331249,0.113605048740283,1,0.301956850451024,108,-0.147580897212321
0.611995162442327,0.789225430460647,1,0.11905611186797,273,0.746784555421932
0.341220194706693,0.535035998560488,1,-0.500755119168596,72,-1.06393037493386
0.143405675655231,0.900818743510172,1,0.205682626179819,196,0.241031706588919
0.924774917541072,0.795031460700557,1,0.615569768776585,150,0.353255168770413
0.50052409642376,0.286410790868104,1,-0.51616808122892,278,0.433668563110002
0.395098585169762,0.82631119992584,1,0.749348445557828,154,0.290697848286124
0.737969965208322,0.0379325079265982,1,-2.0252926320677,533,0.21683438276843
0.0226242993958294,0.27996439835988,1,0.696222014360194,108,-0.0282569773358735
0.897027282742783,0.86914650304243,1,0.703032625521435,86,-0.257700651578023
0.105522569734603,0.986226079287007,1,-0.0901985143053381,137,-0.0989054559078476
0.790831477148458,0.0822026745881885,1,0.136728583455405,94,-0.457883004557733
0.476846156641841,0.808822971768677,1,1.14744328409852,74,-0.158673042431711
0.430002464912832,0.697520077461377,1,0.0681046670531759,153,0.101182729371626
0.750611041439697,0.750385014805943,1,-0.560713045935101,457,0.769219571163339
0.971984803210944,0.195674367714673,1,-0.639988714390538,144,-0.231328871199679
0.931085386546329,0.92647305643186,1,0.193607707233826,77,-0.455243962040011
0.907444895710796,0.617884838953614,1,-2.28133451912652,693,0.35446704675988
0.428621358936653,0.330896751023829,1,-0.272163560316933,240,0.383696075703948
0.638898282311857,0.771919698920101,1,-0.0325513779768679,374,0.965580114489405
0.701809679856524,0.196167065529153,1,-1.72509083143319,499,0.422860893528804
0.770998722175136,0.93522785929963,1,-1.35326585026662,394,0.280589986041253
0.671744264895096,0.0306698302738369,1,-2.21510562531976,530,0.238584872026291
0.439663256052881,0.478654024191201,1,2.56351734296884,40,-0.181709501984725
0.165282403351739,0.16593605815433,1,-0.466250870115229,284,0.339564810054653
0.350775453262031,0.369570700684562,1,-0.669475742779076,242,0.201007352846636
0.418894789880142,0.649473605444655,1,-0.322615349758266,176,-0.0137169053038876
0.322789636440575,0.760012175887823,1,0.18768562124455,103,-0.377924977465315
0.0128006145823747,0.164868075633422,1,-0.418561489475885,201,0.0165972031475369
0.842563271755353,0.516413165256381,1,1.10159292178162,155,0.617096976276311
0.233815070707351,0.90569818392396,1,-1.63189812650125,330,0.0217761190687032
0.641366675961763,0.815381089458242,1,-0.425766587051933,324,0.639637104837433
0.164727304363623,0.0890028697904199,1,-0.205563748700611,188,0.176379838322472
0.599290078273043,0.566645882790908,1,0.768031901867729,173,0.572052704787097
0.535953582497314,0.532142595853657,1,0.0627294957144441,231,0.52464312578604
0.483017741236836,0.659586216788739,1,-0.516532300239398,246,0.299914963287647
0.126211610157043,0.957885621814057,1,-1.12391666183211,265,0.13501375426891
0.989713976625353,0.104894362157211,1,1.20180320680375,42,-0.518109698937873
0.200159948784858,0.437217836966738,1,-1.35930054983267,154,-0.623193868079776
0.792990332469344,0.282344957115129,1,0.496699559396313,134,0.26269303167946
0.496920298784971,0.112684965832159,1,-0.832173166100995,228,0.0839779688052053
0.579726438038051,0.479843418812379,1,-1.25580383998895,436,0.386084625222974
0.755454707890749,0.669576784595847,1,-0.490963188609204,524,1.09477287976871
0.373613114235923,0.607905411627144,1,2.22690421215706,58,0.176981372910443
0.692655579885468,0.188844207208604,1,-1.23742961797979,395,0.330547828964008
0.689701749710366,0.3592471384909,1,-0.00399964754575044,239,0.437418909216168
0.275535537162796,0.313050435157493,1,-0.979677526615335,259,0.0168832697566001
0.972014049766585,0.58106549247168,1,-2.16744647072521,536,0.0964848916931314
0.768613919615746,0.178400106728077,1,0.891363251882151,85,-0.0530503919638841
0.689772893441841,0.746655932860449,1,0.555210178050851,275,0.95087799784584
0.566407239297405,0.811464586295187,1,-0.766031386744232,346,0.484098359977441
0.612282948102802,0.721714393468574,1,0.655708192710155,190,0.638007072237912
0.828740264987573,0.485239281551912,1,0.687231046136155,101,0.0391842241483
0.322995516471565,0.377144999802113,1,-2.06186532134338,462,0.0512462567027211
0.224116204306483,0.586670245043933,1,-0.801335940487871,146,-0.488269553630192
0.998992265434936,0.719437672523782,1,-0.00405824730255122,247,0.387231801426785
0.278518487000838,0.304676659870893,1,1.42766678207538,90,0.258538753633879
0.304270184366032,0.6538303301204,1,0.210471381602279,95,-0.306653901739898
0.551890581846237,0.733431793516502,1,-1.32081188971975,348,0.201781175644844
0.35765234590508,0.354696314083412,1,-0.00507926092124811,207,0.351418825837722
0.841243946226314,0.993002619827166,1,-2.18103341324453,420,0.028109477784368
0.108200859976932,0.959295630455017,1,0.70928244267586,132,0.348651713658158
0.978818434290588,0.818796955281869,1,-1.92019356928846,614,0.330783625151941
0.57737751188688,0.400632735807449,1,0.679847293989943,109,0.0620313475849905
0.819940473185852,0.0911391759291291,1,1.45648510210364,49,-0.0882536956413788
0.24807701818645,0.759192396886647,1,0.86627630104563,85,-0.0136773458666983
0.194359854329377,0.370209293439984,1,-0.788038371433204,81,-0.835634318074897
0.280823342967778,0.51740826270543,1,1.29412942018479,30,-0.981028963663919
0.233919838443398,0.791952121304348,1,0.761613158002796,86,-0.256879248896259
0.415608065668494,0.452682274160907,1,-1.35320771432604,260,-0.00610698267499579
0.427014963701367,0.963040064787492,1,-0.520189974503472,367,0.650595910269823
0.664771699346602,0.857421786291525,1,0.813531828535793,127,0.209141102478878
0.534682384692132,0.20632310770452,1,1.55427806527241,191,1.05274272210519
0.665736239636317,0.145332547370344,1,0.380858347513649,118,0.0417350114563116
0.804615986300632,0.208494839258492,1,-0.619003989517269,280,0.383064583755737
0.579135042848065,0.583865522872657,1,1.01168935828116,224,0.84174884559379
0.35205714777112,0.947981424629688,1,-1.96106012674705,570,0.353982226206807
0.775955646997318,0.389619332971051,1,1.30642491901151,105,0.36028659560322
0.271386570762843,0.163031700067222,1,0.829780954099094,145,0.451376615863627
0.9464598800987,0.964966946514323,1,-2.0948515445583,546,0.190318904633683
0.408119624480605,0.706895921146497,1,-0.968464940683829,345,0.404307245315719
0.696504464838654,0.903779257554561,1,-1.21255204934895,371,0.34540461396775
0.968185077887028,0.81358401174657,1,0.310673217367787,153,0.187729369394478
0.113924517994747,0.524977078428492,1,1.85442846258797,42,-0.610753216345614
0.854437348200008,0.930108007509261,1,1.48157652667567,70,-0.0235119314500297
0.770008750492707,0.382830451009795,1,0.842188332343555,127,0.312636895642886
0.969668354373425,0.622972207143903,1,-0.281216434053808,272,0.433895034730682
0.408103458117694,0.900496629998088,1,-0.236244650028822,387,0.844861314338987
0.117438056040555,0.871966886334121,1,0.441370573930222,148,0.194892056966272
0.841482259565964,0.0849125052336603,1,1.39770242002723,70,-0.142075914176988
0.753402499249205,0.875357263721526,1,0.716820634160722,144,0.302898111652848
0.927853047847748,0.206763686612248,1,-0.962521899277804,141,-0.59146689337496
0.309271439444274,0.145985648268834,1,-0.878175997645313,474,0.711062886682542
0.0742378572467715,0.256038454128429,1,0.874669158658139,98,-0.0144697472209679
0.502638934412971,0.542580039007589,1,-0.806759372494017,320,0.399586714397923
0.236106736818328,0.149928346276283,1,-0.423009008459656,359,0.706409655151261
0.0736001166515052,0.88887891266495,1,0.63485883681219,130,0.218178612062828
0.955718560842797,0.0357771515846252,1,-1.38148775709652,234,-0.212291576365232
0.990207390394062,0.0065115827601403,1,0.013200995518642,111,-0.327617853149435
0.943041284102947,0.484807435423136,1,-0.379199560707829,214,0.254523907273014
0.261342070763931,0.316822510678321,1,-1.14702960366666,256,-0.113239999489789
0.214179139118642,0.0296719593461603,1,-1.53193936329416,511,0.427108260136226
0.651485255686566,0.98154515796341,1,-0.822426373334036,170,-0.287512880000355
0.506548398407176,0.145875771297142,1,-0.987114427552541,326,0.251874043100804
0.526899554301053,0.567936575971544,1,1.49868880728233,126,0.651066617542818
0.648576573235914,0.396314088255167,1,0.840530897355771,173,0.581189181465293
0.369275796459988,0.699371953960508,1,-0.109501009833925,204,0.326979771995165
0.183053217362612,0.474096156423911,1,1.81655910818475,35,-0.592071076527375
0.641651889076456,0.978283320553601,1,0.966686216436464,55,-0.302457865441387
0.195088532986119,0.483643031911924,1,-0.0603463577129729,92,-0.499505987633906
0.143826648127288,0.81504688016139,1,1.02487635327025,88,-0.051686954772897
0.494306247448549,0.873291976517066,1,-0.271585191957896,254,0.371625185411562
0.600232437485829,0.0201679728925228,1,0.439494642575274,246,0.695154263979849
0.523521142778918,0.91275537898764,1,-0.328699891978702,369,0.692908151674167
0.233009395655245,0.932565208757296,1,-0.178032343782129,184,0.106458063936658
0.55736527312547,0.108745300909504,1,-1.31320130812562,546,0.690987789568272
0.292059022700414,0.0445518144406378,1,0.301774768228558,108,-0.372020187987929
0.704089295817539,0.319309203885496,1,0.116025679146077,148,0.182491010434938
0.190325882285833,0.281458950368688,1,0.454237011305775,164,0.291249994202577
0.132991799851879,0.596304814331234,1,-0.054503183068518,105,-0.468767416755121
0.108438959810883,0.652632686076686,1,-0.121517550350897,70,-0.890321828927995
0.0146544654853642,0.849105798406526,1,0.287416735259472,83,-0.502013300246254
0.809578968212008,0.0736142147798091,1,1.84419567006545,78,0.162484915227124
0.938887675758451,0.508612574078143,1,0.982478003321019,126,0.359567407000517
0.146440923912451,0.892474360531196,1,0.10386213007889,174,0.167656127594677
0.903235169360414,0.142591473879293,1,-0.755234876333938,141,-0.319597026987709
0.571290904888883,0.27298843045719,1,-0.143345866261044,206,0.190088130200494
0.316103446763009,0.390469745965675,1,1.03226825431829,80,-0.118010543682262
0.212661457946524,0.843355399090797,1,1.87109327935349,56,-0.051907743196625
0.443616032833233,0.926454120781273,1,-0.476075474969262,455,0.862995690123552
0.750730363186449,0.967964298091829,1,0.70219655585154,108,0.0323929774640035
0.0711726136505604,0.368236454902217,1,0.363626145102825,39,-0.886720696997167
0.25475330487825,0.671691776020452,1,-2.46226140111237,261,-0.70644872476827
0.794835994951427,0.169968111906201,1,-0.00280342487193121,169,0.0858611680638594
0.510448994580656,0.546591515420005,1,-0.134638529615018,225,0.357068560785812
0.449609845876694,0.839448162121698,1,0.400692367589511,153,0.240330190525725
0.704991839360446,0.886431812541559,1,0.335261391719137,192,0.301899666033096
0.425733385840431,0.381542995106429,1,-0.11417381025165,331,0.690058842367135
0.582665273686871,0.845458237687126,1,-1.24984156046416,441,0.377453344855154
0.119970724219456,0.106916526798159,1,0.534326807800119,96,-0.132178358323082
0.505618082126603,0.264439623337239,1,-0.925845551368338,273,0.17824290305977
0.642337622586638,0.141851840075105,1,-0.30765849926019,194,0.191675895541618
0.761980050243437,0.860079491976649,1,0.33356546165952,156,0.362816016287232
0.836093483027071,0.698307656915858,1,0.66520414469223,257,0.865689569009348
0.903242547763512,0.318289409624413,1,-1.35822441679319,172,-0.422966484018506
0.944507716456428,0.299306363565847,1,-0.269782168538117,133,-0.387757612297546
0.427486350061372,0.325849678600207,1,-0.62685083765957,255,0.245966277260079
0.492606315994635,0.886372342007235,1,-0.990914816998201,373,0.463249093708242
0.162379666697234,0.611911446554586,1,-1.61425892058472,148,-0.705693413451944
0.539636014960706,0.135365463560447,1,-0.398147706554567,328,0.670994951131265
0.465398902771994,0.480144247412682,1,-1.42515322786692,252,-0.155146121928413
0.629372667288408,0.502800136338919,1,1.43741562954121,100,0.336525015356166
0.550722163636237,0.967423649970442,1,-0.594777290798581,401,0.654444688609928
0.0236731264740229,0.508376775775105,1,-1.09426517735917,92,-1.12707593318461
0.611321050906554,0.608370195608586,1,1.4246923802931,170,0.870331230862567
0.503825534135103,0.344434804748744,1,0.746179974888325,188,0.569001901738907
0.506694697774947,0.0326775179710239,1,1.14082969113544,172,0.606787134853989
0.145636297529563,0.310267824446782,1,-0.811955148010588,201,-0.183820339494175
0.839692671084777,0.453907255548984,1,-1.84431529366838,360,-0.105075366457525
0.296814745990559,0.0408904699143022,1,0.848618641709906,87,-0.196714268203348
0.0219438874628395,0.448211713228375,1,1.66409117024848,34,-0.737804462878682
0.373334910487756,0.00851705460809171,1,1.42652992645762,81,0.19787892341619
0.317416365724057,0.38261594180949,1,-0.423382857290474,242,0.193193412799554
0.544698528479785,0.296826021978632,1,0.355141460661434,144,0.170816146654196
0.995522293495014,0.441805148962885,1,0.956087955750768,113,0.183966632453469
0.363806241657585,0.459868756588548,1,0.335204233840953,108,-0.166964301581688
0.769349395763129,0.915254132356495,1,1.52283876483553,135,0.614237493681615
0.47317267418839,0.973100434755906,1,-0.281814135534841,244,0.445756107472797
0.298525197897106,0.544521828414872,1,-0.250269050885046,58,-0.902092675727225
0.991816320689395,0.301369989058003,1,-0.54417545691094,180,-0.0269394534887914
