"RouteDataID","CountryNum","StateNum","Route","RouteName","Latitude","Longitude","NCar","Noise","BirdCount","Time"
6363136,124,11,401,"SALT SPR. IS",48.74932,-123.54811,249,5,2,1
6357503,124,4,109,"MAZEPPA",50.42635,-113.82728,38,2,1,1
6359885,124,4,127,"VIKING",53.10329,-111.76012,3,0,1,1
6358701,124,4,206,"BOWELL",50.22206,-110.96022,4,3,1,1
6357510,124,4,208,"ENCHANT",50.16448,-112.31428,28,1,1,1
6358386,124,4,211,"ACADIA VALLY",51.35788,-110.19278,3,7,3,1
6357973,124,4,212,"SPONDIN",51.76553,-111.51697,1,0,1,1
6359288,124,4,63,"CARDINAL LK",56.27611,-117.82119,18,1,1,1
6360221,124,43,7,"INGRAHAM",62.52539,-114.18089,12,0,1,1
6358911,124,45,111,"ELVA",49.28134,-101.30176,0,0,1,1
6359991,124,45,218,"BIRNIE",50.58765,-99.44659,0,0,1,1
6359020,124,45,49,"LENSWOOD",52.37626,-100.92107,26,1,1,1
6358893,124,45,9,"CROLL",49.34073,-100.12712,49,0,1,1
6358767,124,57,102,"Lords Cove",46.93472,-55.53559,20,0,5,1
6360016,124,57,125,"FLOWERS COVE",51.31228,-56.74056,30,4,3,1
6367169,124,57,19,"NORTHERN ARM",49.17495,-55.37649,26,0,3,1
6357454,124,68,15,"ROBLIN",44.35414,-77.00984,121,5,2,1
6358616,124,68,223,"ST.-EUGENE",45.5,-74.46666,32,0,1,1
6357382,124,68,319,"DALRYMPLE",44.58798,-79.04431,119,1,1,1
6358749,124,75,13,"DALVAY",46.36766,-63.1498,58,2,1,1
6359261,124,76,165,"CAP D'ESPOIR",48.41961,-64.31785,17,4,10,1
6359000,124,76,176,"Ouje-Bougoumou",49.98016,-74.94446,56,3,1,1
6359165,124,76,70,"ILES DE LA MADELEINE",47.39233,-61.90239,70,0,5,1
6358756,124,79,1,"CARNDUFF",49.17711,-101.84405,7,0,2,1
6360167,124,79,109,"CYPRESS HILL",49.66796,-109.74971,3,3,40,1
6358714,124,79,132,"ABERDEEN",52.0567,-106.21899,2,0,2,1
6360183,124,79,150,"DORINTOSH",54.42174,-108.62772,2,0,1,1
6358540,124,79,204,"PARRY",49.63106,-104.71634,1,0,3,1
6358832,124,79,211,"BANGOR",50.85594,-102.30819,15,0,10,1
6358598,124,79,24,"BLADWORTH",51.4165,-106.12166,4,1,32,1
6360041,124,79,250,"Cabana Road",54.07823,-108.27759,22,0,3,1
6358592,124,79,31,"WAKAW",52.72568,-105.70425,11,1,1,1
6360029,124,79,33,"BIGGAR",52.23764,-107.97894,3,0,9,1
6357847,124,93,33,"CANOL ROAD",62.96,-130.45153,0,1,15,1
6357405,840,14,108,"CARMEL VAL",36.4530827,-121.6956939,29,1,5,1
6357075,840,14,112,"PEARBLOSSOM",34.5208799,-117.9406162,16,0,2,1
6359449,840,14,127,"SANGER",36.6992615,-119.5118359,17,0,92,1
6359485,840,14,133,"ELIZABETH LK",34.6685951,-118.3953543,296,5,24,1
6357029,840,14,137,"JACUMBA",32.6119997,-116.2002339,83,0,8,1
6360730,840,14,147,"ARVIN",35.2233697,-118.8782429,827,39,13,1
6357891,840,14,172,"MORAGA",37.8183531,-122.1464708,729,16,38,1
6360199,840,14,179,"YOLLA BOLLY",40.0279597,-122.6387259,47,0,30,1
6359736,840,14,189,"COYOTE",37.2521703,-121.6774341,147,0,1,1
6357046,840,14,226,"ANZA 2",33.5014318,-116.7979649,275,0,1,1
6358943,840,14,240,"WILLOW SPRINGS 2",34.971073,-118.148742,33,1,18,1
6360310,840,14,345,"Harbor Lake 2",33.7909207,-118.2918,578,8,3,1
6360408,840,14,352,"STATEN IS.",38.1231944,-121.525076,56,0,2,1
6360256,840,14,37,"VALLEY WELLS",35.473722,-115.7029053,4,0,11,1
6358845,840,14,406,"TIONESTA",41.6708967,-121.2574609,11,0,4,1
6359539,840,14,416,"MEADOW VALLEY",39.9493657,-121.0380629,30,0,1,1
6360423,840,14,422,"WAWONA",37.4618753,-119.7938035,161,2,1,1
6359929,840,14,430,"MEDICINE MTN.",41.534114,-121.58434,0,0,4,1
6357019,840,14,49,"PALO VERDE",33.4048617,-114.7292329,91,2,34,1
6357056,840,14,503,"Tracy 2",37.665124,-121.73284,72,0,1,1
6360275,840,14,51,"ANZA BORREGO",32.903954,-116.23272,44,0,23,1
6357141,840,14,58,"EUREKA VAL",37.2267497,-117.7611699,0,0,1,1
6357992,840,14,59,"INYOKERN",35.6076917,-117.800197,15,2,9,1
6360255,840,14,64,"TECOPA",35.8040435,-116.1930811,16,0,7,1
6360128,840,14,71,"POINT REYES",38.0453507,-122.8668979,276,0,2,1
6357347,840,14,83,"FAIRFAX",37.9851247,-122.5909499,177,0,90,1
6360270,840,14,88,"COTTONWOOD",33.6738577,-115.8016279,31,0,5,1
6357020,840,14,89,"NILAND",33.2200507,-115.4847789,65,4,51,1
6359454,840,14,99,"S CATALINA",33.3657387,-118.3742829,6,3,1,1
6359774,840,17,217,"TINCUP",38.7474207,-106.431206,183,12,2,1
6358348,840,17,222,"GROUNDHOG RS",37.7801857,-108.0888449,8,0,1,1
6360425,840,17,302,"LAY",40.6681037,-107.8616029,11,0,1,1
6359902,840,17,308,"BAXTER PASS",39.4433277,-108.9548949,4,7,1,1
6359489,840,17,43,"GORDON CREEK",39.6105587,-103.1230999,2,0,2,1
6357229,840,17,48,"GUFFEY",38.982811,-105.5746738,43,0,1,1
6359440,840,18,14,"MID HADDAM",41.5651229,-72.5906625,31,1,2,1
6357062,840,2,102,"COURTLAND",34.6030578,-87.2543912,29,0,1,1
6357396,840,2,218,"BAY MINETTE",30.803493,-87.6374375,142,1,1,1
6357658,840,2,54,"FAIRVIEW",31.2223969,-86.0994295,90,2,40,1
6359341,840,2,71,"WHEELER DAM",34.7961251,-87.3837235,81,1,1,1
6359985,840,21,105,"BLACKBIRD",39.3705837,-75.6392639,11,0,1,1
6359256,840,21,107,"HOLLEYVILLE 2",38.6736346,-75.2351111,0,4,1,1
6358926,840,25,151,"Laurel Hill",30.965694,-86.455486,40,0,22,1
6357995,840,25,178,"REDLANDS",25.618989,-80.4147339,358,1,15,1
6358371,840,25,37,"SANDERSON",30.2531989,-82.1623546,137,0,2,1
6358342,840,25,60,"CALLAHAN",30.5196049,-81.9519897,142,0,1,1
6357211,840,25,74,"ST LUCIE",27.2364427,-80.5471555,96,0,5,1
6360126,840,25,79,"HOMESTEAD",25.4912637,-80.5425082,81,1,6,1
6358862,840,25,84,"CROSS CITY",29.6862263,-83.0674784,103,1,9,1
6357700,840,25,910,"WEBB",26.8177916,-81.9247336,172,0,2,1
6357387,840,25,921,"ST VINCENT I",29.6796829,-85.215292,0,0,11,1
6357065,840,27,13,"WRIGHTSVILLE",32.7366314,-82.7652865,46,1,1,1
6358754,840,27,16,"CREST",32.9365857,-84.4948117,0,3,3,1
6359974,840,27,38,"TAZEWELL",32.3152912,-84.5636584,67,0,2,1
6358624,840,3,28,"KALIFONSKY",60.2959485,-151.2763427,140,0,2,1
6357460,840,3,420,"MT. FAIRPLAY",63.6093407,-142.3235417,1,0,3,1
6359257,840,33,219,"PICABO",43.4007821,-114.252264,34,7,5,1
6360430,840,34,14,"WAYNE",41.9335847,-88.1879809,341,0,3,1
6358272,840,34,3,"HOLCOMB",42.0711057,-89.0756312,79,4,45,1
6358977,840,34,312,"CONCORD WEST",39.8173797,-90.4058819,0,0,1,1
6358807,840,34,50,"MASCOUTAH LK",38.5256201,-89.8193422,32,0,1,1
6357190,840,34,60,"BREMEN",37.9708433,-89.7475091,62,5,1,1
6359031,840,36,22,"KANAWHA",42.9663334,-93.8524963,17,2,3,1
6359614,840,36,28,"SIOUX CITY",42.4902437,-96.3743819,84,2,4,1
6358923,840,36,3,"MELROSE",40.8887105,-93.1717427,33,2,1,1
6358443,840,36,34,"ROCK VALLEY",43.2574697,-96.2756889,14,0,1,1
6357116,840,38,304,"Berwet",37.7959759,-97.4634159,15,0,57,1
6359677,840,38,315,"Grigston",38.4682058,-100.7232236,2,2,1,1
6357176,840,38,37,"MISSLER",37.3143937,-100.4350879,20,0,4,1
6359406,840,39,11,"MONTICELLO",36.8211687,-84.8339909,67,2,1,1
6357102,840,39,22,"HUSTONVILLE",37.470864,-84.8112865,134,2,1,1
6357171,840,39,6,"CEDAR GROVE",36.9907469,-86.6314152,0,0,2,1
6357041,840,42,106,"LTL CHENIER",29.7706489,-93.0158239,7,0,9,1
6357032,840,42,16,"DE RIDDER",30.8315727,-93.3184289,94,0,6,1
6357031,840,42,207,"Sabine NWR 2",29.8912193,-93.401584,26,0,2,1
6357150,840,42,303,"CONCORD",32.9737057,-91.5183169,12,0,1,1
6359521,840,42,311,"FORKED ISLAND",29.5532551,-92.3067829,65,0,4,1
6357027,840,42,52,"KAPLAN",29.9956057,-92.5966809,19,0,60,1
6360269,840,42,54,"NORWOOD",30.9782167,-91.1039109,51,2,2,1
6357026,840,42,56,"DE QUINCY",30.4099932,-93.1678412,117,0,72,1
6358419,840,42,906,"BATON ROUGE",30.4157544,-91.1801812,0,7,2,1
6359084,840,44,19,"HARMONY",44.9876199,-69.4360208,40,0,1,1
6358700,840,46,112,"IJAMSVILLE",39.2945828,-77.3066703,246,6,2,1
6360440,840,46,149,"BERLIN",38.3112181,-75.1181628,11,0,150,1
6359600,840,46,36,"MELITOTA",39.2640947,-76.1481269,57,0,5,1
6357434,840,46,47,"COKESBURY",38.1651924,-75.5797027,20,3,1,1
6360439,840,46,48,"NEWARK",38.2256736,-75.2663372,13,7,60,1
6357636,840,49,2,"BERGLAND",46.6630819,-89.5588862,51,1,3,1
6358459,840,50,15,"PRINCETON",45.6049323,-93.8828669,150,0,1,1
6359826,840,50,21,"CHOKIO",45.5499007,-96.0968314,23,3,50,1
6358235,840,50,29,"GLYNDON",46.9200866,-96.6109471,18,1,1,1
6357464,840,50,3,"HARTLAND",43.8179682,-93.4993444,18,0,1,1
6357760,840,50,50,"GRYGLA",48.3032362,-95.5729652,3,4,11,1
6359159,840,50,57,"WORTHINGTON",43.5869507,-95.7747889,11,3,20,1
6360039,840,50,7,"MILLVILLE",44.2229204,-92.2705246,41,2,14,1
6358816,840,50,8,"LAKEVILLE",44.6596006,-93.3337301,56,0,1,1
6358421,840,50,9,"MINNETONKA",44.974215,-93.471591,386,30,1,1
6357865,840,50,905,"WHITEWATER 2",44.05684,-91.989433,51,0,3,1
6357799,840,51,119,"NECAISE",30.6193407,-89.5109799,35,3,10,1
6357025,840,51,37,"De Soto",31.0534826,-89.2701391,23,1,63,1
6359528,840,51,41,"Holly Springs",34.3507798,-89.1849649,0,1,25,1
6360309,840,52,142,"LURAY",40.583201,-91.823103,10,0,2,1
6358671,840,52,29,"ROCKINGHAM",39.3300772,-93.8041794,10,2,2,1
6359408,840,53,2,"KALISPELL",48.1080187,-114.4619289,56,2,5,1
6360056,840,53,44,"POWDERVILLE",45.9440787,-105.4130672,0,0,1,1
6359809,840,54,27,"SWAN LAKE",42.021567,-99.4624293,0,0,1,1
6360080,840,54,901,"Pine Ridge",42.7519425,-102.9147494,3,0,1,1
6359710,840,55,37,"JARBIDGE",41.9347177,-115.4191359,7,8,1,1
6357066,840,55,906,"ASH MEADOWS",36.4907307,-116.3432079,16,0,6,1
6358482,840,59,204,"PEDRICKTOWN 2",39.6959057,-75.468143,76,3,2,1
6357798,840,59,21,"HIGH POINT",41.3073947,-74.6772749,56,9,1,1
6357225,840,59,3,"SIX POINTS",39.5314149,-75.1074594,187,2,300,1
6357023,840,6,13,"WIKIEUP",34.7270747,-113.9188229,0,0,5,1
6357012,840,6,170,"PALO VERDE 2",33.3339864,-112.677217,14,1,67,1
6357049,840,6,172,"CUTTER 2",33.178809,-110.215069,7,1,39,1
6359742,840,6,177,"RED ROCK 2",32.57312,-111.329123,7,1,31,1
6359451,840,6,20,"NEW RIVER",33.7034749,-112.2723363,239,11,9,1
6359429,840,6,219,"HOPE 2",33.9225847,-113.82479,87,3,4,1
6358886,840,6,233,"SUNIZONA 2",31.75871,-109.73797,4,1,2,1
6359318,840,6,24,"LAGUNA",32.8332815,-114.3988546,62,8,33,1
6357773,840,6,25,"DATELAND",32.9285617,-113.5413359,1,0,2,1
6357073,840,6,29,"SAN SIMON",32.4996877,-109.3368449,1,0,1,1
6359908,840,6,32,"PATAGONIA",31.5175977,-110.7949529,6,0,10,1
6359905,840,6,51,"TOROWEAP",36.2863797,-113.0649869,2,0,1,1
6357042,840,6,56,"RIVIERA",35.1226722,-114.582156,13,1,7,1
6359764,840,6,63,"ALAMO RES.",34.2318174,-113.5975476,4,2,1,1
6357048,840,6,68,"CIBOLA LAKE",33.2314477,-114.668276,4,0,1,1
6359949,840,6,71,"BARTLETT RES",33.8177037,-111.6398389,22,0,99,1
6360140,840,6,73,"ALPINE",33.8668667,-109.1657669,22,1,1,1
6359322,840,6,74,"ARABY",32.8548017,-114.4452209,127,9,168,1
6359915,840,6,78,"REDINGTON",32.5434377,-110.5053099,0,0,13,1
6358462,840,6,82,"SAHUARITA",31.9576267,-110.9446259,25,0,1,1
6357777,840,60,112,"LOGAN",35.4023345,-103.5092263,1,0,1,1
6357469,840,60,2,"NAGEESI",36.1676097,-107.7013619,30,5,4,1
6358864,840,60,59,"VALLECITOS",35.7466305,-106.779464,13,0,1,1
6363697,840,60,67,"PASTURA",34.7803261,-104.9434186,1,1,4,1
6359226,840,60,74,"PEP",33.7433287,-103.6484449,13,15,1,1
6357214,840,60,82,"COLUMBUS",31.8359947,-107.5695189,51,0,14,1
6359988,840,61,98,"WANAKENA",44.1319167,-74.9230359,15,1,1,1
6357186,840,63,101,"SUPPLY",33.9225168,-78.2125169,96,4,3,1
6360347,840,63,12,"JORDAN",35.6755372,-78.3220803,233,1,1,1
6357488,840,63,15,"CLIMAX",35.917637,-79.7044966,170,3,1,1
6358111,840,63,2,"MERRIMON",34.95713,-76.65516,252,0,3,1
6357080,840,63,212,"COKESBURY",35.5245603,-78.9085878,54,0,2,1
6357127,840,63,3,"MYRTLE GROVE",34.1327657,-77.8775469,451,0,21,1
6357215,840,63,917,"Cherokee",35.516915,-83.294801,61,13,1,1
6359379,840,64,12,"BUCHANAN",47.0807973,-99.0545676,18,0,10,1
6357100,840,64,17,"ROLLA",48.7474635,-99.6133701,45,13,87,1
6359387,840,64,4,"EDGELEY",46.3406907,-98.6828159,2,0,21,1
6359892,840,66,24,"BOTKINS",40.4824537,-84.1838359,66,0,1,1
6358529,840,66,46,"BAXTER RIDGE",40.6059796,-81.1683844,32,1,1,1
6357231,840,66,72,"RAY",39.1991097,-82.6751939,39,0,1,1
6359880,840,67,34,"FELT",36.5876204,-102.7866028,24,0,3,1
6359729,840,67,69,"CLEAR LAKE",36.5291627,-100.3431859,17,4,2,1
6359725,840,67,70,"HOOKER",36.7764517,-101.1876829,9,4,3,1
6359881,840,67,71,"KEYES",36.7771067,-102.2655719,3,0,2,1
6358797,840,69,252,"CHINCHALO",42.8675627,-121.8315359,9,0,2,1
6357103,840,7,109,"ULM",34.7008083,-91.7077371,67,2,2,1
6357083,840,7,111,"NANCE",34.7023815,-92.8007333,37,1,1,1
6357105,840,7,112,"Poyen 2",34.35,-92.633333,81,0,2,1
6357079,840,7,42,"England",34.559183,-92.001796,59,0,10,1
6359891,840,72,177,"MT GRETNA 2",40.2721512,-76.4627658,128,1,1,1
6358250,840,72,42,"CANADENSIS",41.2581129,-75.231938,94,1,1,1
6357570,840,72,69,"NAGINEY",40.7019007,-77.5415709,43,0,1,1
6359732,840,72,85,"NEW RINGGOLD",40.6899507,-75.9991309,405,0,1,1
6358600,840,72,903,"WILD CREEK",40.829387,-75.5231529,93,2,1,1
6357133,840,82,15,"COLLINWOOD",35.1607149,-87.6852374,39,0,1,1
6357120,840,82,16,"WRIGLEY",35.8791357,-87.3276749,55,0,1,1
6360720,840,82,24,"TULLAHOMA",35.3582118,-86.2170779,280,0,1,1
6358958,840,83,1,"LAG ATASCOSA",26.1912547,-97.3519969,0,0,2,1
6357255,840,83,108,"FRANKEL CITY",32.1286341,-102.8346237,91,4,1,1
6357203,840,83,184,"CASA PIEDRA",30.0400667,-104.0259486,2,0,1,1
6357842,840,83,189,"BEAR MTN",30.93882,-104.15497,5,0,2,1
6358233,840,83,20,"WINNIE",29.6706502,-94.3415601,52,0,1,1
6357738,840,83,25,"ROCK ISLAND",29.513077,-96.550258,103,8,3,1
6357554,840,83,30,"HONDO",29.3597192,-99.1420313,23,2,1,1
6357259,840,83,329,"FT. STOCKTON",30.5964387,-102.6068259,87,3,4,1
6357808,840,83,330,"COYANDA DRAW",30.6112157,-103.3672874,2,0,3,1
6357815,840,83,331,"TOYAHVALE",30.8111277,-103.9442869,73,0,2,1
6357128,840,83,341,"STILES",31.5830183,-101.7186781,138,0,1,1
6360053,840,83,344,"SALT FLAT",31.7554957,-104.9764329,357,43,1,1
6358820,840,83,349,"MT. SELMAN",32.0682917,-95.2839819,94,1,7,1
6357060,840,83,350,"WILLS POINT",32.7789408,-96.0240475,39,2,21,1
6357264,840,83,356,"MIDLAND",32.0722749,-101.9269126,202,20,1,1
6359180,840,83,358,"GAMBILL REF.",33.6972087,-95.7027429,0,0,2,1
6358744,840,83,378,"SAN PEDRO",26.9305414,-97.65234,0,0,1,1
6357261,840,83,402,"Loyola Beach 2",27.3477527,-97.695112,0,0,2,1
6357071,840,83,432,"QUITMAN CANYON 2",31.0025107,-105.55087,2,0,4,1
6357394,840,83,438,"COMANCHE",31.6159727,-98.6520979,13,0,8,1
6357274,840,83,457,"Smyrna 2",33.0955235,-94.044829,22,2,11,1
6357208,840,83,507,"Bayside 3",28.03785,-97.160194,42,1,3,1
6357059,840,83,58,"ATHENS",32.1808084,-95.7430805,212,3,19,1
6357240,840,83,65,"GRAFORD",32.9898499,-98.389974,119,4,5,1
6357484,840,83,72,"SADLER",33.6818377,-96.7585531,187,2,1,1
6357132,840,83,76,"OLNEY",33.3624717,-98.9245219,7,0,33,1
6360117,840,83,83,"BLACK GAP",29.4492397,-102.8239829,5,0,2,1
6359247,840,83,907,"PADRE ISLAND PAIS",27.5253305,-97.261458,16,0,248,1
6360077,840,83,91,"CORNUDAS",31.7612467,-105.3687429,18,1,15,1
6357828,840,85,10,"OAK CITY",39.3549717,-112.2278059,0,0,1,1
6359465,840,85,104,"GOLD HILL",40.0358487,-113.9835809,5,0,1,1
6359396,840,85,109,"FISH SPRINGS",39.6107407,-113.4837109,2,0,2,1
6358787,840,85,113,"BONANZA",40.0155117,-109.1712729,6,0,3,1
6359132,840,85,120,"MOQUITH MTN",37.0000397,-112.8619309,71,3,2,1
6358655,840,85,158,"M WARNER RES",40.8583267,-109.2579279,8,2,1,1
6360420,840,85,159,"CALLAO",39.8792347,-113.2671429,0,0,1,1
6359184,840,85,20,"NAVAJO LAKE",37.4140427,-112.7998329,98,3,7,1
6357470,840,85,203,"HARDWARE RANCH",41.6247767,-111.7942819,8,20,1,1
6357101,840,85,302,"SNOWVILLE",41.8927397,-112.7760009,0,0,3,1
6358725,840,85,311,"FERRON",39.3222457,-111.4426679,8,2,1,1
6358693,840,85,317,"GREEN RIVER",38.9815407,-110.1670069,11,1,1,1
6363467,840,85,903,"SALERATUS CR",41.2613107,-111.1787939,0,0,6,1
6357653,840,87,7,"POST MILLS",43.8966381,-72.2608612,34,1,1,1
6359434,840,88,102,"TAYLORSTOWN 2",39.2649107,-77.584975,43,5,1,1
6358791,840,88,42,"BRODNAX",36.6079187,-78.0088473,59,1,2,1
6360295,840,88,43,"NEWSOMS",36.6057147,-77.1454409,29,0,1,1
6357604,840,89,182,"Scootney Reservoir",46.7665517,-119.04624,31,0,1,1
6357294,840,89,26,"BICKLETON",45.9666667,-120.25,3,0,1,1
6359674,840,89,4,"NEWHALEM",48.7004247,-121.2122809,98,18,1,1
6358178,840,89,40,"ILWACO",46.2694477,-124.0782779,65,0,4,1
6360025,840,89,75,"MOSES COULEE",47.6640047,-119.6308899,0,0,2,1
6360773,840,89,9,"TAHOLAH",47.3475467,-124.2942279,109,1,1,1
6359596,840,89,951,"HORN RAPIDS",46.3915681,-119.4109939,47,3,1,1
6359502,840,90,140,"MEADLAND",39.1928067,-80.0991062,54,0,1,1
6359245,840,91,49,"CASCO",44.5887327,-87.6425339,18,0,1,1
6358582,840,91,60,"ROLLING PR",43.4565557,-88.7352209,47,0,5,1
6359467,840,92,250,"MOSKEE 2",44.2694606,-104.1752214,0,0,1,1
6358618,840,92,45,"RECLUSE",44.9497577,-105.6623079,13,0,1,1
6359035,840,92,59,"ARMINTO",43.1052467,-107.0216849,3,0,1,1
6359476,840,92,7,"SUNDANCE",44.4252167,-104.4206459,0,0,2,1
6363387,124,11,198,"MASSETT",54.03085,-132.05651,21,0,5,2
6366950,124,11,207,"GRAND FORKS",49.04169,-118.47504,16,4,8,2
6363643,124,11,401,"SALT SPR. IS",48.74932,-123.54811,70,3,2,2
6363791,124,11,409,"BROOKMERE",49.77692,-120.8548,1,3,1,2
6363699,124,4,202,"ETZIKOM COUL",49.34847,-111.79937,0,0,1,2
6362504,124,4,204,"TWIN BUTTE",49.26174,-113.65683,1,0,3,2
6363493,124,4,214,"KATHYRN",51.4154,-113.7321,0,0,2,2
6362159,124,4,309,"CLEAR LAKE",50.01932,-113.39054,32,5,2,2
6363572,124,4,310,"CHAIN LAKES",50.27017,-114.20751,30,1,1,2
6361914,124,4,512,"Onefour",49.10149,-110.56255,8,0,2,2
6360709,124,45,1,"ELMA",49.87065,-95.97518,14,3,2,2
6361613,124,45,111,"ELVA",49.28134,-101.30176,11,0,24,2
6361751,124,45,211,"Broomhill",49.41432,-100.98697,3,2,5,2
6363399,124,45,218,"BIRNIE",50.58765,-99.44659,0,2,1,2
6362101,124,57,102,"Lords Cove",46.93472,-55.53559,10,1,2,2
6367165,124,57,19,"NORTHERN ARM",49.17495,-55.37649,43,0,1,2
6363472,124,57,27,"Port Hope Simpson",52.329499,-56.022598,8,1,5,2
6363163,124,65,117,"SHUBENACADIE",45.29564,-63.44884,64,0,2,2
6363438,124,65,228,"Musquodoboit Harbour",44.932077,-63.238844,68,0,1,2
6362709,124,65,5,"PT MICHAUD",45.58382,-60.73225,5,0,1,2
6361752,124,68,132,"Rawn Reservoir",48.76078,-91.58855,32,4,1,2
6361749,124,68,174,"KAMISKOTIA",48.817,-81.69566,25,0,1,2
6362918,124,68,208,"W. MONTROSE",43.54414,-80.53841,37,0,1,2
6363401,124,68,54,"KENORA",49.72531,-94.24841,0,0,1,2
6363453,124,75,13,"DALVAY",46.36766,-63.1498,0,0,5,2
6363106,124,76,163,"ZEC CASAULT",48.34623,-66.64566,2,4,8,2
6362048,124,76,165,"CAP D'ESPOIR",48.41961,-64.31785,0,0,200,2
6363128,124,76,4,"LACOLLE",45.08068,-73.33089,136,1,2,2
6367075,124,79,113,"EDENWOLD",50.57177,-104.27272,9,2,1,2
6362426,124,79,117,"TOMPKINS",50.31006,-108.9352,7,0,1,2
6361092,124,79,132,"ABERDEEN",52.0567,-106.21899,15,2,4,2
6361754,124,79,15,"PARKBEG",50.48447,-106.27955,9,0,1,2
6363462,124,79,213,"Craven",50.75888,-104.6899,38,0,7,2
6363534,124,79,225,"Donovan",51.6997,-107.13764,34,0,2,2
6363444,124,79,33,"BIGGAR",52.23764,-107.97894,4,0,7,2
6360882,840,14,108,"CARMEL VAL",36.4530827,-121.6956939,11,0,1,2
6361719,840,14,137,"JACUMBA",32.6119997,-116.2002339,92,0,5,2
6363376,840,14,139,"GREENWATER V",36.0509851,-116.5004177,21,0,2,2
6363308,840,14,147,"ARVIN",35.2233697,-118.8782429,0,11,10,2
6360810,840,14,151,"LIKELY",41.2351468,-120.3368295,14,5,2,2
6360711,840,14,154,"CROWLEY LAKE",37.6375765,-118.6550657,10,0,2,2
6361880,840,14,172,"MORAGA",37.8183531,-122.1464708,475,12,11,2
6362486,840,14,190,"COPPEROPOLIS",37.9834939,-120.6452578,546,0,3,2
6361798,840,14,192,"DEEP SPRINGS",37.4158007,-118.0043109,7,0,1,2
6362931,840,14,193,"BODEGA BAY",38.3407717,-123.0480649,99,5,24,2
6361233,840,14,21,"HUGHSON",37.5947824,-120.860951,225,0,2,2
6361802,840,14,226,"ANZA 2",33.5014318,-116.7979649,291,0,1,2
6369476,840,14,231,"JOSHUA TREE 2",34.0138414,-116.16262,301,2,11,2
6362746,840,14,240,"WILLOW SPRINGS 2",34.971073,-118.148742,18,0,11,2
6362428,840,14,252,"Hollister 2",36.8242987,-121.2813,125,1,55,2
6363714,840,14,37,"VALLEY WELLS",35.473722,-115.7029053,3,0,2,2
6363951,840,14,406,"TIONESTA",41.6708967,-121.2574609,12,0,1,2
6360392,840,14,49,"PALO VERDE",33.4048617,-114.7292329,87,1,65,2
6361415,840,14,5,"HONEYDEW",40.2431947,-124.1233439,10,0,2,2
6360847,840,14,51,"ANZA BORREGO",32.903954,-116.23272,22,0,7,2
6363391,840,14,58,"EUREKA VAL",37.2267497,-117.7611699,0,0,2,2
6361087,840,14,59,"INYOKERN",35.6076917,-117.800197,62,2,1,2
6363949,840,14,88,"COTTONWOOD",33.6738577,-115.8016279,29,3,1,2
6360393,840,14,89,"NILAND",33.2200507,-115.4847789,56,2,20,2
6361968,840,14,900,"IRON GATE",41.9024247,-122.5631179,16,0,1,2
6361513,840,14,907,"CHOLLA GARD.",33.9250177,-115.9269019,0,0,4,2
6363709,840,14,99,"S CATALINA",33.3657387,-118.3742829,5,2,1,2
6362737,840,17,153,"RIO GRNDS RS",37.7792747,-107.0036239,73,2,1,2
6361562,840,17,307,"JULESBURG",40.9679121,-102.3257889,2,0,2,2
6363559,840,17,321,"SHERIDAN LAK",38.2460697,-102.2107619,0,0,1,2
6362772,840,17,328,"PRITCHETT",37.2067937,-102.8682559,0,0,1,2
6362441,840,17,33,"WALDEN",40.8796847,-106.4591899,7,0,1,2
6360556,840,17,362,"ELBERT",38.9999639,-104.7380455,22,0,1,2
6361179,840,18,116,"GRANBY",41.8805267,-72.9557559,165,10,1,2
6360647,840,2,205,"VERNON",33.6853138,-88.1671198,22,0,9,2
6361663,840,2,31,"GRANGEBURG",31.0081277,-85.2112631,141,8,2,2
6361293,840,2,46,"GUNTERSVILLE",34.3142387,-86.4773569,327,5,2,2
6360464,840,25,135,"FLAMINGO",25.1388716,-80.9335333,61,0,1,2
6363125,840,25,138,"Doctors Inlet 2",30.0999167,-81.806917,1135,0,1,2
6362054,840,25,159,"Hildreth 2",30.018918,-82.810872,44,0,1,2
6360985,840,25,178,"REDLANDS",25.618989,-80.4147339,447,0,9,2
6361134,840,25,18,"ST AUGUSTINE",29.8899427,-81.3438119,312,3,2,2
6360558,840,25,19,"HILLIARD",30.7202649,-81.9062085,72,1,1,2
6363496,840,25,68,"WINTER GARDN",28.6901383,-81.5469756,1401,0,2,2
6360462,840,25,79,"HOMESTEAD",25.4912637,-80.5425082,49,0,2,2
6360413,840,25,85,"ARIPEKA",28.2764097,-82.6352619,554,14,2,2
6360414,840,25,88,"CLEWISTON",26.750328,-80.902032,66,2,55,2
6360745,840,27,36,"BOWDON",33.5381995,-85.2533567,43,0,3,2
6362895,840,33,211,"CRANE CREEK",44.1957002,-116.5087254,1,0,1,2
6363718,840,34,14,"WAYNE",41.9335847,-88.1879809,377,0,5,2
6361135,840,34,3,"HOLCOMB",42.0711057,-89.0756312,50,2,5,2
6361246,840,34,302,"LAKE SUMMERSET",42.4617907,-89.3817229,11,0,27,2
6360763,840,34,311,"EUBANKS",39.9614287,-91.3007819,14,2,1,2
6362050,840,34,77,"YORK",39.1467916,-87.6692368,21,0,4,2
6361349,840,36,1,"MT HAMILL",40.7698922,-91.6797963,1,0,1,2
6360774,840,36,13,"PANTHER",41.6586017,-94.1444549,43,6,1,2
6360746,840,36,28,"SIOUX CITY",42.4902437,-96.3743819,60,9,1,2
6360503,840,38,304,"Berwet",37.7959759,-97.4634159,9,1,1,2
6360494,840,38,317,"Severance",39.7839097,-95.2272709,12,1,2,2
6361437,840,38,318,"Olsburg",39.6529209,-96.5297375,0,0,1,2
6360416,840,42,16,"DE RIDDER",30.8315727,-93.3184289,65,0,31,2
6362912,840,42,311,"FORKED ISLAND",29.5532551,-92.3067829,109,0,3,2
6360809,840,42,34,"MAURICE",30.0808747,-92.4508969,0,0,3,2
6361881,840,46,123,"DAVIDSNVILLE",38.9888945,-76.6695275,98,2,1,2
6363153,840,46,149,"BERLIN",38.3112181,-75.1181628,14,0,24,2
6362750,840,46,47,"COKESBURY",38.1651924,-75.5797027,20,3,2,2
6362561,840,47,7,"NEWBURYPORT",42.8153398,-70.8188944,51,4,1,2
6363612,840,49,13,"CUNARD",45.8394617,-87.6147779,23,0,1,2
6361085,840,50,30,"TENNEY",46.0800609,-96.4727186,1,0,3,2
6361572,840,51,906,"GRENADA LAKE",33.7956097,-89.6124889,97,1,1,2
6361089,840,51,913,"TRACE LEE",34.15009,-88.81929,262,0,1,2
6360517,840,52,32,"FRAZIER",39.6539807,-94.6654829,1,1,4,2
6361729,840,52,6,"PINEVILLE",36.5642282,-94.2388636,241,0,1,2
6362017,840,53,105,"Whitlash",48.682302,-111.46974,8,0,2,2
6363058,840,53,12,"REDSTONE",48.8382207,-104.8419949,2,0,1,2
6363655,840,53,45,"ALBION",45.3107762,-104.4650383,17,0,1,2
6360622,840,54,13,"IRVINGTON",41.34351,-96.08125,41,1,6,2
6360537,840,54,15,"RICHLAND",41.4820177,-97.1945039,87,0,1,2
6362670,840,54,42,"MULLEN",42.0059106,-101.0465689,24,0,4,2
6360691,840,54,6,"KENESAW",40.6184587,-98.6673129,54,3,1,2
6361846,840,54,8,"SUMNER",40.9376453,-99.5023032,14,2,1,2
6363578,840,55,114,"FALLON",39.4020097,-118.7255249,0,0,1,2
6362734,840,55,143,"RUBY VALLEY 2",40.1798727,-115.4929227,3,1,1,2
6363291,840,55,22,"DOBBIN CREEK",38.8779597,-116.4033739,0,0,4,2
6362594,840,55,27,"HIKO",37.6075607,-115.0336839,39,9,2,2
6362458,840,55,33,"NELSON",35.7087118,-114.7110604,48,2,10,2
6361471,840,55,906,"ASH MEADOWS",36.4907307,-116.3432079,9,0,2,2
6361043,840,58,7,"CONCORD",43.2494327,-71.6191959,94,2,1,2
6362047,840,59,28,"FRIENDSHIP",39.7511224,-74.585006,89,9,1,2
6360617,840,59,3,"SIX POINTS",39.5314149,-75.1074594,202,1,664,2
6362334,840,6,108,"SELIGMAN",35.2307957,-112.5859679,66,0,1,2
6360412,840,6,12,"OATMAN",34.9859877,-114.4831159,15,2,5,2
6360490,840,6,121,"CASA GRANDE",33.0385437,-111.3789069,17,4,2,2
6360675,840,6,126,"Ajo 2",32.4655,-112.86988,137,1,8,2
6360701,840,6,130,"ORGAN PIPE",31.9571917,-112.7999879,11,0,4,2
6363149,840,6,133,"PORTAL",31.9825267,-109.2013399,7,0,1,2
6360391,840,6,170,"PALO VERDE 2",33.3339864,-112.677217,5,0,26,2
6360581,840,6,172,"CUTTER 2",33.178809,-110.215069,12,0,47,2
6360682,840,6,176,"BATES WELL",32.3559327,-112.8270799,6,0,9,2
6363405,840,6,177,"RED ROCK 2",32.57312,-111.329123,13,1,5,2
6360488,840,6,20,"NEW RIVER",33.7034749,-112.2723363,298,8,30,2
6363294,840,6,206,"WILLOW BEACH 2",35.8663187,-114.6620259,16,2,9,2
6360498,840,6,219,"HOPE 2",33.9225847,-113.82479,79,4,2,2
6363007,840,6,24,"LAGUNA",32.8332815,-114.3988546,69,5,482,2
6361815,840,6,25,"DATELAND",32.9285617,-113.5413359,0,0,1,2
6361119,840,6,29,"SAN SIMON",32.4996877,-109.3368449,2,0,1,2
6363221,840,6,32,"PATAGONIA",31.5175977,-110.7949529,15,0,20,2
6363224,840,6,51,"TOROWEAP",36.2863797,-113.0649869,0,0,2,2
6360395,840,6,56,"RIVIERA",35.1226722,-114.582156,32,4,6,2
6362533,840,6,68,"CIBOLA LAKE",33.2314477,-114.668276,5,2,14,2
6363272,840,6,69,"GILA BEND",33.2869987,-112.9375459,0,0,1,2
6363208,840,6,71,"BARTLETT RES",33.8177037,-111.6398389,44,0,23,2
6363002,840,6,74,"ARABY",32.8548017,-114.4452209,132,8,7178,2
6363216,840,6,78,"REDINGTON",32.5434377,-110.5053099,0,0,5,2
6362619,840,6,80,"CABEZA PRIET",32.4009815,-112.9321083,0,3,10,2
6360421,840,6,82,"SAHUARITA",31.9576267,-110.9446259,22,1,1,2
6363229,840,60,112,"LOGAN",35.4023345,-103.5092263,2,0,1,2
6362810,840,60,13,"FENCE LAKE",34.6383511,-108.4498979,39,0,2,2
6363026,840,60,153,"DULCE",36.6191539,-106.9003714,14,0,4,2
6361226,840,60,154,"Angel Fire 2",36.3350337,-105.29169,18,0,6,2
6363052,840,60,158,"MT. TAYLOR 2",35.4463117,-107.443336,0,0,2,2
6360539,840,60,2,"NAGEESI",36.1676097,-107.7013619,7,4,2,2
6363321,840,60,263,"SALT LAKE 2",34.341296,-108.523606,0,0,1,2
6360832,840,60,75,"RED ROCK",32.3972197,-108.7266319,2,0,6,2
6361444,840,63,101,"SUPPLY",33.9225168,-78.2125169,74,5,52,2
6362406,840,63,2,"MERRIMON",34.95713,-76.65516,239,0,11,2
6361047,840,63,204,"MAPLE HILL",34.5909333,-77.7928721,44,3,20,2
6360529,840,63,205,"MONTAGUE",34.4014777,-78.0548779,39,0,3,2
6363235,840,63,24,"ARCOLA",36.2540309,-77.9795614,120,3,2,2
6360497,840,63,3,"MYRTLE GROVE",34.1327657,-77.8775469,726,5,6,2
6362613,840,63,329,"JARVISBURG 2",36.4199384,-75.9245906,81,0,12,2
6364298,840,64,11,"HORSEHEAD LK",47.0675197,-99.6292032,0,0,2,2
6362928,840,64,12,"BUCHANAN",47.0807973,-99.0545676,24,0,103,2
6361430,840,64,16,"WEBSTER",48.2818817,-98.7246389,2,2,3,2
6361510,840,64,17,"ROLLA",48.7474635,-99.6133701,10,5,5,2
6362456,840,64,24,"LORAINE",48.8647667,-101.5405509,41,15,4,2
6364304,840,64,28,"DENBIGH",48.4004127,-100.6573939,10,1,1,2
6362160,840,64,39,"POWERS LAKE",48.6621167,-102.6906819,20,2,1,2
6362937,840,64,4,"EDGELEY",46.3406907,-98.6828159,21,0,1,2
6361114,840,66,107,"LIMESTONE",41.5440972,-83.4580032,51,2,2,2
6360616,840,66,72,"RAY",39.1991097,-82.6751939,40,0,1,2
6362953,840,67,24,"COLLINSVILLE",36.4091897,-95.8134099,11,0,2,2
6363369,840,67,56,"HOLLIS",34.9870807,-99.9762579,4,0,3,2
6362363,840,67,906,"HEE MOUNTAIN",34.3930749,-94.653845,5,0,1,2
6362875,840,69,35,"JOSEPH",45.2809207,-117.2062679,32,6,2,2
6361372,840,69,906,"Bull Run",45.4256434,-122.2238378,0,2,1,2
6360477,840,7,112,"Poyen 2",34.35,-92.633333,98,0,1,2
6360880,840,7,38,"Marshall",35.939336,-92.442323,4,0,1,2
6360480,840,7,42,"England",34.559183,-92.001796,79,1,15,2
6361121,840,72,43,"SUSQUEHANNA",41.9413666,-75.6172024,24,0,1,2
6360530,840,72,88,"JEFFERSON",39.9302972,-80.0595075,91,0,1,2
6362836,840,81,3,"HOWARD",43.9499467,-97.4702229,5,0,7,2
6361896,840,83,1,"LAG ATASCOSA",26.1912547,-97.3519969,0,0,2,2
6360544,840,83,108,"FRANKEL CITY",32.1286341,-102.8346237,99,8,1,2
6360448,840,83,16,"GEORGE WEST",28.2807187,-98.3175579,535,4,90,2
6361095,840,83,17,"CAMPBELLTON",28.6737143,-98.38854,42,3,25,2
6360444,840,83,189,"BEAR MTN",30.93882,-104.15497,8,0,1,2
6361554,840,83,20,"WINNIE",29.6706502,-94.3415601,70,0,9,2
6361079,840,83,209,"ENCINAL 2",27.9766671,-99.266437,12,5,1,2
6360511,840,83,25,"ROCK ISLAND",29.513077,-96.550258,73,6,73,2
6363698,840,83,306,"OYSTER LAKE",28.6112037,-96.2152819,34,2,1,2
6362422,840,83,327,"ROCKSPRING",30.0156927,-100.2140109,23,0,1,2
6360434,840,83,331,"TOYAHVALE",30.8111277,-103.9442869,57,0,11,2
6361162,840,83,336,"BONNER",31.8611947,-96.2228399,104,1,5,2
6360485,840,83,345,"SIERRA BLANC",31.2076027,-105.3339159,2,1,1,2
6360577,840,83,352,"WHIT MTN.",32.6265908,-98.3699292,76,4,7,2
6362423,840,83,369,"CLAYTONVILLE",34.3754727,-101.5755389,23,0,1,2
6361529,840,83,373,"DALHART",35.9930757,-102.5674219,50,0,3,2
6362610,840,83,378,"SAN PEDRO",26.9305414,-97.65234,3,0,3,2
6362106,840,83,402,"Loyola Beach 2",27.3477527,-97.695112,0,0,3,2
6360453,840,83,409,"MILLETT 2",28.5427,-99.28532,117,4,1,2
6360510,840,83,432,"QUITMAN CANYON 2",31.0025107,-105.55087,2,0,1,2
6362237,840,83,507,"Bayside 3",28.03785,-97.160194,49,0,13,2
6360478,840,83,54,"PEAR VALLEY",31.2869724,-99.5652708,15,0,8,2
6360878,840,83,55,"WINCHELL",31.5020577,-99.1642919,24,0,1,2
6360479,840,83,62,"GLEN ROSE",32.2930094,-97.8146904,180,11,2,2
6362908,840,83,70,"MILLER GROVE",33.0520824,-95.8107075,56,4,2,2
6360501,840,83,76,"OLNEY",33.3624717,-98.9245219,11,0,2,2
6361387,840,83,77,"HENRIETTA",33.6772857,-98.2913439,27,1,18,2
6362171,840,83,901,"L. ATASCOSA NWR",26.2449087,-97.3490589,0,0,3,2
6361088,840,83,902,"GOLIAD PRAIRIE",28.5204581,-97.0481342,61,3,1,2
6362630,840,83,97,"CIRCLE",34.2015977,-102.2361909,5,0,4,2
6361975,840,85,152,"BEAR RIVER",41.5821437,-112.0839389,23,5,10,2
6363588,840,85,17,"HANKSVILLE",38.3728587,-110.7118149,52,1,2,2
6363587,840,85,267,"GILSON BUTTE 2",38.6304603,-110.5665511,5,0,2,2
6361588,840,85,302,"SNOWVILLE",41.8927397,-112.7760009,0,0,49,2
6364104,840,85,306,"KAMAS",40.6360057,-111.3142929,126,3,4,2
6362676,840,85,34,"SKYLINE DRIV",39.5919247,-111.2646329,3,0,1,2
6363046,840,85,906,"LOGAN CANYON",41.8017747,-111.5600429,194,7,3,2
6362764,840,88,17,"FINCASTLE",37.4881381,-79.873929,157,6,1,2
6363637,840,88,29,"WHITE STONE",37.6595013,-76.341428,135,1,1,2
6363489,840,89,69,"OMAK CREEK",48.2241597,-119.0483859,23,0,1,2
6363204,840,89,9,"TAHOLAH",47.3475467,-124.2942279,122,0,5,2
6360807,840,90,149,"LOST RIVER",38.9686037,-78.8453529,8,10,3,2
6360536,840,91,146,"Omro 2",44.0331367,-88.704253,81,2,1,2
6362288,840,91,2,"IRON RIVER",46.5232187,-91.4282439,57,1,4,2
6361067,840,91,9,"HUDSON",45.0280407,-92.7478269,0,0,20,2
6363446,840,92,78,"SAND DRAW",42.6373937,-108.1937259,20,0,1,2
6361474,840,92,88,"SHAWNEE",42.73286,-105.009503,4,5,1,2
6363895,124,11,85,"HUDSON HOPE",56.03028,-121.90827,78,0,1,3
6364850,124,4,310,"CHAIN LAKES",50.27017,-114.20751,26,7,2,3
6364967,124,45,111,"ELVA",49.28134,-101.30176,2,0,7,3
6366962,124,45,209,"GRAND CLAIRI",49.50274,-100.70386,0,0,2,3
6366699,124,45,218,"BIRNIE",50.58765,-99.44659,0,10,1,3
6366902,124,45,9,"CROLL",49.34073,-100.12712,37,0,1,3
6366415,124,57,10,"O'REGANS",47.86874,-59.19222,64,3,1,3
6365633,124,57,125,"FLOWERS COVE",51.31228,-56.74056,44,3,1,3
6364710,124,57,14,"BUCHANS",48.80759,-56.78723,32,0,1,3
6365891,124,57,6,"GRAND BANK",47.09373,-55.73472,66,0,1,3
6366749,124,68,260,"GERALDTON",49.7346,-86.94987,0,0,1,3
6363944,124,68,312,"GLENDOWER",44.54259,-76.67859,13,0,45,3
6364491,124,68,9,"GODERICH",43.83194,-81.69966,38,1,1,3
6363979,124,76,107,"Les Cèdres",45.3488075,-74.0276096,43,2,1,3
6365195,124,76,59,"MONT JOLI",48.54875,-68.22258,147,0,1,3
6364572,124,76,68,"PTE-A-LA-FRÉGATE",49.20396,-64.92619,86,2,70,3
6366901,124,76,70,"ILES DE LA MADELEINE",47.39233,-61.90239,102,4,20,3
6365526,124,79,104,"CEYLON",49.43546,-104.58456,0,0,4,3
6365806,124,79,113,"EDENWOLD",50.57177,-104.27272,15,0,2,3
6364672,124,79,133,"ASQUITH",52.23109,-107.40788,123,9,1,3
6364910,124,79,250,"Cabana Road",54.07823,-108.27759,62,2,1,3
6366814,124,79,33,"BIGGAR",52.23764,-107.97894,2,0,10,3
6364479,124,79,40,"PARK VALLEY",53.71513,-106.7304,3,0,1,3
6366908,124,79,402,"Mankota",49.45006,-107.48622,7,0,3,3
6365864,124,79,420,"Bordeland",49.02875,-105.99056,3,0,1,3
6363765,840,14,112,"PEARBLOSSOM",34.5208799,-117.9406162,86,0,3,3
6366717,840,14,122,"CUYAMACA PK",32.9845324,-116.6771527,110,0,2,3
6366377,840,14,127,"SANGER",36.6992615,-119.5118359,75,0,21,3
6366714,840,14,137,"JACUMBA",32.6119997,-116.2002339,124,0,4,3
6365866,840,14,153,"GOLD HILL",38.7687607,-120.9253159,196,0,1,3
6363928,840,14,172,"MORAGA",37.8183531,-122.1464708,324,0,1,3
6364705,840,14,176,"CLEAR LK RES",41.8190067,-121.0692617,0,0,4,3
6365972,840,14,190,"COPPEROPOLIS",37.9834939,-120.6452578,616,0,1,3
6367206,840,14,193,"BODEGA BAY",38.3407717,-123.0480649,93,7,20,3
6364874,840,14,21,"HUGHSON",37.5947824,-120.860951,143,0,1,3
6365247,840,14,22,"BASS LAKE",37.3670857,-119.6302109,78,3,1,3
6366727,840,14,226,"ANZA 2",33.5014318,-116.7979649,376,0,1,3
6365338,840,14,240,"WILLOW SPRINGS 2",34.971073,-118.148742,21,0,8,3
6365793,840,14,37,"VALLEY WELLS",35.473722,-115.7029053,0,0,2,3
6364080,840,14,408,"MADELINE",41.0534621,-120.4745547,2,2,1,3
6365454,840,14,421,"COULTERVILLE",37.7104224,-120.1968622,11,2,3,3
6366035,840,14,427,"ALAMAR",34.7072417,-119.6177289,0,0,2,3
6363720,840,14,48,"GLAMIS",33.0446677,-115.1445009,1,1,8,3
6363725,840,14,49,"PALO VERDE",33.4048617,-114.7292329,94,2,31,3
6363797,840,14,503,"Tracy 2",37.665124,-121.73284,120,5,1,3
6364106,840,14,51,"ANZA BORREGO",32.903954,-116.23272,22,1,5,3
6366258,840,14,58,"EUREKA VAL",37.2267497,-117.7611699,0,0,1,3
6363875,840,14,59,"INYOKERN",35.6076917,-117.800197,67,6,5,3
6366849,840,14,64,"TECOPA",35.8040435,-116.1930811,7,0,2,3
6365957,840,14,82,"WOODFORDS",38.7754607,-119.8237379,62,15,2,3
6365164,840,14,83,"FAIRFAX",37.9851247,-122.5909499,210,5,6,3
6363730,840,14,89,"NILAND",33.2200507,-115.4847789,82,1,24,3
6365837,840,14,907,"CHOLLA GARD.",33.9250177,-115.9269019,73,5,1,3
6365854,840,17,204,"DEADMAN RD.",40.7597487,-105.4722069,21,0,1,3
6366470,840,17,205,"GROVER",40.8566157,-104.5420149,8,0,1,3
6364492,840,17,206,"STONEHAM",40.5807997,-103.6580889,1,0,1,3
6366592,840,17,213,"LIMON",39.373985,-103.7867237,5,0,2,3
6366872,840,17,425,"MESITA",37.0988956,-105.5210119,3,0,1,3
6366591,840,17,48,"GUFFEY",38.982811,-105.5746738,31,0,1,3
6363811,840,18,116,"GRANBY",41.8805267,-72.9557559,147,10,1,3
6366461,840,2,142,"ELBERTA",30.370222,-87.6024375,100,1,2,3
6366465,840,2,218,"BAY MINETTE",30.803493,-87.6374375,126,2,2,3
6363853,840,2,30,"NEWTON",31.3388298,-85.5895835,81,8,4,3
6364635,840,2,46,"GUNTERSVILLE",34.3142387,-86.4773569,348,4,1,3
6364439,840,2,54,"FAIRVIEW",31.2223969,-86.0994295,101,3,32,3
6365731,840,2,71,"WHEELER DAM",34.7961251,-87.3837235,105,0,2,3
6364490,840,21,105,"BLACKBIRD",39.3705837,-75.6392639,15,0,3,3
6363824,840,25,10,"COVINGTON",30.2734632,-83.8569684,37,0,1,3
6364936,840,25,138,"Doctors Inlet 2",30.0999167,-81.806917,615,0,3,3
6364645,840,25,171,"SANDY 2",27.2920427,-82.0563269,41,0,1,3
6365823,840,25,178,"REDLANDS",25.618989,-80.4147339,443,2,14,3
6363761,840,25,28,"PINECREST",25.7510497,-80.9676799,9,0,10,3
6364636,840,25,66,"NOBLETON",28.6471072,-82.1719367,135,0,2,3
6363724,840,25,67,"PENNYWASH CR",28.1011187,-80.8980039,88,0,15,3
6364066,840,25,79,"HOMESTEAD",25.4912637,-80.5425082,67,0,11,3
6363764,840,25,82,"PALMDALE",26.8751997,-81.3585199,336,0,1,3
6366888,840,25,86,"ALVA",26.9459847,-81.7610009,408,14,1,3
6364639,840,25,905,"CROOM",28.5817572,-82.1873953,58,1,7,3
6364297,840,25,922,"CHASSAHOWITZ",28.6793707,-82.5663679,4,1,7,3
6366141,840,27,102,"FOLKSTON",30.741228,-82.071315,73,0,1,3
6363845,840,27,123,"WHITESBURG",33.6361338,-84.8855164,229,10,2,3
6365135,840,27,16,"CREST",32.9365857,-84.4948117,3,4,6,3
6365586,840,27,36,"BOWDON",33.5381995,-85.2533567,67,0,1,3
6365737,840,3,433,"ANVIK RIVER",62.9209173,-160.6919837,0,0,1,3
6366604,840,3,55,"TONSINA",61.6605217,-145.1834259,76,0,1,3
6364856,840,3,903,"KUSKULANA",61.5260959,-144.4072212,3,1,1,3
6364694,840,33,904,"CIRCULAR BU",43.5602019,-112.8721588,5,0,1,3
6363857,840,34,1,"GUILFORD",42.2101956,-90.0603721,9,2,2,3
6365313,840,34,16,"NEWARK",41.530722,-88.5743214,138,1,1,3
6364418,840,34,17,"SHERBURNVILL",41.2187664,-87.5816027,272,12,1,3
6364265,840,34,25,"BARTONVILLE",40.6004653,-89.6657014,74,1,1,3
6364230,840,34,3,"HOLCOMB",42.0711057,-89.0756312,61,3,6,3
6363820,840,34,46,"BRADBURY",39.3149204,-88.195176,11,2,2,3
6365713,840,34,56,"OLNEY",38.70688,-88.1676148,0,0,34,3
6364892,840,34,8,"GENESEO",41.4846401,-90.217325,41,1,1,3
6364232,840,35,10,"FOWLER",40.6790779,-87.3633993,40,4,10,3
6364565,840,35,24,"FRIENDSWOOD",39.6400767,-86.2882699,107,1,1,3
6364182,840,35,303,"LAGRANGE",41.750602,-85.4765733,36,1,1,3
6365987,840,35,311,"NEW CASTLE",39.9464269,-85.0906911,0,0,1,3
6365427,840,35,6,"MIDDLEBURY",41.7259077,-85.6760109,68,0,1,3
6366183,840,36,10,"WILLIAMSBURG",41.6735997,-92.2602299,0,0,1,3
6369246,840,38,15,"BARCLAY",38.5354618,-95.8576087,11,0,1,3
6365734,840,38,22,"GRAY",38.2040337,-99.6617889,30,7,7,3
6366373,840,38,316,"Leoti",38.1914654,-101.3590971,0,0,4,3
6367211,840,42,17,"SHAW",31.1887275,-91.6715765,58,0,1,3
6364019,840,42,207,"Sabine NWR 2",29.8912193,-93.401584,33,0,10,3
6366693,840,42,30,"GLENCOE",29.7156229,-91.8769586,102,5,2,3
6364219,840,42,308,"WOODLAWN",30.2754072,-92.962092,3,0,13,3
6366184,840,42,906,"BATON ROUGE",30.4157544,-91.1801812,105,8,1,3
6366728,840,44,13,"HARTFORD",44.3340297,-70.2908259,0,0,1,3
6364797,840,44,4,"KITTERY PT",43.0811777,-70.7139509,234,7,4,3
6365745,840,46,112,"IJAMSVILLE",39.2945828,-77.3066703,324,1,1,3
6364985,840,46,47,"COKESBURY",38.1651924,-75.5797027,26,4,12,3
6366464,840,47,19,"CHESTERFIELD",42.3761743,-72.8474923,17,5,1,3
6365127,840,49,128,"HARRIETTA",44.1177897,-85.8031169,20,2,1,3
6365611,840,49,64,"OWENDALE",43.7291437,-83.2673559,147,14,2,3
6366906,840,50,102,"Chatfield 2",43.89763,-92.091025,7,4,21,3
6365393,840,50,14,"DAWSON",44.9793225,-96.0833142,9,2,2,3
6366162,840,51,104,"MOON",34.4218377,-90.4983459,61,2,1,3
6364445,840,51,119,"NECAISE",30.6193407,-89.5109799,19,2,12,3
6366036,840,51,229,"LATIMER",30.4987757,-88.7992689,41,2,50,3
6363766,840,51,25,"ABERDEEN",33.8691757,-88.6571809,61,1,1,3
6366197,840,51,906,"GRENADA LAKE",33.7956097,-89.6124889,54,1,10,3
6366981,840,52,2,"PULASKI",36.5936897,-90.7479869,38,0,6,3
6365308,840,52,29,"ROCKINGHAM",39.3300772,-93.8041794,12,9,1,3
6365995,840,52,35,"TRENTON",40.0903817,-93.5563439,1,1,1,3
6363866,840,52,54,"HILDA",36.6429207,-92.9744729,1,0,1,3
6367092,840,52,59,"MARSHFIELD",37.3383177,-92.8345789,39,0,1,3
6365935,840,52,6,"PINEVILLE",36.5642282,-94.2388636,165,0,1,3
6364940,840,52,68,"KIRKSVILLE",40.1681387,-92.5154419,16,0,1,3
6365646,840,52,7,"CP GIRARDEAU",37.3066269,-89.526555,75,0,1,3
6364002,840,53,131,"Flatwillow 2",46.9022197,-108.3468,7,2,1,3
6366109,840,53,29,"TWO DOT",46.3295907,-110.0515279,3,0,1,3
6365985,840,53,4,"HAY LAKE",48.9576837,-112.3253929,27,0,2,3
6363858,840,54,13,"IRVINGTON",41.34351,-96.08125,48,0,1,3
6366709,840,54,32,"TABLE",41.1770247,-100.0548479,5,0,1,3
6363856,840,54,7,"KEARNEY",40.6406757,-98.8760679,25,0,2,3
6365220,840,55,10,"CORTEZ",40.0802831,-116.5858881,3,0,1,3
6366894,840,55,103,"CHIMNEY RES.",41.4177434,-117.4503139,3,0,2,3
6364443,840,55,143,"RUBY VALLEY 2",40.1798727,-115.4929227,7,0,1,3
6366879,840,55,2,"PIUTE MDWS",41.3171877,-118.9004059,4,0,2,3
6365902,840,55,33,"NELSON",35.7087118,-114.7110604,20,1,1,3
6363827,840,55,906,"ASH MEADOWS",36.4907307,-116.3432079,2,0,20,3
6366382,840,58,11,"WILMOT",43.4568165,-71.8805982,23,2,1,3
6366043,840,59,19,"KEMAH LAKE",41.1181687,-74.7967659,61,0,1,3
6363834,840,59,3,"SIX POINTS",39.5314149,-75.1074594,176,1,891,3
6366802,840,6,107,"PEACH SPRING",35.5541565,-113.3760172,268,1,2,3
6363733,840,6,121,"CASA GRANDE",33.0385437,-111.3789069,5,3,3,3
6365009,840,6,126,"Ajo 2",32.4655,-112.86988,114,7,4,3
6363731,840,6,127,"CACTUS FOREST",32.9583127,-111.3334729,130,2,1,3
6363762,840,6,13,"WIKIEUP",34.7270747,-113.9188229,0,0,5,3
6367133,840,6,130,"ORGAN PIPE",31.9571917,-112.7999879,229,15,36,3
6363723,840,6,170,"PALO VERDE 2",33.3339864,-112.677217,6,2,10,3
6363851,840,6,172,"CUTTER 2",33.178809,-110.215069,17,2,36,3
6367146,840,6,176,"BATES WELL",32.3559327,-112.8270799,0,0,4,3
6366623,840,6,206,"WILLOW BEACH 2",35.8663187,-114.6620259,8,0,249,3
6363773,840,6,219,"HOPE 2",33.9225847,-113.82479,123,5,3,3
6367145,840,6,233,"SUNIZONA 2",31.75871,-109.73797,11,2,4,3
6365559,840,6,24,"LAGUNA",32.8332815,-114.3988546,20,2,250,3
6363775,840,6,29,"SAN SIMON",32.4996877,-109.3368449,0,0,19,3
6363751,840,6,31,"PEÑA BLANCA",31.387449,-111.064564,4,1,3,3
6366546,840,6,32,"PATAGONIA",31.5175977,-110.7949529,31,0,1,3
6363728,840,6,56,"RIVIERA",35.1226722,-114.582156,41,5,10,3
6365005,840,6,63,"ALAMO RES.",34.2318174,-113.5975476,8,1,1,3
6366840,840,6,68,"CIBOLA LAKE",33.2314477,-114.668276,4,0,10,3
6366498,840,6,69,"GILA BEND",33.2869987,-112.9375459,0,0,1,3
6366366,840,6,71,"BARTLETT RES",33.8177037,-111.6398389,36,0,36,3
6365560,840,6,74,"ARABY",32.8548017,-114.4452209,115,6,85,3
6366375,840,6,78,"REDINGTON",32.5434377,-110.5053099,4,0,8,3
6363726,840,6,80,"CABEZA PRIET",32.4009815,-112.9321083,0,0,16,3
6363746,840,6,82,"SAHUARITA",31.9576267,-110.9446259,5,0,4,3
6363774,840,6,84,"Wickenburg",33.962204,-112.77163,32,1,38,3
6366738,840,60,10,"PECOS",35.5743487,-105.6755989,35,1,1,3
6363789,840,60,25,"GAGE",32.3245289,-108.1067589,0,1,3,3
6364394,840,60,52,"COUNSELOR",36.4327042,-107.4794163,12,2,1,3
6363799,840,60,75,"RED ROCK",32.3972197,-108.7266319,2,0,4,3
6365667,840,60,82,"COLUMBUS",31.8359947,-107.5695189,13,0,11,3
6365554,840,61,123,"MILFORD",42.5913477,-74.9252479,30,3,1,3
6364282,840,61,70,"CICERO CTR",43.1693497,-76.0264589,322,10,1,3
6365341,840,63,10,"SPEED",35.9691437,-77.4434709,49,1,1,3
6365644,840,63,14,"SAXAPAHAW",35.9898149,-79.4688523,87,4,1,3
6364175,840,63,17,"OAKBORO",35.2194291,-80.2919201,252,1,1,3
6365992,840,63,2,"MERRIMON",34.95713,-76.65516,231,0,40,3
6364446,840,63,204,"MAPLE HILL",34.5909333,-77.7928721,62,0,1,3
6363756,840,63,212,"COKESBURY",35.5245603,-78.9085878,60,0,1,3
6365379,840,63,231,"JACKSON",36.5332729,-77.3771141,17,0,7,3
6363788,840,63,3,"MYRTLE GROVE",34.1327657,-77.8775469,460,0,1,3
6366105,840,63,306,"OLD TRAP",36.1860407,-76.0089199,110,1,1,3
6366101,840,63,329,"JARVISBURG 2",36.4199384,-75.9245906,158,0,12,3
6365473,840,64,10,"WIMBLEDON",47.1679867,-98.4885929,40,2,1,3
6365785,840,64,12,"BUCHANAN",47.0807973,-99.0545676,16,0,1,3
6364723,840,64,18,"NILES",48.2672307,-99.3513109,4,3,2,3
6364722,840,64,23,"CARPIO",48.4447167,-101.6472319,0,0,2,3
6370345,840,64,42,"SHEYENNE LK",47.6462687,-100.0542839,0,0,1,3
6367040,840,64,5,"LAKE GEORGE",46.8060287,-99.4688039,2,0,1,3
6364293,840,66,107,"LIMESTONE",41.5440972,-83.4580032,39,4,2,3
6364454,840,66,181,"SOUTH OLIVE",39.5671857,-81.5807429,15,8,1,3
6365595,840,66,901,"WAYNE N.F.",38.6865963,-82.6150863,0,0,1,3
6373700,840,67,12,"CANADIAN",35.1693515,-95.6484468,21,0,1,3
6366166,840,67,24,"COLLINSVILLE",36.4091897,-95.8134099,0,0,1,3
6366430,840,67,56,"HOLLIS",34.9870807,-99.9762579,2,0,1,3
6365844,840,69,249,"SHEAVILLE",43.3301972,-117.08403,1,0,2,3
6366156,840,7,10,"SOUTH BEND",34.0487397,-91.4995419,14,1,1,3
6363881,840,7,109,"ULM",34.7008083,-91.7077371,75,0,1,3
6363829,840,7,22,"COAL HILL",35.4263985,-93.6640897,169,0,1,3
6363946,840,7,28,"COMPTON",36.1206137,-93.2802279,52,3,1,3
6363802,840,7,39,"Havana",35.075027,-93.68179,6,7,1,3
6363729,840,7,42,"England",34.559183,-92.001796,69,1,4,3
6363937,840,72,177,"MT GRETNA 2",40.2721512,-76.4627658,99,1,1,3
6366256,840,72,275,"LEOLA",40.2005127,-76.1717449,58,3,1,3
6363813,840,72,54,"SHELOCTA",40.6673234,-79.2349941,53,7,5,3
6363852,840,72,56,"MARGARET",40.8006168,-79.3662002,154,4,1,3
6363783,840,72,69,"NAGINEY",40.7019007,-77.5415709,36,5,3,3
6363996,840,81,2,"TRIPP",43.284162,-97.8751124,2,0,93,3
6366112,840,83,1,"LAG ATASCOSA",26.1912547,-97.3519969,0,1,3,3
6363769,840,83,114,"INDIAN MTN",29.6237867,-100.4213549,1,0,3,3
6364812,840,83,136,"HEARNE",30.7618885,-96.7200416,109,4,15,3
6364174,840,83,140,"DRIPPING SPG",30.2495701,-98.0582098,34,0,1,3
6365216,840,83,15,"HOBSON",28.9215455,-97.9666688,66,0,1,3
6363848,840,83,159,"CHANDLER 2",32.2333023,-95.5174446,137,4,1,3
6363735,840,83,16,"GEORGE WEST",28.2807187,-98.3175579,350,3,11,3
6363732,840,83,17,"CAMPBELLTON",28.6737143,-98.38854,25,4,3,3
6364835,840,83,179,"HASKELL",33.3645608,-99.6563415,60,2,7,3
6364462,840,83,19,"LA PRYOR",28.9477668,-99.8539016,884,48,1,3
6364515,840,83,20,"WINNIE",29.6706502,-94.3415601,53,0,26,3
6364561,840,83,209,"ENCINAL 2",27.9766671,-99.266437,40,7,53,3
6364695,840,83,21,"STOWELL",29.7343527,-94.4007057,45,0,1,3
6364419,840,83,28,"BOERNE",29.8739777,-98.6494589,126,10,1,3
6364116,840,83,303,"SEJITA",27.2961057,-98.5051649,10,1,1,3
6366409,840,83,304,"LAREDO",27.7100642,-99.72838,33,1,5,3
6366975,840,83,306,"OYSTER LAKE",28.6112037,-96.2152819,25,3,3,3
6364519,840,83,311,"PORT ACRES",29.9141577,-94.0432501,105,0,1,3
6363758,840,83,317,"MONTELL",29.5379301,-100.0117796,49,2,1,3
6363772,840,83,330,"COYANDA DRAW",30.6112157,-103.3672874,25,0,1,3
6363770,840,83,331,"TOYAHVALE",30.8111277,-103.9442869,77,0,1,3
6366689,840,83,333,"ALEXANDER ST",31.6172317,-93.9263149,37,1,1,3
6364100,840,83,337,"BRUCEVILLE",31.3255877,-97.2409279,19,0,1,3
6364884,840,83,341,"STILES",31.5830183,-101.7186781,164,1,1,3
6363790,840,83,345,"SIERRA BLANC",31.2076027,-105.3339159,8,0,2,3
6364168,840,83,378,"SAN PEDRO",26.9305414,-97.65234,3,0,2,3
6367073,840,83,402,"Loyola Beach 2",27.3477527,-97.695112,20,0,1,3
6363738,840,83,409,"MILLETT 2",28.5427,-99.28532,65,8,110,3
6363804,840,83,432,"QUITMAN CANYON 2",31.0025107,-105.55087,1,0,184,3
6365092,840,83,48,"KOSSE",31.3143036,-96.6110675,10,1,4,3
6364128,840,83,54,"PEAR VALLEY",31.2869724,-99.5652708,12,0,1,3
6364688,840,83,72,"SADLER",33.6818377,-96.7585531,202,0,1,3
6364200,840,83,77,"HENRIETTA",33.6772857,-98.2913439,14,0,7,3
6365350,840,83,901,"L. ATASCOSA NWR",26.2449087,-97.3490589,0,0,1,3
6365053,840,85,152,"BEAR RIVER",41.5821437,-112.0839389,57,0,3,3
6366117,840,85,158,"M WARNER RES",40.8583267,-109.2579279,0,0,2,3
6364986,840,85,170,"DIXIE NF",37.4597237,-112.3240509,9,2,1,3
6363777,840,85,2,"PROMONTORY",41.2587657,-112.4954989,3,3,1,3
6364467,840,85,20,"NAVAJO LAKE",37.4140427,-112.7998329,84,7,2,3
6363806,840,85,302,"SNOWVILLE",41.8927397,-112.7760009,0,0,65,3
6366088,840,85,305,"GRANTSVILLE",40.5999027,-112.4806369,72,1,1,3
6367140,840,85,901,"NEPONSET RES",41.2755777,-111.2019889,0,0,1,3
6367143,840,85,903,"SALERATUS CR",41.2613107,-111.1787939,0,0,9,3
6364514,840,88,910,"GLOUCESTER",37.4990712,-76.4739316,67,0,1,3
6364335,840,88,917,"CAPE CHARLES",37.1171662,-75.9688638,77,1,3,3
6365101,840,89,14,"MOSES LAKE",47.0871717,-119.2576519,46,2,2,3
6366658,840,89,67,"SUIATTLE RIV",48.2356347,-121.1791839,13,1,1,3
6367148,840,89,72,"MUKILTEO",47.9220717,-122.3002169,173,1,12,3
6367187,840,89,75,"MOSES COULEE",47.6640047,-119.6308899,12,4,1,3
6366590,840,89,9,"TAHOLAH",47.3475467,-124.2942279,72,0,13,3
6364849,840,89,905,"DECEPTION",48.4960717,-122.6255719,125,9,1,3
6367154,840,89,951,"HORN RAPIDS",46.3915681,-119.4109939,0,0,1,3
6363817,840,90,52,"CLINTON",40.0890487,-80.6889494,113,9,1,3
6364589,840,91,167,"VERONA",43.0002617,-89.6668479,473,0,1,3
6364337,840,91,19,"PHILLIPS",45.6572627,-90.1872869,56,0,1,3
6364006,840,91,25,"POPPLE RIVER",45.8427157,-88.8778549,29,6,1,3
6367160,840,91,307,"RHINELANDER",45.6998027,-89.1251229,33,0,7,3
6364736,840,91,322,"HOLLAND",44.3429157,-88.0496139,99,1,1,3
6367158,840,91,51,"VIROQUA",43.5329127,-90.8675449,29,0,1,3
6364824,840,91,60,"ROLLING PR",43.4565557,-88.7352209,33,2,1,3
6364414,840,91,63,"PT WASHINGTN",43.3759057,-87.8785709,26,0,8,3
6365159,840,92,108,"ROCK RIVER",41.9956527,-105.5510869,0,0,2,3
6370630,124,11,198,"MASSETT",54.03085,-132.05651,6,0,3,4
6369173,124,11,201,"VICTORIA",48.40459,-123.34957,446,10,5,4
6369915,124,11,205,"CRESTON",49.07317,-116.52268,132,8,27,4
6369873,124,11,217,"TOBY CREEK RD",50.517019,-116.030916,27,9,1,4
6370632,124,11,300,"Skidegate Lake",53.20804,-131.79334,0,1,1,4
6368672,124,11,611,"Barrowtown",49.129994,-122.029039,132,1,1,4
6368282,124,4,127,"VIKING",53.10329,-111.76012,1,0,1,4
6370587,124,4,155,"HYTHE",55.31601,-119.66554,78,10,1,4
6368361,124,45,112,"SPRINGER LK",50.50584,-95.46974,2,0,9,4
6368898,124,45,205,"GRAYSVILLE",49.51136,-98.16004,1,0,1,4
6368560,124,45,21,"BEULAH",50.29948,-101.06148,51,9,4,4
6369035,124,45,303,"Green Ridge",49.04514,-97.183639,3,7,1,4
6369560,124,45,307,"Hilton",49.48794,-99.81088,0,0,10,4
6370460,124,45,9,"CROLL",49.34073,-100.12712,61,1,1,4
6369979,124,57,1,"TREPASSEY",46.70801,-53.4743,16,0,48,4
6374113,124,57,12,"TERRA NOVA",48.64839,-53.87089,63,5,2,4
6370596,124,57,21,"ST PAULS",49.85593,-57.79948,113,2,1,4
6367470,124,76,1,"EARDLEY",45.55411,-76.11098,14,0,25,4
6368496,124,76,59,"MONT JOLI",48.54875,-68.22258,65,0,12,4
6370456,124,76,68,"PTE-A-LA-FRÉGATE",49.20396,-64.92619,100,0,85,4
6370371,124,76,70,"ILES DE LA MADELEINE",47.39233,-61.90239,47,0,8,4
6369373,124,79,113,"EDENWOLD",50.57177,-104.27272,15,0,1,4
6370349,124,79,120,"WILLOWBROOK",51.09238,-102.75534,5,0,1,4
6370144,124,79,122,"SERATH",51.27037,-104.47251,5,0,1,4
6370050,124,79,123,"FARRERDALE",51.41636,-105.82708,6,0,1,4
6367529,124,79,211,"BANGOR",50.85594,-102.30819,16,0,1,4
6370426,124,79,213,"Craven",50.75888,-104.6899,37,0,3,4
6370720,840,14,108,"CARMEL VAL",36.4530827,-121.6956939,16,0,7,4
6367369,840,14,122,"CUYAMACA PK",32.9845324,-116.6771527,134,0,1,4
6369401,840,14,127,"SANGER",36.6992615,-119.5118359,56,1,1,4
6367363,840,14,137,"JACUMBA",32.6119997,-116.2002339,97,1,4,4
6368495,840,14,173,"LOCKWOOD",35.9222607,-121.0644229,62,4,1,4
6368044,840,14,189,"COYOTE",37.2521703,-121.6774341,227,2,1,4
6367833,840,14,21,"HUGHSON",37.5947824,-120.860951,193,0,1,4
6368569,840,14,240,"WILLOW SPRINGS 2",34.971073,-118.148742,36,0,6,4
6367673,840,14,345,"Harbor Lake 2",33.7909207,-118.2918,479,3,1,4
6368675,840,14,37,"VALLEY WELLS",35.473722,-115.7029053,0,0,12,4
6367231,840,14,48,"GLAMIS",33.0446677,-115.1445009,0,3,7,4
6367234,840,14,49,"PALO VERDE",33.4048617,-114.7292329,101,1,7,4
6370225,840,14,57,"MORRO BAY",35.2565319,-120.8880009,0,1,2,4
6367334,840,14,59,"INYOKERN",35.6076917,-117.800197,5,4,10,4
6368635,840,14,64,"TECOPA",35.8040435,-116.1930811,3,0,9,4
6367912,840,14,69,"IRON MTNS",34.0883297,-115.1040949,63,1,2,4
6368518,840,14,83,"FAIRFAX",37.9851247,-122.5909499,266,0,1,4
6367637,840,14,84,"BENTON",37.8002217,-118.5296169,19,0,1,4
6370625,840,14,88,"COTTONWOOD",33.6738577,-115.8016279,12,0,1,4
6367236,840,14,89,"NILAND",33.2200507,-115.4847789,70,7,20,4
6367781,840,14,907,"CHOLLA GARD.",33.9250177,-115.9269019,101,11,9,4
6367232,840,14,92,"ALAMO RIVER",32.8471607,-115.4338989,67,7,7,4
6368397,840,17,126,"CONE MTN",37.6256667,-104.3100659,3,0,4,4
6367364,840,17,48,"GUFFEY",38.982811,-105.5746738,29,0,4,4
6367387,840,2,141,"ALABAMA PT 2",30.2816323,-87.5183917,617,9,1,4
6367252,840,2,49,"WEDGEWORTH",32.8055085,-87.7643955,80,1,1,4
6369525,840,2,71,"WHEELER DAM",34.7961251,-87.3837235,120,1,3,4
6367642,840,21,1,"MT PLEASANT",39.5003037,-75.6860679,0,1,1,4
6368533,840,21,105,"BLACKBIRD",39.3705837,-75.6392639,17,0,6,4
6368973,840,25,11,"STEINHATCHEE",29.6686989,-83.3782062,129,4,1,4
6367460,840,25,116,"CITRUS PARK",28.0402277,-82.5089729,0,0,1,4
6370062,840,25,178,"REDLANDS",25.618989,-80.4147339,483,2,11,4
6367471,840,25,61,"PINETTA",30.5193097,-83.2158819,152,0,1,4
6368112,840,25,66,"NOBLETON",28.6471072,-82.1719367,123,0,3,4
6368868,840,25,68,"WINTER GARDN",28.6901383,-81.5469756,1745,2,1,4
6367917,840,25,81,"DEVILS GARDN",26.5587549,-81.126711,133,1,1,4
6367230,840,25,88,"CLEWISTON",26.750328,-80.902032,100,2,1,4
6367396,840,25,906,"GREEN SWAMP",28.3029119,-81.9184945,0,3,1,4
6369106,840,27,34,"JACKSONBORO",32.8829954,-81.637766,9,1,1,4
6369369,840,33,29,"COOLIN",48.4797897,-116.8492509,14,3,1,4
6369034,840,34,1,"GUILFORD",42.2101956,-90.0603721,0,1,20,4
6367343,840,34,25,"BARTONVILLE",40.6004653,-89.6657014,49,0,2,4
6370105,840,34,301,"LAKE GALENA",42.3972257,-90.2808839,10,2,1,4
6369788,840,34,307,"CLAYTON",40.0179525,-90.9316336,0,0,1,4
6369270,840,34,9,"PUTNAM",41.1849333,-89.4568609,7,1,1,4
6367531,840,35,11,"W LAFAYETTE",40.4076491,-87.0361216,109,3,1,4
6368927,840,35,314,"GEORGIA",38.7671667,-86.5484989,26,1,1,4
6370391,840,36,1,"MT HAMILL",40.7698922,-91.6797963,0,1,2,4
6370116,840,38,2,"GALESBURG",37.5148587,-95.3249979,14,1,1,4
6370075,840,38,26,"GRANTVILLE",39.0805438,-95.5671042,5,0,1,4
6369936,840,38,38,"RULETON",39.1767667,-101.9689869,2,1,2,4
6368556,840,38,9,"COATS",37.5142707,-98.8298029,3,0,1,4
6367822,840,39,120,"Million 2",37.2448,-87.3322,76,0,1,4
6368625,840,42,106,"LTL CHENIER",29.7706489,-93.0158239,13,0,2,4
6367260,840,42,208,"PEARL RIVER",30.2700817,-89.8453979,173,0,1,4
6367408,840,44,4,"KITTERY PT",43.0811777,-70.7139509,265,4,7,4
6367502,840,46,123,"DAVIDSNVILLE",38.9888945,-76.6695275,97,1,1,4
6367998,840,46,44,"VIENNA",38.5203297,-75.7964256,28,1,1,4
6367483,840,50,57,"WORTHINGTON",43.5869507,-95.7747889,18,9,3,4
6369626,840,50,6,"ASH CREEK",43.5872765,-96.1830378,43,12,10,4
6368761,840,50,64,"NEW LONDON",45.2573787,-94.8259589,45,1,1,4
6370451,840,50,905,"WHITEWATER 2",44.05684,-91.989433,41,0,1,4
6368972,840,51,119,"NECAISE",30.6193407,-89.5109799,32,1,2,4
6370859,840,51,23,"MACON",33.1507326,-88.6241136,15,1,1,4
6369117,840,52,70,"MCFALL",40.1002567,-94.1422189,25,3,2,4
6369185,840,53,304,"SHELBY",48.566383,-111.579335,3,3,1,4
6368481,840,54,15,"RICHLAND",41.4820177,-97.1945039,69,0,1,4
6367498,840,54,7,"KEARNEY",40.6406757,-98.8760679,18,0,7,4
6369837,840,55,15,"TOIYABE NF",39.0044442,-117.4662536,12,0,1,4
6369849,840,55,22,"DOBBIN CREEK",38.8779597,-116.4033739,2,0,1,4
6367985,840,55,33,"NELSON",35.7087118,-114.7110604,1,0,9,4
6367707,840,55,906,"ASH MEADOWS",36.4907307,-116.3432079,9,0,4,4
6367569,840,59,3,"SIX POINTS",39.5314149,-75.1074594,205,0,1380,4
6367354,840,59,30,"OCEAN CITY",39.2953945,-74.5547951,0,11,9,4
6368638,840,6,107,"PEACH SPRING",35.5541565,-113.3760172,183,0,1,4
6367241,840,6,12,"OATMAN",34.9859877,-114.4831159,27,1,1,4
6367421,840,6,121,"CASA GRANDE",33.0385437,-111.3789069,14,10,49,4
6368582,840,6,126,"Ajo 2",32.4655,-112.86988,105,6,61,4
6370718,840,6,130,"ORGAN PIPE",31.9571917,-112.7999879,24,1,23,4
6370373,840,6,133,"PORTAL",31.9825267,-109.2013399,5,0,1,4
6367233,840,6,170,"PALO VERDE 2",33.3339864,-112.677217,21,0,8,4
6367247,840,6,172,"CUTTER 2",33.178809,-110.215069,6,0,43,4
6370719,840,6,176,"BATES WELL",32.3559327,-112.8270799,9,2,18,4
6367224,840,6,206,"WILLOW BEACH 2",35.8663187,-114.6620259,9,0,23,4
6367225,840,6,219,"HOPE 2",33.9225847,-113.82479,112,4,15,4
6368335,840,6,24,"LAGUNA",32.8332815,-114.3988546,20,2,11,4
6367262,840,6,29,"SAN SIMON",32.4996877,-109.3368449,0,0,17,4
6367251,840,6,31,"PEÑA BLANCA",31.387449,-111.064564,2,0,3,4
6368186,840,6,32,"PATAGONIA",31.5175977,-110.7949529,22,0,1,4
6367235,840,6,56,"RIVIERA",35.1226722,-114.582156,48,0,6,4
6368578,840,6,63,"ALAMO RES.",34.2318174,-113.5975476,9,4,67,4
6367867,840,6,68,"CIBOLA LAKE",33.2314477,-114.668276,8,0,9,4
6369929,840,6,69,"GILA BEND",33.2869987,-112.9375459,0,0,1,4
6368117,840,6,71,"BARTLETT RES",33.8177037,-111.6398389,27,0,17,4
6368334,840,6,74,"ARABY",32.8548017,-114.4452209,218,13,17,4
6368176,840,6,78,"REDINGTON",32.5434377,-110.5053099,3,0,6,4
6367239,840,6,80,"CABEZA PRIET",32.4009815,-112.9321083,0,0,10,4
6367253,840,6,82,"SAHUARITA",31.9576267,-110.9446259,14,1,6,4
6367240,840,6,84,"Wickenburg",33.962204,-112.77163,33,2,26,4
6369601,840,60,164,"MAGDALENA",34.17281,-107.3003133,1,0,1,4
6367263,840,60,25,"GAGE",32.3245289,-108.1067589,0,1,2,4
6367497,840,60,75,"RED ROCK",32.3972197,-108.7266319,1,1,1,4
6367258,840,60,82,"COLUMBUS",31.8359947,-107.5695189,45,3,1,4
6367352,840,61,14,"W SHOKAN",41.985822,-74.329198,32,4,1,4
6367948,840,61,53,"HAMBURG",42.6805707,-78.8216099,198,0,1,4
6367305,840,63,101,"SUPPLY",33.9225168,-78.2125169,107,5,2,4
6368669,840,64,1,"FORMAN",46.1531849,-97.6746757,8,0,1,4
6368213,840,64,17,"ROLLA",48.7474635,-99.6133701,27,9,1,4
6367873,840,64,18,"NILES",48.2672307,-99.3513109,7,1,1,4
6369860,840,64,26,"STANLEY",48.2692787,-102.4614329,4,6,1,4
6370001,840,64,38,"WILD ROSE",48.5899857,-103.0592269,15,1,1,4
6369235,840,64,4,"EDGELEY",46.3406907,-98.6828159,6,1,8,4
6368676,840,64,44,"TURTLE MTNS",48.8496871,-100.2489187,11,0,1,4
6371828,840,66,85,"ASH RIDGE",38.9081057,-83.7588579,38,0,1,4
6370244,840,67,69,"CLEAR LAKE",36.5291627,-100.3431859,13,3,3,4
6367685,840,69,142,"NICOLAI MTN.",46.0240767,-123.368287,71,0,1,4
6369056,840,69,160,"Bly  2",42.38999,-121.01745,4,0,3,4
6369394,840,69,231,"CATLOW RIM",42.6557897,-118.9886249,9,1,15,4
6370724,840,69,41,"GARFIELD",45.2552468,-122.2563686,188,22,1,4
6369397,840,69,62,"FISH LAKE",42.9576667,-118.8677979,1,0,1,4
6369392,840,72,180,"SCHAEFFERSTOWN 2",40.2953187,-76.3233736,0,4,1,4
6367315,840,72,61,"WILLIAMSBURG",40.428119,-78.203532,31,3,1,4
6370235,840,72,84,"COLLEGEVILLE",40.168557,-75.4610252,203,0,1,4
6369342,840,81,10,"VOLGA",44.2320836,-96.9486732,8,0,1,4
6369490,840,81,121,"TURTON",45.1555417,-98.2072839,29,1,23,4
6368780,840,81,20,"FORBES",45.9390434,-98.8284656,0,0,1,4
6370187,840,81,23,"LONG LAKE",45.8541675,-99.2629045,5,0,5,4
6368250,840,81,37,"LODGEPOLE",45.8344327,-102.9426799,10,0,6,4
6367341,840,82,202,"PAWPAW 2",36.3065622,-89.364692,17,5,1,4
6367246,840,83,159,"CHANDLER 2",32.2333023,-95.5174446,179,2,42,4
6367237,840,83,17,"CAMPBELLTON",28.6737143,-98.38854,24,5,5,4
6367324,840,83,179,"HASKELL",33.3645608,-99.6563415,16,0,4,4
6367944,840,83,20,"WINNIE",29.6706502,-94.3415601,57,0,1,4
6369695,840,83,209,"ENCINAL 2",27.9766671,-99.266437,7,3,5,4
6367249,840,83,21,"STOWELL",29.7343527,-94.4007057,113,5,408,4
6369579,840,83,218,"CATARINA 3",28.355252,-99.618303,34,8,1,4
6367839,840,83,22,"DANBURY",29.1267731,-95.2442265,89,8,2,4
6367687,840,83,23,"KATY",29.7863554,-95.831598,35,0,1,4
6367245,840,83,25,"ROCK ISLAND",29.513077,-96.550258,92,5,2,4
6367339,840,83,26,"MULDOON",29.7858555,-97.0259942,11,0,1,4
6367335,840,83,30,"HONDO",29.3597192,-99.1420313,68,0,1,4
6367478,840,83,303,"SEJITA",27.2961057,-98.5051649,28,0,1,4
6367243,840,83,306,"OYSTER LAKE",28.6112037,-96.2152819,22,2,170,4
6367267,840,83,31,"UTOPIA",29.5611028,-99.5393332,94,4,2,4
6367273,840,83,326,"ALLEN CREEK",30.3038597,-99.7103499,60,0,2,4
6369827,840,83,366,"CHARLIE",34.0984847,-98.3157739,0,0,25,4
6367979,840,83,373,"DALHART",35.9930757,-102.5674219,23,2,2,4
6367271,840,83,378,"SAN PEDRO",26.9305414,-97.65234,14,0,6,4
6368048,840,83,402,"Loyola Beach 2",27.3477527,-97.695112,7,0,1,4
6367289,840,83,432,"QUITMAN CANYON 2",31.0025107,-105.55087,0,0,39,4
6368492,840,83,439,"SHIELDS 2",31.5930797,-99.4248794,5,3,2,4
6367248,840,83,448,"EASTON 2",32.3870612,-94.5702105,35,4,103,4
6369389,840,83,507,"Bayside 3",28.03785,-97.160194,37,3,67,4
6369786,840,83,57,"CROSSROADS",32.4388568,-94.1555047,0,0,1,4
6367370,840,83,62,"GLEN ROSE",32.2930094,-97.8146904,189,14,8,4
6368851,840,83,901,"L. ATASCOSA NWR",26.2449087,-97.3490589,0,0,14,4
6367918,840,85,315,"PINE CREEK",38.5160977,-112.6055759,6,20,1,4
6368749,840,85,907,"RED SPUR MTN.",41.6398477,-111.3184129,1,0,1,4
6367310,840,87,4,"LANDGROVE",43.2885447,-72.8507919,13,4,1,4
6367373,840,88,26,"HALL",37.9811797,-77.8218239,172,0,2,4
6369410,840,88,41,"WYLLIESBURG",36.8559727,-78.5908119,32,1,1,4
6369103,840,89,32,"CUSICK",48.3856347,-117.2723999,2,2,1,4
6370260,840,89,40,"ILWACO",46.2694477,-124.0782779,75,0,3,4
6369853,840,89,9,"TAHOLAH",47.3475467,-124.2942279,100,0,1,4
6370263,840,89,907,"VASHON IS.",47.3451457,-122.4583439,57,0,3,4
6370285,840,90,150,"SHANGHAI",39.4443357,-78.1386329,33,4,1,4
6368546,840,90,23,"VALLEY HEAD",38.6064757,-80.0236509,165,9,1,4
6367853,840,90,30,"GREEN BANK",38.3707667,-79.8181159,131,19,2,4
6367344,840,90,52,"CLINTON",40.0890487,-80.6889494,135,10,1,4
6368984,840,91,49,"CASCO",44.5887327,-87.6425339,13,0,2,4
6369499,840,92,123,"FLAMIN GORGE",41.3426037,-109.5838619,13,5,25,4
6373583,124,11,313,"DUCK LAKE",49.78313,-124.17869,47,2,1,5
6373511,124,11,339,"HAINES SUMMIT",59.78907,-136.59568,4,2,1,5
6371445,124,4,11,"CEREAL",51.00887,-110.7956,21,0,1,5
6372886,124,4,214,"KATHYRN",51.4154,-113.7321,0,0,1,5
6373790,124,4,229,"CALMAR",53.3377,-113.85339,32,16,1,5
6373469,124,43,2,"FORT MCPHERSON",67.34099,-134.87009,1,0,1,5
6373471,124,43,3,"MACKENZIE R",67.4588,-133.7623,1,0,1,5
6373878,124,45,1,"ELMA",49.87065,-95.97518,11,2,2,5
6371407,124,45,112,"SPRINGER LK",50.50584,-95.46974,2,0,12,5
6371930,124,45,209,"GRAND CLAIRI",49.50274,-100.70386,0,0,2,5
6373611,124,45,218,"BIRNIE",50.58765,-99.44659,0,0,3,5
6373802,124,45,26,"ZELENA",51.40373,-101.22415,5,1,1,5
6371716,124,45,311,"Stony Creek",49.41432,-100.98697,0,0,1,5
6373651,124,57,1,"TREPASSEY",46.70801,-53.4743,22,1,261,5
6371183,124,68,211,"EASTONS CORNERS",44.7746,-75.97061,20,0,1,5
6373943,124,68,326,"ESMONDE",45.37971,-77.02318,20,1,1,5
6372788,124,75,1,"ALBERTON",47.01855,-63.99116,63,7,1,5
6373937,124,76,102,"BLANC SABLON",51.427783,-57.152314,0,0,8,5
6371672,124,76,107,"Les Cèdres",45.3488075,-74.0276096,38,2,2,5
6371206,124,76,156,"LAC LA BELLE RIVIÈRE",48.09664,-71.78683,4,0,15,5
6373757,124,76,165,"CAP D'ESPOIR",48.41961,-64.31785,46,0,50,5
6373492,124,76,53,"ST PRIME",48.58036,-72.43237,59,11,1,5
6373719,124,76,68,"PTE-A-LA-FRÉGATE",49.20396,-64.92619,70,0,6,5
6373568,124,79,104,"CEYLON",49.43546,-104.58456,5,0,4,5
6373446,124,79,121,"GOODEVE",51.03356,-103.62083,1,0,2,5
6372215,124,79,132,"ABERDEEN",52.0567,-106.21899,46,1,1,5
6373638,124,79,2,"ARCOLA",49.61003,-102.59344,44,0,1,5
6373656,124,79,213,"Craven",50.75888,-104.6899,16,0,200,5
6373449,124,79,420,"Bordeland",49.02875,-105.99056,0,0,9,5
6371153,124,93,111,"Marsh Lake",60.586,-134.73569,35,1,1,5
6373987,124,93,38,"LITTLE SALMON RIVER",62.18423,-135.08786,3,0,1,5
6370776,840,14,112,"PEARBLOSSOM",34.5208799,-117.9406162,21,0,3,5
6372053,840,14,122,"CUYAMACA PK",32.9845324,-116.6771527,145,0,1,5
6373021,840,14,13,"WESTVILLE",39.1239687,-120.7596199,10,1,1,5
6372046,840,14,137,"JACUMBA",32.6119997,-116.2002339,100,0,1,5
6372230,840,14,16,"RIOVISTA",38.0878897,-121.7519384,61,2,2,5
6371975,840,14,187,"ZAMORA",38.7939347,-121.8400349,118,0,1,5
6373030,840,14,190,"COPPEROPOLIS",37.9834939,-120.6452578,435,7,2,5
6373885,840,14,193,"BODEGA BAY",38.3407717,-123.0480649,93,2,1,5
6373162,840,14,195,"GREENFIELD",36.257393,-121.4234494,76,1,4,5
6370755,840,14,240,"WILLOW SPRINGS 2",34.971073,-118.148742,31,0,3,5
6373476,840,14,252,"Hollister 2",36.8242987,-121.2813,196,0,2,5
6373512,840,14,37,"VALLEY WELLS",35.473722,-115.7029053,3,0,5,5
6371829,840,14,4,"CRESCENT CTY",41.6955943,-124.1417935,122,1,1,5
6372275,840,14,46,"MORENO",33.9285177,-117.1214679,487,1,1,5
6370733,840,14,49,"PALO VERDE",33.4048617,-114.7292329,85,1,93,5
6371782,840,14,51,"ANZA BORREGO",32.903954,-116.23272,38,1,20,5
6372966,840,14,57,"MORRO BAY",35.2565319,-120.8880009,398,0,1,5
6373513,840,14,64,"TECOPA",35.8040435,-116.1930811,21,0,4,5
6370811,840,14,83,"FAIRFAX",37.9851247,-122.5909499,151,0,36,5
6373761,840,14,88,"COTTONWOOD",33.6738577,-115.8016279,5,2,3,5
6370734,840,14,89,"NILAND",33.2200507,-115.4847789,20,7,27,5
6370885,840,14,907,"CHOLLA GARD.",33.9250177,-115.9269019,85,12,1,5
6373025,840,14,98,"FOLSOM",38.7202247,-121.0356899,72,1,3,5
6373228,840,17,21,"LAMAR",38.1437717,-102.5212329,0,0,1,5
6370808,840,17,213,"LIMON",39.373985,-103.7867237,1,0,2,5
6373564,840,17,221,"NEEGRANDE",38.2958688,-102.7381166,7,0,1,5
6371018,840,17,412,"PROSPECT VALLEY 2",39.9848652,-104.5086695,14,2,1,5
6373303,840,17,46,"CASTLETON",38.5920517,-106.9174979,25,8,1,5
6371052,840,17,48,"GUFFEY",38.982811,-105.5746738,11,0,7,5
6371127,840,17,5,"BRIGGSDALE",40.5963537,-104.2027819,2,1,3,5
6373061,840,17,903,"MESAVERDE NP",37.2704067,-108.4824304,117,4,6,5
6370843,840,18,116,"GRANBY",41.8805267,-72.9557559,136,15,3,5
6370902,840,2,140,"DAUPHIN IS 2",30.248466,-88.1123348,220,3,2,5
6371705,840,2,211,"AUTAUGAVILLE",32.4860839,-86.5697685,8,3,5,5
6370745,840,2,218,"BAY MINETTE",30.803493,-87.6374375,128,0,5,5
6370828,840,2,24,"SPRAGUE",32.1312407,-86.2754989,14,1,1,5
6372052,840,2,48,"EPES",32.6807827,-88.1229309,18,6,1,5
6370823,840,2,65,"CALEBEE",32.4341515,-85.8711729,18,0,1,5
6371262,840,25,113,"ISLAND GROVE",29.4553574,-82.119094,122,0,1,5
6370735,840,25,131,"INDIANTOWN 2",27.040791,-80.368467,84,0,2,5
6370754,840,25,159,"Hildreth 2",30.018918,-82.810872,28,1,1,5
6372419,840,25,178,"REDLANDS",25.618989,-80.4147339,411,2,3,5
6371321,840,25,25,"SCOTTSMOOR",28.7481187,-80.8712309,187,0,1,5
6371425,840,25,5,"BROAD BRANCH",30.3372497,-85.2869789,130,2,1,5
6371470,840,25,64,"DEANVILLE",29.4080424,-81.1983453,115,5,1,5
6373313,840,25,66,"NOBLETON",28.6471072,-82.1719367,207,4,2,5
6370740,840,25,88,"CLEWISTON",26.750328,-80.902032,57,0,2,5
6373153,840,25,910,"WEBB",26.8177916,-81.9247336,0,0,1,5
6373149,840,25,911,"CORBETT",26.8544437,-80.2678139,15,3,1,5
6372149,840,27,21,"NEWTON",31.2906127,-84.4058069,105,3,1,5
6371063,840,27,314,"OWENSBORO",31.911593,-83.3946338,80,3,1,5
6370748,840,27,317,"PHILEMA",31.7538576,-84.0168649,19,1,2,5
6370779,840,27,38,"TAZEWELL",32.3152912,-84.5636584,176,0,1,5
6371334,840,27,7,"FITZGERALD",31.7059705,-83.2438622,68,1,1,5
6370991,840,34,1,"GUILFORD",42.2101956,-90.0603721,0,0,1,5
6371005,840,34,17,"SHERBURNVILL",41.2187664,-87.5816027,133,2,6,5
6372402,840,34,20,"STILLWELL",40.2137205,-91.1829978,19,0,8,5
6372187,840,34,3,"HOLCOMB",42.0711057,-89.0756312,139,3,10,5
6371354,840,34,320,"Fairdale",42.04939,-88.68449,55,3,1,5
6371556,840,34,45,"JANESVILLE",39.3671938,-88.2670255,59,9,1,5
6371816,840,35,11,"W LAFAYETTE",40.4076491,-87.0361216,100,4,1,5
6374086,840,35,308,"DECATUR",40.8100197,-84.9562309,114,1,1,5
6371264,840,35,316,"CYPRSS",37.9142237,-87.6297459,20,0,12,5
6372047,840,35,41,"SCOTTSBURG",38.6347156,-85.7471699,111,2,1,5
6372058,840,35,901,"INDIANA DUNE",41.70464,-86.9325362,48,2,1,5
6373003,840,36,25,"CLARE",42.6019638,-94.295246,0,0,1,5
6371670,840,36,28,"SIOUX CITY",42.4902437,-96.3743819,73,8,43,5
6372697,840,36,3,"MELROSE",40.8887105,-93.1717427,21,9,10,5
6372675,840,38,16,"WREFORD",38.9939527,-96.9002609,16,4,3,5
6373273,840,38,24,"WALLACE",38.7278307,-101.6508259,0,2,1,5
6371108,840,38,304,"Berwet",37.7959759,-97.4634159,24,0,1,5
6373659,840,38,317,"Severance",39.7839097,-95.2272709,18,0,2,5
6371659,840,39,6,"CEDAR GROVE",36.9907469,-86.6314152,0,0,2,5
6373636,840,42,102,"GRAND ISLE",29.2604957,-89.9634259,333,10,1,5
6371490,840,42,106,"LTL CHENIER",29.7706489,-93.0158239,2,1,22,5
6370759,840,42,124,"Rayville 2",32.385442,-91.65069,116,7,18,5
6371990,840,42,16,"DE RIDDER",30.8315727,-93.3184289,61,0,1,5
6371923,840,42,34,"MAURICE",30.0808747,-92.4508969,14,3,15,5
6370961,840,44,4,"KITTERY PT",43.0811777,-70.7139509,281,9,74,5
6371027,840,46,11,"OLNEY",39.1514457,-77.0930269,159,3,2,5
6370965,840,46,123,"DAVIDSNVILLE",38.9888945,-76.6695275,107,1,1,5
6372758,840,46,145,"WALNUT",38.3003961,-75.5666203,147,15,1,5
6373640,840,46,47,"COKESBURY",38.1651924,-75.5797027,17,5,2,5
6373328,840,46,8,"WOLFSVILLE",39.5780009,-77.5489971,23,1,1,5
6373818,840,47,104,"WELLFLEET 2",41.9783157,-70.040604,303,7,1,5
6371294,840,47,14,"BELCHERTOWN",42.2697823,-72.3589728,34,1,1,5
6371778,840,47,6,"BROCKTON",42.0823387,-70.8662472,114,0,1,5
6371028,840,49,166,"ROCHESTER",42.7553807,-83.1776269,128,6,1,5
6370875,840,49,24,"TAHQUAMENON",46.6107147,-85.2062669,33,0,3,5
6372879,840,50,153,"CALEDONIA 2",43.5007917,-91.2948909,21,2,1,5
6371838,840,50,38,"SHERRY LAKE",47.6168332,-93.1946352,10,0,1,5
6371675,840,50,57,"WORTHINGTON",43.5869507,-95.7747889,20,7,1,5
6373398,840,50,905,"WHITEWATER 2",44.05684,-91.989433,58,4,1,5
6372183,840,51,229,"LATIMER",30.4987757,-88.7992689,55,3,5,5
6370751,840,51,25,"ABERDEEN",33.8691757,-88.6571809,60,2,4,5
6372269,840,51,905,"TALLAHATCHIE",33.9855857,-90.1939619,5,0,100,5
6372887,840,52,1,"DEVENTER",36.8252566,-89.2477946,60,1,94,5
6372380,840,52,147,"AUBURN",39.225067,-90.890831,0,0,1,5
6373578,840,52,16,"REEDS",37.1404034,-94.1191991,3,0,1,5
6372668,840,52,2,"PULASKI",36.5936897,-90.7479869,81,0,1,5
6371680,840,52,5,"CASSVILLE",36.6608617,-93.9101019,33,0,1,5
6373265,840,52,6,"PINEVILLE",36.5642282,-94.2388636,52,0,1,5
6371889,840,52,70,"MCFALL",40.1002567,-94.1422189,17,1,1,5
6372510,840,52,71,"NEW POINT",40.025462,-95.0331182,0,0,48,5
6374062,840,53,335,"WHEAT BASIN",45.916148,-109.059699,5,0,1,5
6373110,840,53,4,"HAY LAKE",48.9576837,-112.3253929,2,0,6,5
6374066,840,53,43,"BRANDENBERG",45.8279275,-106.4290921,11,0,1,5
6371191,840,53,6,"VIRGELLE",48.0610003,-110.3321782,2,0,1,5
6371245,840,54,307,"PONCA",42.60783,-96.787429,10,1,4,5
6370977,840,54,319,"RED CLOUD",40.016809,-98.613168,0,1,4,5
6372276,840,54,38,"ARTHUR",41.4342597,-101.7086419,2,0,9,5
6370871,840,54,6,"KENESAW",40.6184587,-98.6673129,75,1,16,5
6370998,840,54,7,"KEARNEY",40.6406757,-98.8760679,24,0,4,5
6370736,840,55,33,"NELSON",35.7087118,-114.7110604,19,1,32,5
6370813,840,55,906,"ASH MEADOWS",36.4907307,-116.3432079,8,0,1,5
6371411,840,58,3,"FITZWILLIAM",42.8007764,-72.1685998,44,3,1,5
6372742,840,59,10,"SANDBROOK",40.5089177,-74.9307429,89,2,1,5
6372181,840,59,22,"DOVER",40.9884812,-74.3851971,395,1,1,5
6370952,840,59,3,"SIX POINTS",39.5314149,-75.1074594,224,0,129,5
6370822,840,6,10,"ORAIBI",35.8687197,-110.6230399,68,0,4,5
6370767,840,6,121,"CASA GRANDE",33.0385437,-111.3789069,18,1,3,5
6370773,840,6,126,"Ajo 2",32.4655,-112.86988,210,13,37,5
6370737,840,6,13,"WIKIEUP",34.7270747,-113.9188229,3,0,3,5
6373734,840,6,130,"ORGAN PIPE",31.9571917,-112.7999879,21,0,23,5
6370730,840,6,170,"PALO VERDE 2",33.3339864,-112.677217,17,2,19,5
6373732,840,6,176,"BATES WELL",32.3559327,-112.8270799,4,0,40,5
6370760,840,6,177,"RED ROCK 2",32.57312,-111.329123,25,1,13,5
6370758,840,6,18,"QUARTZSITE",33.6562037,-114.2169649,31,2,2,5
6371867,840,6,206,"WILLOW BEACH 2",35.8663187,-114.6620259,13,0,10,5
6370947,840,6,219,"HOPE 2",33.9225847,-113.82479,45,0,6,5
6370732,840,6,24,"LAGUNA",32.8332815,-114.3988546,27,2,47,5
6372013,840,6,29,"SAN SIMON",32.4996877,-109.3368449,0,0,2,5
6370747,840,6,31,"PEÑA BLANCA",31.387449,-111.064564,12,0,3,5
6372196,840,6,32,"PATAGONIA",31.5175977,-110.7949529,38,0,18,5
6370743,840,6,54,"COW SPRINGS",36.3915637,-110.8794319,61,0,3,5
6371730,840,6,56,"RIVIERA",35.1226722,-114.582156,55,0,1,5
6370771,840,6,63,"ALAMO RES.",34.2318174,-113.5975476,9,5,7,5
6372910,840,6,69,"GILA BEND",33.2869987,-112.9375459,0,0,1,5
6372015,840,6,71,"BARTLETT RES",33.8177037,-111.6398389,23,0,23,5
6370731,840,6,74,"ARABY",32.8548017,-114.4452209,191,14,403,5
6372102,840,6,78,"REDINGTON",32.5434377,-110.5053099,3,0,14,5
6370741,840,6,80,"CABEZA PRIET",32.4009815,-112.9321083,0,1,3,5
6370774,840,6,84,"Wickenburg",33.962204,-112.77163,27,9,3,5
6371804,840,60,111,"SABINOSO",35.6552916,-104.3751645,3,0,1,5
6371196,840,60,22,"CARRIZOZO",33.6891907,-105.8493706,2,0,1,5
6372365,840,60,27,"JORNADA",32.3802337,-106.7294539,164,2,3,5
6371860,840,60,60,"GALLINAS",35.6605096,-105.3361242,19,0,2,5
6370958,840,60,82,"COLUMBUS",31.8359947,-107.5695189,50,4,4,5
6372825,840,61,123,"MILFORD",42.5913477,-74.9252479,39,10,1,5
6372921,840,61,42,"MACDOUGALL",42.803411,-76.932647,137,0,1,5
6373312,840,61,96,"OGDENSBURG",44.6984127,-75.4650939,67,0,1,5
6371357,840,63,101,"SUPPLY",33.9225168,-78.2125169,97,5,1,5
6372094,840,63,107,"MILLTAIL CR",35.8639187,-75.8611599,10,0,2,5
6371320,840,63,109,"JAMESVILLE",35.6919219,-76.9896438,37,1,1,5
6371432,840,63,118,"WACO",35.3743051,-81.6361686,167,3,1,5
6373666,840,63,13,"ROSE",35.4161407,-78.0698959,84,3,1,5
6370944,840,63,2,"MERRIMON",34.95713,-76.65516,233,1,2,5
6371241,840,63,204,"MAPLE HILL",34.5909333,-77.7928721,50,0,1,5
6370798,840,63,220,"MARSHALL",35.9105725,-82.6486108,79,3,1,5
6371107,840,63,913,"WASHINGTON",35.6115051,-77.0140105,0,0,1,5
6372591,840,64,10,"WIMBLEDON",47.1679867,-98.4885929,19,1,2,5
6371033,840,64,103,"MONTPELIER",46.7251818,-98.797372,16,0,6,5
6372122,840,64,106,"DANZIG 2",46.1428537,-99.4821999,3,0,1,5
6371601,840,64,18,"NILES",48.2672307,-99.3513109,3,1,10,5
6373120,840,64,30,"BOWMAN",46.198459,-103.431806,22,0,1,5
6373147,840,64,38,"WILD ROSE",48.5899857,-103.0592269,10,3,1,5
6372714,840,64,4,"EDGELEY",46.3406907,-98.6828159,19,1,28,5
6373008,840,64,42,"SHEYENNE LK",47.6462687,-100.0542839,2,0,7,5
6371167,840,66,72,"RAY",39.1991097,-82.6751939,25,1,1,5
6371190,840,69,18,"UMPQUA",43.3663377,-123.5037309,19,1,1,5
6372017,840,69,31,"ALVORD LAKE",42.34767,-118.6488892,3,1,1,5
6373459,840,69,41,"GARFIELD",45.2552468,-122.2563686,153,13,1,5
6372572,840,69,57,"HAZEL CAMP",42.2539829,-124.2474371,61,13,5,5
6370806,840,7,109,"ULM",34.7008083,-91.7077371,23,1,1,5
6371049,840,7,112,"Poyen 2",34.35,-92.633333,99,0,5,5
6371656,840,7,28,"COMPTON",36.1206137,-93.2802279,31,1,1,5
6372166,840,72,165,"LANDISBURG",40.3267106,-77.3695842,4,3,2,5
6370825,840,72,54,"SHELOCTA",40.6673234,-79.2349941,56,3,2,5
6370790,840,72,69,"NAGINEY",40.7019007,-77.5415709,53,4,2,5
6371309,840,72,905,"TUSSEY MTN.",40.7036126,-77.9050859,1,8,2,5
6372864,840,81,2,"TRIPP",43.284162,-97.8751124,6,0,1,5
6372056,840,81,22,"GETTYSBURG",45.0136163,-99.8583744,4,0,2,5
6373066,840,83,11,"HINKLES FER",28.9083337,-95.6139832,228,0,9,5
6370802,840,83,119,"Dilley",28.673182,-99.184518,43,1,1,5
6370772,840,83,2,"RACHAL",26.8901748,-98.135998,82,1,3,5
6372897,840,83,209,"ENCINAL 2",27.9766671,-99.266437,10,3,5,5
6372993,840,83,218,"CATARINA 3",28.355252,-99.618303,5,5,1,5
6370842,840,83,305,"CHINQUAPIN",28.7496887,-95.7686619,62,5,23,5
6370739,840,83,306,"OYSTER LAKE",28.6112037,-96.2152819,19,0,651,5
6370785,840,83,314,"YOAKUM",29.2133329,-97.1483412,31,7,1,5
6373320,840,83,322,"UNION HILL",30.6060845,-95.6260432,153,13,14,5
6371088,840,83,327,"ROCKSPRING",30.0156927,-100.2140109,153,3,1,5
6370801,840,83,329,"FT. STOCKTON",30.5964387,-102.6068259,99,9,1,5
6370763,840,83,341,"STILES",31.5830183,-101.7186781,174,6,10,5
6373731,840,83,352,"WHIT MTN.",32.6265908,-98.3699292,68,0,30,5
6376640,840,83,355,"TENMILE",32.5696495,-101.9072519,44,3,1,5
6371553,840,83,375,"GRUVER",36.2689387,-101.3528969,0,0,1,5
6370810,840,83,395,"VAN HORN",31.049106,-104.831703,8,0,1,5
6370783,840,83,432,"QUITMAN CANYON 2",31.0025107,-105.55087,3,0,3,5
6372290,840,83,439,"SHIELDS 2",31.5930797,-99.4248794,21,1,12,5
6371713,840,83,55,"WINCHELL",31.5020577,-99.1642919,21,0,1,5
6370742,840,83,6,"PETRONILA",27.6881977,-97.4706489,297,8,125,5
6371181,840,83,74,"RHOME",33.0581596,-97.460791,188,3,15,5
6372384,840,83,81,"COMSTOCK",29.9214837,-101.2407759,36,2,1,5
6370762,840,83,86,"RANKIN",31.2059844,-101.9691922,77,1,30,5
6372623,840,83,901,"L. ATASCOSA NWR",26.2449087,-97.3490589,1,0,2,5
6372249,840,83,93,"LAMESA",32.6620464,-101.9652575,128,0,1,5
6371215,840,85,104,"GOLD HILL",40.0358487,-113.9835809,6,0,3,5
6373358,840,85,120,"MOQUITH MTN",37.0000397,-112.8619309,79,4,1,5
6371663,840,85,159,"CALLAO",39.8792347,-113.2671429,0,0,1,5
6370800,840,85,21,"BOULDER",37.9276397,-111.1870049,66,0,8,5
6372738,840,85,257,"MOON LAKE 2",40.5507558,-110.7307569,7,2,2,5
6370972,840,85,302,"SNOWVILLE",41.8927397,-112.7760009,1,0,7,5
6370784,840,85,323,"MONTICELLO",37.9027647,-109.5097889,11,23,1,5
6372096,840,88,42,"BRODNAX",36.6079187,-78.0088473,93,3,2,5
6372704,840,89,19,"RIMROCK",46.6387037,-121.3902819,34,0,1,5
6371136,840,89,2,"PORT ANGELES",48.1127527,-123.3860549,71,2,1,5
6372158,840,89,41,"SOUTH ELMA",46.9561757,-123.4427949,113,3,2,5
6373394,840,89,79,"RAINIER",46.8066477,-122.4157869,199,7,1,5
6372586,840,90,20,"YAWKEY",38.2174027,-81.9661949,921,10,1,5
6372336,840,90,21,"OLCOTT",38.2356237,-81.7243649,80,4,1,5
6373438,840,90,4,"STOLLINGS",37.813102,-81.9349163,14,19,1,5
6370794,840,90,52,"CLINTON",40.0890487,-80.6889494,109,7,2,5
6371352,840,91,308,"CAVOUR",45.6577778,-88.8205556,6,0,1,5
6371056,840,91,60,"ROLLING PR",43.4565557,-88.7352209,22,1,1,5
6373011,840,92,19,"BROOKHURST",42.8691687,-106.1200029,51,0,3,5
6372321,840,92,7,"SUNDANCE",44.4252167,-104.4206459,6,0,1,5
6371811,840,92,88,"SHAWNEE",42.73286,-105.009503,2,2,2,5
6376050,840,55,27,"HIKO",37.6075607,-115.0336839,95,0,7,6
