"s1","s2","time","x0","x1","y","z1","z2"
0,0,1,1,-0.791466612027382,277,-0.159418707270445,-0.432450916003696
0,1,1,1,-1.59013432250142,219,-0.302707120346252,0.0479008358056764
1,0,1,1,0.622668923192758,92,0.309650615314356,-0.381571664520152
1,1,1,1,-0.222874875361333,244,0.44610154441166,0.0405959063590282
0.585239584324881,0.960676076356322,1,1,0.747633584260199,105,-0.242954919232823,0.305695569476
0.437393987318501,0.205398446181789,1,1,1.00538707312274,154,1.17719101246872,-0.630690075765288
0.57289436343126,0.202031223103404,1,1,0.550037506238499,150,0.755690828052927,-0.898288138698663
0.353213916067034,0.374897075351328,1,1,1.03350783724884,131,0.985067287047387,-0.505936244271393
0.861271401401609,0.329432902624831,1,1,-0.461042229643965,2207,2.07362635235467,-0.85163641293434
0.410803579958156,0.545549653237686,1,1,-0.0575011186908708,222,0.402825791700001,0.0861857805811316
0.511453253915533,0.685432964703068,1,1,-0.56476749886592,156,-0.00163450858654583,0.535063408968123
0.154285229742527,0.372181295417249,1,1,-0.323924688850999,196,0.151825499051337,0.404089055129459
0.851353050209582,0.380825514439493,1,1,1.70488417639583,77,1.23382714608967,-0.590563885765194
0.996083338512108,0.147098914952949,1,1,0.766819395890183,92,-0.113237381141156,0.0864856648561857
0.535167186986655,0.209133475320414,1,1,-0.355335428736454,378,0.31001653144047,-1.23721972350453
0.434186844620854,0.725818325066939,1,1,-1.16306293746296,143,-0.799934333802475,-0.142127694581487
0.0795016081538051,0.0571780013851821,1,1,-0.918029205944283,229,-0.197816604779979,-0.258379821011901
0.583211785182357,0.419498346047476,1,1,-0.649085641715462,624,1.15746985390085,0.0249514753308746
0.522018939256668,0.0107673152815551,1,1,-0.608193775062662,344,0.50731638275784,-0.0131792722357904
0.780659068608657,0.584065664093941,1,1,0.359430368571228,379,1.22978970957772,-0.358920036679819
0.47157733887434,0.0940074636600912,1,1,-1.40996040772402,633,1.50886157626541,0.488848661182416
0.808363400632516,0.666373831918463,1,1,-1.35169125996099,544,0.939177464169045,0.22773278075998
0.640900628874078,0.32605712255463,1,1,-0.422736095664986,336,0.588350832912941,-0.217261128668783
0.780550708062947,0.434605320449919,1,1,-0.285338952972381,429,0.973195150932641,0.198239132630198
0.574718370335177,0.560665627242997,1,1,-1.3046110507765,554,0.598713687739375,0.00855059249541113
0.322705096565187,0.700002654921263,1,1,-0.326402219487075,131,-0.241553631899262,-0.449173474824388
0.289040739415213,0.0388320004567504,1,1,-2.06905421766888,4092,0.222431589128059,-0.998133553136313
0.239890441065654,0.913806001655757,1,1,0.379931514369454,61,-0.721319053506381,-0.64745401230813
0.534583230968565,0.878507304703817,1,1,0.134439266653164,59,-1.03618054051184,0.344749071589083
0.172504912829027,0.528053681133315,1,1,0.906814633521852,47,-0.194549860166616,-0.493013313912709
0.260751785710454,0.805278781801462,1,1,0.696347605577407,53,-0.628401409656505,0.0692251660360955
0.487882924964651,0.236034845467657,1,1,-1.64611224245227,6090,0.736770831881733,-1.31185573274207
0.641865516081452,0.96084712841548,1,1,0.749901918968879,288,0.641645883084903,0.317868623883872
0.953958774218336,0.488426526309922,1,1,-0.723257654397827,350,0.909861991698296,0.657111777208897
0.249055233551189,0.293544963933527,1,1,-1.33947289537412,676,0.535947482927971,-0.25693517533039
0.741136099211872,0.577322466066107,1,1,-1.21805840380469,1280,0.851913277321987,-0.584887619352901
0.702920347684994,0.925384185276926,1,1,0.510285406445115,332,0.724958179737638,0.473429328847964
0.843025237089023,0.238914224551991,1,1,0.351500174745527,167,0.513326244100171,-0.9217215509271
0.37191313598305,0.74672701722011,1,1,-1.0166497862897,182,-0.762490531901809,-0.396347705111852
0.0727473087608814,0.158689673291519,1,1,2.07820047876945,5,-1.14160102547183,-0.600794408846987
0.698806063970551,0.713012676453218,1,1,-0.12851612811299,79,-0.491856726559753,0.565928578613294
0.0395206133835018,0.139859884278849,1,1,-1.68200700687435,253,-1.21982652690169,-0.492191341596148
0.376869803061709,0.331281054532155,1,1,1.38092637618555,70,0.701364715102534,-0.506658286037762
0.501016690628603,0.615416389890015,1,1,-0.0882822619157069,153,-0.0749939828451214,0.0558763778690345
0.317213475471362,0.0931303277611732,1,1,-0.791951743472884,331,0.0975448804352345,-0.409438655447564
0.533992775483057,0.932181470794603,1,1,1.36335555733518,92,-1.03726641498858,1.05406566068861
0.460154939442873,0.880714500090107,1,1,-0.491353599067178,64,-0.819667866796471,0.67181934209059
0.349055570084602,0.22264916356653,1,1,-0.610207932623138,532,0.378545844488841,-0.974062822012272
0.975142756244168,0.807930962415412,1,1,1.67306437245386,83,0.257917108120752,0.0767540690529274
0.42251352686435,0.0826671714894474,1,1,-1.72317811270723,551,1.09121382684237,0.358179494459988
0.890202947426587,0.456232497934252,1,1,0.807535763106842,815,1.47690098808487,0.761020859285986
0.60766190639697,0.770889951381832,1,1,0.0665278913522986,104,-0.398235007703517,0.145129706268981
0.933730663731694,0.174168430501595,1,1,2.38696010787531,16,0.356022230186593,-0.608271224425434
0.0236892288085073,0.679324725177139,1,1,-1.27449502784965,40,-0.914604262245955,0.749015847928086
0.012359639396891,0.954795057419688,1,1,-0.796966103918393,299,0.019890364412755,-0.299746542875641
0.78877872787416,0.284197192173451,1,1,-1.71476576994804,1863,0.761982461009021,-0.538506265453293
0.155084732687101,0.742291351780295,1,1,1.52153520605307,46,-1.37411178799038,0.453756558676716
0.361337382812053,0.191613886039704,1,1,-0.425743526980203,373,0.591086320371249,-0.305824894594619
0.83934250078164,0.209516601869836,1,1,-0.37374255610133,320,0.252339487368375,-0.740418717693757
0.0668611931614578,0.466911542695016,1,1,-0.32730776772133,96,-0.279082702710277,0.63509671973809
0.0906787372659892,0.138134937733412,1,1,-0.989701546368176,160,-0.507217802610654,-0.232371117147886
0.00722270086407661,0.110512499697506,1,1,-0.485027126023701,146,-0.800382254352991,-0.747261553382086
0.585375699447468,0.481839401181787,1,1,-0.477738566568873,486,0.949164318625502,0.0294004361005797
0.0608184824232012,0.712778583168983,1,1,-0.9850176494725,50,-0.430859484233901,0.983691361549223
0.389236166374758,0.904919973807409,1,1,1.75418757332165,7,-0.874555235527686,-0.744447416969212
0.0799667900428176,0.525055886711925,1,1,0.531350782823791,110,-0.21775219800048,0.184071203927168
0.877252606442198,0.836305003613234,1,1,-0.74526967039175,124,0.210588067417002,1.15795593600213
0.178371420362964,0.416226897155866,1,1,1.58036825006435,86,0.00683981330512509,0.194802761837953
0.0936111221089959,0.32609613914974,1,1,0.628056281575008,71,-0.519823056246235,0.413385501935697
0.752487481804565,0.985293076839298,1,1,-1.02889397197603,84,0.177648638549863,1.30448842082731
0.549475928302854,0.000569708412513137,1,1,0.0693914574354405,228,0.48444095661533,0.194272503715298
0.850278130499646,0.187311249086633,1,1,1.8778094143153,8,0.130821662837885,-1.23915074690173
0.684672764502466,0.359790788032115,1,1,0.429052853966563,406,1.04368530376543,0.363875963812371
0.945108131505549,0.52069577970542,1,1,0.656049625604565,156,0.401087283288524,0.0748652470736559
0.172358223004267,0.277293013175949,1,1,-0.200444791326838,339,0.665712897268045,-0.235224146849114
0.364855728810653,0.863583258353174,1,1,-1.36591690384066,222,-0.710505966955144,-0.370577034352857
0.458178540458903,0.749409407610074,1,1,0.081961027922274,59,-0.637133558158091,-0.372782535169629
0.881574218161404,0.857419361360371,1,1,-0.0452944434335765,190,0.217788299827481,1.35431489401622
0.7569047245197,0.929935275577009,1,1,-0.0890562970232099,149,-0.0519302596047815,0.775927924510044
0.881244733696803,0.454762345878407,1,1,0.550783604940009,534,1.18621749478009,0.808547653204589
0.029262475669384,0.312103438656777,1,1,0.474858827978368,95,-0.59212487232816,0.970415083831476
0.313824428711087,0.683306931285188,1,1,1.18326570667435,53,-0.263291875153645,-0.269300767198925
0.180193107342348,0.830020167166367,1,1,0.456932668703106,73,-0.560438520709105,0.0845476094391483
0.736187188653275,0.744244200875983,1,1,-0.373398610134617,124,0.0695875193010685,0.9776328835385
0.529010280268267,0.309926885180175,1,1,1.2821619535942,123,0.912762682024869,-0.3923113222229
0.447122525423765,0.773902842076495,1,1,0.289211598252597,45,-0.959401032594811,-0.421076980364508
0.358683181693777,0.168517233338207,1,1,0.0442242149392222,321,0.654945632942507,0.00586838075536
0.505168900592253,0.389540763804689,1,1,-1.02400306954686,876,0.851868537506255,-0.389762607595862
0.742177771870047,0.577678815927356,1,1,-0.92017241349757,991,0.852073026776611,-0.604645202956109
0.16178880748339,0.423280968563631,1,1,-1.17281380883778,248,0.390023203441339,0.299986333748715
0.85671906801872,0.239850081969053,1,1,-0.114440139050985,291,0.593107933244403,-0.916452938917991
0.662061233073473,0.439286460634321,1,1,0.307756651721579,339,0.682736810594316,0.790145269196742
0.498293742304668,0.637563657946885,1,1,1.64213967876079,75,0.00911290621629708,0.246356508460082
0.0819277975242585,0.786105057224631,1,1,1.5407901295587,44,-0.268999721261064,-0.169332516038989
0.834070703946054,0.574932639719918,1,1,1.3756939333214,176,0.898078823555697,-0.0693002363321394
0.148599517298862,0.82385435840115,1,1,1.38449351697154,76,0.0607627046940006,-0.0174566457407849
0.283814761787653,0.137775035109371,1,1,-0.545831888976556,494,0.573277543116148,-0.547074351240039
0.289606105070561,0.712240257533267,1,1,0.41780884806213,47,-0.567306054926595,-0.267921669908349
0.507065117126331,0.141614794963971,1,1,-1.30647603936356,980,1.36785350518413,0.130983405024204
0.159504383103922,0.223196918843314,1,1,1.80926123890443,37,-0.402781627923116,-0.264922346474509
0.502459565643221,0.31993199326098,2,1,2.26162729156384,164,-0.154743096558525,0.602376058685353
0.715590710751712,0.249467200599611,2,1,-0.440163686544068,324,0.62884121129065,0.24672688718367
0.537425804650411,0.0214139176532626,2,1,1.13774674226614,143,0.263331149245374,0.286163374157287
0.0563091211952269,0.622375186998397,2,1,1.34944441565741,288,0.440592793298653,0.654081242683008
0.537338212830946,0.479298390913755,2,1,-0.140677923724224,186,0.282310605125069,1.4854500345443
0.773131936555728,0.904934883117676,2,1,-0.0152153306144736,167,0.153538837618398,1.06342820932204
0.729077185038477,0.0586286534089595,2,1,-0.970042564359337,115,0.136685859752557,0.986673942316882
0.891566954320297,0.379113983130082,2,1,-0.963711543072068,784,1.6178701935162,0.442853229755047
0.342166928108782,0.414970094803721,2,1,-0.729574766190599,248,0.434499167485961,0.452785300117379
0.391525531187654,0.0636161698494107,2,1,-0.409237119766439,338,0.858298832846699,0.717014074780451
0.282616213429719,0.680320592597127,2,1,-0.195339818688839,106,-0.4227174768682,0.470741936865017
0.469222543993965,0.502017310354859,2,1,0.917501282672051,147,-0.219690178958718,0.617425815579046
0.893763708183542,0.0351220804732293,2,1,-1.23432561784452,112,-0.0263746676064109,0.690875133217302
0.477848038310185,0.750122513622046,2,1,1.22970156452879,149,0.663735669132253,-0.0972968282222716
0.706755362916738,0.957258879207075,2,1,1.46156640189824,116,1.05009986605125,-0.331749131074766
0.512194699142128,0.753321622265503,2,1,0.922900900126527,195,0.605799491348105,0.295683982199978
0.317545156693086,0.991332024568692,2,1,-0.457967471971699,276,0.434308312697622,0.185186816617464
0.200632676715031,0.763414964778349,2,1,0.830590709212885,43,-0.831904282760945,0.0879531585043348
0.57681222516112,0.531137795886025,2,1,-0.409135279241513,145,0.389137047113214,1.58638549852999
0.0608574533835053,0.557043363340199,2,1,1.43794322955975,398,0.975644994944602,0.552519262966718
0.83640744490549,0.586129799718037,2,1,-0.266054579607378,533,1.28622643801808,0.56970591944
0.682161344913766,0.345442978199571,2,1,-2.00233595749777,53,0.689863259731734,1.27539081501531
0.991879579378292,0.39442862290889,2,1,-1.25069673297491,339,0.558267731150805,0.307190193288835
0.704741197405383,0.17718952591531,2,1,-0.0580707056401965,212,0.373909822617952,0.933016780705301
0.0830904291942716,0.149132983060554,2,1,0.676413873244349,111,0.5974142063828,-0.845129919633529
0.252970187459141,0.462417646776885,2,1,1.48392350363791,109,0.0577240186806111,0.243452523736932
0.131340872729197,0.547876392956823,2,1,-0.17988517630758,259,0.55110599631259,0.618600075931272
0.36619756440632,0.157790436642244,2,1,0.529612480315677,193,0.0911471476214486,0.858468268706755
0.19962832168676,0.359115446917713,2,1,0.444734735179491,630,1.38620844668717,0.655303813593214
0.378987129544839,0.582920433953404,2,1,-0.972976861538782,178,0.497757550513039,0.838885728365849
0.827068888116628,0.10186792910099,2,1,-0.204721693844041,125,0.137340869919373,1.10592407368737
0.375533932121471,0.126314585795626,2,1,-2.23220774665162,90,0.611935592355731,1.01279997094383
0.484645428834483,0.14148860774003,2,1,-0.726340360552678,166,0.530896768999463,1.1226313949663
0.157340733101591,0.413761138683185,2,1,-0.975213010513297,793,1.49430653103488,0.238059513303466
0.160378374159336,0.702617534203455,2,1,0.0902446164618602,104,-0.465812906623904,1.03215396190336
0.845951499883085,0.229760863585398,2,1,-1.1444833798257,724,1.14481883214565,0.124093922014108
0.955301979323849,0.818825132912025,2,1,-0.841050041364392,362,-0.00457319531952099,-0.555793414282557
0.0586672571953386,0.499117949744686,2,1,-0.00771974132893004,328,0.736382792591465,0.632117604754613
0.017341858940199,0.221265925560147,2,1,0.691755978604603,146,0.475714025563402,-0.085925873957436
0.200280048884451,0.299251778749749,2,1,0.503391803489554,379,0.98066124032376,0.404981737334229
0.69223952665925,0.821729764342308,2,1,-0.596155909181528,651,1.43909618546969,0.503158615756532
0.294724490260705,0.266041992465034,2,1,0.734289771518139,192,0.191025594263644,0.538131035221795
0.0602605703752488,0.0295760000590235,2,1,0.167234519891493,450,1.21890661523067,0.15758565104815
0.670819393591955,0.183742825407535,2,1,0.949198877835403,161,0.0644893450228505,0.643469103865672
0.56819901173003,0.275706672575325,2,1,-0.758365154287369,173,0.237671709739026,0.615532304924292
0.22177306888625,0.0893449096474797,2,1,-0.587248280966189,937,1.31193041647416,-0.327467453780413
0.600916540715843,0.735360284335911,2,1,0.130439355992968,265,0.611479056054977,0.886840994276606
0.0427673731464893,0.80884958920069,2,1,0.999583506585415,34,-0.276969471482498,-0.45088867020568
0.398734842659906,0.401192039251328,2,1,2.02993518124214,242,0.403133203009605,0.498915434346055
0.394735038746148,0.282494443003088,2,1,0.915138251679515,166,0.0807463302198578,0.455386436850386
0.410581241361797,0.670950479339808,2,1,-0.861941497428525,147,0.38332457781695,0.808573190923831
0.272249496309087,0.786991758970544,2,1,-0.725998517543709,113,-0.435672878341365,0.327477348458967
0.880396727006882,0.641595472116023,2,1,-0.183978994512685,384,0.934802936521599,0.213161230946991
0.375504527939484,0.800979401450604,2,1,0.0870456406907687,132,-0.0463199012199759,-0.707456310815982
0.331766403513029,0.328858100110665,2,1,0.858225373730476,347,0.862521132347092,0.559864207975295
0.494046566076577,0.501704264665022,2,1,-0.379772497051154,143,0.0708212478164664,0.66145881291148
0.549403255805373,0.372427091002464,2,1,-0.608624831188613,173,0.37649664378174,0.623139801505014
0.814772581681609,0.715397176332772,2,1,-0.23238467831743,462,1.04939226714809,0.289621941273277
0.382811630843207,0.98511701496318,2,1,1.85476460142845,77,0.154611826253757,-0.00659197742713317
0.187897823983803,0.688966426532716,2,1,1.05565623028887,56,-0.820693855670655,0.515617372910436
0.123239855282009,0.904190048342571,2,1,1.87594165699048,78,-0.390513567792038,0.329714189540455
0.286786079406738,0.374225325416774,2,1,-1.18789158943936,143,0.455138415143302,0.914167081550675
0.103751680580899,0.0441135556902736,2,1,0.685236018765732,263,1.10094641506117,-0.131270443353633
0.651004994288087,0.371170956641436,2,1,-0.497916543979825,116,0.0720050020133742,1.19923429865352
0.89787830831483,0.7310758496169,2,1,0.00661486567363164,238,0.414820395485065,0.142336107164844
0.577752270037308,0.777585099916905,2,1,-1.44949197072515,438,0.691510791716496,0.288167825444414
0.538193064276129,0.306967401644215,2,1,2.33420083993724,205,0.10600815524195,0.590630026629289
0.671047493349761,0.796016919659451,2,1,-0.639213378087586,529,0.940874557045908,0.0416926853674507
0.925265384837985,0.581579506862909,2,1,0.389333451737196,619,1.48689730323778,0.375560668898438
0.505110798403621,0.518467238405719,2,1,0.0674783679227145,217,0.332422892926619,0.698630547669003
0.61341140861623,0.0588140324689448,2,1,-0.333772031935354,160,0.0741924180858979,0.73182914834149
0.784871286712587,0.283527163090184,2,1,0.362877721561186,677,1.59120822097502,0.228633804331628
0.256441603181884,0.62171565531753,2,1,-1.06328375552921,229,-0.0642514465857612,-0.037203510711886
0.281194822397083,0.193612044677138,2,1,0.253948794288438,294,0.747258375628635,0.157398119180065
0.732521442463621,0.482256085379049,2,1,-0.728972001488791,206,0.835051293782236,1.38367010498002
0.151114536682144,0.713783846003935,2,1,-0.547379481405178,68,-0.558015503039229,0.86309008962137
0.549974082503468,0.373701080214232,2,1,-0.876696038425114,240,0.323620067465502,0.545439474766834
0.879145848099142,0.0214646777603775,2,1,-1.23487263929678,76,-0.163500325444371,0.778685697697062
0.692887980258092,0.609753249678761,2,1,0.876345823753232,434,0.635102631642563,1.07182085956066
0.960070883389562,0.371612187474966,2,1,-1.05182061313635,400,0.862747578840621,0.408359679537605
0.71137757319957,0.67815475165844,2,1,0.179661666091688,454,0.937793307905801,1.11330912741069
0.404854422667995,0.895179231883958,2,1,-0.797220621245515,480,-0.217233713474184,-1.12914562413835
0.184498710092157,0.984666431788355,2,1,0.676789875476472,54,-0.540190879065985,-0.183696830846817
0.540559605462477,0.592873335583135,2,1,-0.659606144777312,208,0.623145750334902,0.977340604760128
0.304598884191364,0.98286591982469,2,1,0.0261947431604551,233,0.491850006430715,-0.123920626487551
0.429785192944109,0.807437967509031,2,1,0.538812367720557,99,-0.100629270564221,-0.325743438117736
0.548886994365603,0.406874300446361,2,1,0.208716633954171,218,0.327850747940397,0.871830070808857
0.430109075037763,0.705597257940099,2,1,0.0140829169121579,243,0.576103827488708,0.343403144277207
0.620102677261457,0.48104720050469,2,1,0.712686311251558,345,0.38298846755735,1.19641288367107
0.136157694039866,0.0441396154928952,2,1,1.30025116614773,255,1.0309930786233,0.200587642809018
0.473658902803436,0.658445263048634,2,1,-0.182777380089986,347,1.01144642687657,0.901869952832697
0.446743039414287,0.531121208099648,2,1,-0.984724678017863,117,0.256306952560643,1.04755899507137
0.129147979896516,0.472215441055596,2,1,-0.0868411102291612,391,1.01522547692455,0.267049525692557
0.855863134842366,0.666776301106438,2,1,0.127486091471475,422,1.05666255966319,0.43274805046117
0.419101450359449,0.113751396303996,2,1,0.282763809258695,331,0.507055856290861,1.40441321187418
0.473736513638869,0.968112886417657,2,1,0.0167819068063519,370,0.941060930542609,-0.175152903486142
0.0502933328971267,0.37273112568073,2,1,0.99319556071478,441,0.900271152776323,0.637441750514956
0.930313592310995,0.0716544855386019,2,1,-2.01516112073757,369,0.574018622451743,0.307445082084366
0.579063182231039,0.346932447515428,2,1,-0.474935800605876,194,0.206440658524411,0.392161896529128
0.463223817991093,0.581850450485945,2,1,2.61375153487117,671,0.725945933656606,0.813867326165835
0.422481833491474,0.243541133124381,3,1,0.736705904494261,72,-0.587326375319214,0.27569067626247
0.811129030771554,0.00738199893385172,3,1,-0.528646929833778,122,-0.0323034783990309,0.904596827895588
0.545944744721055,0.652878060471267,3,1,-0.788792892168405,160,0.142035988819459,0.472842599588706
0.983065962558612,0.297853543888777,3,1,-0.0202755098349294,140,-0.0221365585415003,-0.636080825149949
0.137135699624196,0.0583962711971253,3,1,0.641005134205162,96,0.0822081099314259,-0.107358504231922
0.338066920638084,0.896986176725477,3,1,1.15723903972867,91,0.967051509666625,-0.854128648697289
0.623554806923494,0.455805648118258,3,1,0.517157070397258,92,-0.612573483707969,0.654154013989958
0.8426309581846,0.555992101784796,3,1,0.449496416589599,392,1.02104097112598,0.412214133029668
0.0850880178622901,0.0723064800258726,3,1,-0.174960597893487,179,-0.0395410647801062,-0.414395421552538
0.369732352904975,0.872605517506599,3,1,0.133675759078253,271,0.826918322716099,-1.46262620846017
0.71102620032616,0.478697013575584,3,1,2.00493353591179,900,0.366724161021475,1.19407389915531
0.239453627495095,0.472931897966191,3,1,2.35946352023789,105,0.202474952784609,0.261447762770057
0.117156211053953,0.63125656847842,3,1,-0.309430986569996,191,0.387547107932143,0.928829320225194
0.467598401010036,0.217353258747607,3,1,-2.11411516887214,121,-0.358962569945575,0.310902060119411
0.33921656338498,0.232019778573886,3,1,1.19060317823465,39,-0.568178401001243,0.0638221861740645
0.886337694479153,0.263402949552983,3,1,0.659015530970066,49,-0.558935299676025,-0.295803340736972
0.338251407723874,0.665071932133287,3,1,-0.565593292160422,253,-0.0304529469211111,-0.61441941326947
0.032241991488263,0.956391649553552,3,1,0.13462823297612,315,0.694936640674127,0.947160457926373
0.439469361910596,0.544655977748334,3,1,-1.05075228379443,626,0.19776631061111,-0.652799696391367
0.614294145256281,0.0302413364406675,3,1,0.347775930827534,148,-0.138768384546758,0.911105091644465
0.533920794725418,0.53066013706848,3,1,-0.533887190751739,347,0.475024454247882,-0.0878734333788774
0.632323243189603,0.709024374373257,3,1,0.47503045895913,208,0.332687848536033,0.314741910102188
0.946564826183021,0.244993919273838,3,1,-1.09538753247483,381,-0.582011790939764,-0.859499441361034
0.656001413241029,0.515899695456028,3,1,0.349002046716089,173,-0.142550174364621,1.30786581774495
0.271601510467008,0.226825594203547,3,1,-0.816400015924135,185,-0.430012155816955,-0.311753550949993
0.844849080080166,0.395547753898427,3,1,-0.309493971618866,493,1.0219016867275,-0.113090057402919
0.242590231122449,0.815595489228144,3,1,-1.28733208007091,473,-0.180769266499139,-0.477117841185269
0.845459789270535,0.28913239389658,3,1,0.63083547784926,137,0.301560870633346,-0.106990492608352
0.29215996270068,0.0640360866673291,3,1,-0.54582264400775,430,0.520778958791659,-0.559409313290483
0.243661149637774,0.971050604479387,3,1,-0.357086684792764,243,0.144800399799431,-0.598991092287542
0.712133527733386,0.311469318345189,3,1,0.306568452880199,206,0.279061242415645,0.70014966840985
0.713385892100632,0.132814701180905,3,1,2.33247118782196,454,0.225883836127537,0.864364159180203
0.304716088110581,0.701099377591163,3,1,-0.564062661403431,876,0.864560486582047,-1.1233992875015
0.837473258841783,0.382095783483237,3,1,1.05433556160425,142,0.907561968595345,-0.303905558524615
0.35240217205137,0.225471935933456,3,1,-1.18180432475681,204,-0.367102677285136,-0.028812662888303
0.130493205273524,0.439985590521246,3,1,1.42406116748326,594,0.970132615491609,0.819452779890539
0.62545229261741,0.69349512225017,3,1,1.60824729216874,183,0.440734368481748,0.399772195429985
0.0626919872593135,0.368396455654874,3,1,1.03656923860409,473,0.728897786947762,1.00577725392892
0.408971024909988,0.901495768222958,3,1,1.40361932407921,22,0.838435530602287,-1.30508953078753
0.652947819791734,0.227111942134798,3,1,-1.0665409901291,114,0.43669887433571,1.14794538747008
0.0234481990337372,0.239524087170139,3,1,0.738287484159342,90,0.148137427928173,-0.387815787684324
0.752010341733694,0.475205768598244,3,1,0.208852492196669,132,-0.0773124610700634,0.547769848993814
0.347129488596693,0.192274909699336,3,1,1.04741042962482,104,-0.315800264903136,0.570334070725919
0.566774086793885,0.941807843977585,3,1,-0.391688368984324,279,0.691552302156462,0.569131127717028
0.168448795564473,0.198702387744561,3,1,1.74963030309528,12,-0.259725727707167,-0.71027121230249
0.763142926152796,0.135165167273954,3,1,0.344310486687565,176,0.0530679209959345,0.59943983714051
0.699063140666112,0.765660893404856,3,1,-2.09788910676435,131,0.822904707021947,0.972458360881811
0.398277483647689,0.604713963810354,3,1,0.0168400292465656,314,0.66251709602289,-0.0960829105154123
0.796474039554596,0.647519443184137,3,1,0.806675150798189,731,1.14368973012621,1.01345523452527
0.448914375388995,0.745492761954665,3,1,-0.347813805272362,344,0.483617684303157,-0.443983389981642
0.797455811174586,0.0822837678715587,3,1,-1.74403701263873,56,-0.738448558566069,0.575354234136588
0.00639365357346833,0.792490611318499,3,1,-0.388274536901202,90,-0.513700932330124,0.760480270209822
0.00180004700087011,0.918361105956137,3,1,1.98720467028498,1577,0.83204809796521,1.26059213327492
0.229855364887044,0.659043926047161,3,1,-1.1273371075462,270,-0.0832091138165329,-0.0822535744960202
0.469322985270992,0.107266290346161,3,1,0.942650696457276,413,0.803695561254437,0.735183348278137
0.400478309951723,0.428708461811766,3,1,0.134587698789433,156,0.217373159230523,-0.89392973099703
0.123838467989117,0.371376432245597,3,1,1.23998991052913,1286,1.07422299034164,1.37248094802316
0.885757278650999,0.761385502992198,3,1,1.50604322476059,82,-0.0611702029910963,0.201742929249513
0.972322069806978,0.404800785705447,3,1,-1.01425419803662,220,0.24203406252556,0.291649189283385
0.205618310254067,0.390188770135865,3,1,-2.53025777986457,44,0.500307022790724,1.22290719824588
0.511233361670747,0.539314191788435,3,1,-0.423498998533808,299,0.394425211649069,-0.19000235905268
0.85349595034495,0.975438497960567,3,1,-1.55024782714866,445,0.983092157964828,0.434856455620182
0.0233755423687398,0.0178440294694155,3,1,0.550494392013007,174,0.443466489430938,0.137210670732756
0.514575836481526,0.244377594674006,3,1,-0.693471421005108,78,-0.494658041787446,0.638496826918895
0.427525202743709,0.117378477705643,3,1,0.231982644142366,234,0.501284672022296,0.663597068617769
0.172013746574521,0.410753769800067,3,1,0.910649148670054,436,0.751223816813894,0.8842758849291
0.684331213356927,0.973472478566691,3,1,-0.509399335688057,326,0.694753192942948,0.489913594220328
0.372025216696784,0.244785302551463,3,1,1.62179715127496,72,-0.47954846315777,0.400164816330629
0.702056580223143,0.940948884002864,3,1,-0.764975950227356,574,0.958242011879732,0.0115607616206638
0.615502809872851,0.45544167002663,3,1,0.833590601462095,72,-0.760015502015464,0.66181010280386
0.483205195749179,0.675441860454157,3,1,0.294870587950617,116,0.108555263241399,-0.373493271314043
0.944151245756075,0.23356822761707,3,1,-2.14799246071252,2536,-0.538459466170885,-1.04563730728783
0.382077306974679,0.213727877940983,3,1,-2.03894505064278,67,-0.715685560474182,0.520658903214417
0.424507283605635,0.615768552292138,3,1,-2.24251851275389,519,0.495099243168301,0.140750360207206
0.538219758076593,0.713262563105673,3,1,-0.246012465661633,285,0.546859358687129,0.270076911931721
0.722718024393544,0.0539151150733232,3,1,-1.54124229485481,80,-0.346874371291541,0.802926050123499
0.156970663927495,0.868590612197295,3,1,-0.772966415045391,370,0.498528884824224,-0.0921013325616965
0.173852182459086,0.901594262802973,3,1,-0.739033651148272,507,0.662600617474068,-0.182596018945366
0.9623715239577,0.471515064127743,3,1,2.04942915809048,289,0.150381257311144,0.727529453401092
0.859098959947005,0.989523582858965,3,1,0.770902422417942,320,0.77480864403698,0.53030716485159
0.222217257600278,0.493603563634679,3,1,-0.181725641876334,263,0.414707746904653,0.00562369764727974
0.686659883474931,0.0156242505181581,3,1,-1.8933674340375,179,0.00734374402957552,0.370750402054053
0.0595200923271477,0.303781170630828,3,1,-1.65618376376309,1179,0.547050827140862,-0.422684239992821
0.305511855985969,0.608112801332027,3,1,0.749037582678829,66,0.162835098095654,-0.746189848020272
0.663804131792858,0.649685963289812,3,1,0.0734231298480898,173,0.272725989365075,0.439013599791896
0.820612795650959,0.677124405279756,3,1,-1.37246509174937,427,0.917537589491391,0.357578492768554
0.750599613646045,0.817491453606635,3,1,-0.209919327919865,333,0.876658832856761,1.19069735478662
0.993525759782642,0.731888460693881,3,1,0.284882859449727,214,0.266319975646012,0.78550738274616
0.676705103833228,0.554984853137285,3,1,-1.16012567080693,71,0.545011205673526,1.39672906025839
0.778146053664386,0.225790849188343,3,1,-1.77161049007663,138,-0.314821717853797,0.421445578184305
0.838797916192561,0.956080688629299,3,1,-1.02899454244771,271,0.598771134512313,0.58622319438912
0.32446442800574,0.957551787840202,3,1,-0.085038241181705,476,1.02427227700829,-0.251926293295183
0.027846175711602,0.0113947140052915,3,1,0.962887397919488,171,0.538624997061787,-0.0440330798560146
0.629444263176993,0.683656026143581,3,1,-0.601883819573916,188,0.239772971564934,0.488755283189824
0.104682205244899,0.481527874944732,3,1,1.85488568164238,434,0.634958461695764,0.73771248358991
0.550260745920241,0.598558433586732,3,1,-1.48682530577162,72,-0.280400909772923,0.759125136062458
0.214274439960718,0.695377704454586,3,1,-0.131585064927665,134,-0.323850419889985,-0.397813805910632
0.327754674246535,0.927722950233147,3,1,2.21457054558471,50,1.13700159514689,-0.599491701286154
0.25437739957124,0.359434437472373,3,1,-1.27266037850298,196,0.217403384454581,0.416117292391317
0.240732291247696,0.248880914412439,3,1,0.0288286700436704,147,-0.0520144162771315,-0.104691284602202
