"","s1","s2","x0","x1","y","z"
"1",0,0,1,-1.1476063015466,747,0.914389988599461
"2",0,1,1,-0.933116841442402,93,-0.154690924387786
"3",1,0,1,0.197904977459513,204,0.0109298684027305
"4",1,1,1,0.339463874566238,29,-0.502872800343957
"5",0.0444754196796566,0.0248604086227715,1,1.67791140571488,25,0.449288824105535
"6",0.933866580016911,0.191138130612671,1,-0.194755736530313,121,-0.429543122319344
"7",0.33897139900364,0.699326965026557,1,-0.459584337481293,251,-0.419671732358186
"8",0.0688000917434692,0.107670573983341,1,1.07939363932623,532,0.561146145103954
"9",0.110616838326678,0.244330581277609,1,-1.49314412193852,4466,1.03906714359401
"10",0.230198088102043,0.0454096596222371,1,-0.32649422083302,445,0.777452853846938
"11",0.703647715039551,0.06378114502877,1,0.0688232962171321,212,0.51123047210388
"12",0.372708312468603,0.570053431671113,1,1.59461588736836,27,0.0243154415964092
"13",0.0502086072228849,0.925237480783835,1,0.280013756795191,452,0.0400465739057482
"14",0.814629734028131,0.460393593646586,1,-0.616484681329391,219,-0.0756577819574631
"15",0.028680651448667,0.676198202883825,1,-2.12608097419395,1406,-0.681270611767436
"16",0.898048605304211,0.747124501504004,1,-1.59278991076218,581,0.177460439963897
"17",0.181618788745254,0.604726850520819,1,-1.7822055714454,343,-0.306099072875844
"18",0.728773729177192,0.895859909011051,1,-0.70189902111465,281,-0.110401168985655
"19",0.202404603594914,0.398738004732877,1,-0.884287819042499,5377,0.87849374427946
"20",0.880608985666186,0.221284077037126,1,0.807853493296258,86,-0.568437203539816
"21",0.978713157586753,0.383166970452294,1,-0.52351609758271,246,0.545464856781949
"22",0.399553450755775,0.317993220174685,1,-0.710918569377954,572,-0.0101080146628371
"23",0.560690569924191,0.126654712716118,1,-0.114624269867207,102,0.21830747365794
"24",0.684164431411773,0.660263985861093,1,-0.660468407538693,120,-0.504126206465677
"25",0.0955165680497885,0.818348547676578,1,-0.861815381286809,553,-0.0278711025773682
"26",0.101097303209826,0.840933913365006,1,2.14475972299247,8,-0.138191115555889
"27",0.944322520401329,0.217243617400527,1,-1.91478190515864,418,-0.449269404306682
"28",0.681788929738104,0.260213247966021,1,0.536655731667457,99,-0.228877397844197
"29",0.980584274046123,0.401598406257108,1,-0.115417799674563,123,0.331319170940317
"30",0.394121255492792,0.771840929519385,1,1.44555373365837,30,-0.416593868337562
"31",0.182279246626422,0.40485924272798,1,0.215121511948237,2014,0.74892583915492
"32",0.766073814127594,0.53362448210828,1,-0.561619455522855,179,0.306385031332027
"33",0.827384747099131,0.193310838658363,1,-0.8290977221091,859,-0.727162101493986
"34",0.229743558913469,0.911210092715919,1,-0.361257326418479,384,-0.185790969009694
"35",0.745316231390461,0.272896827897057,1,-0.0281192690536007,37,-0.214520340579326
"36",0.11916414136067,0.115276729222387,1,-0.453882897609853,360,0.809358889620764
"37",0.672909973654896,0.455488197039813,1,0.887741506352173,9,-0.117312024252046
"38",0.0875396798364818,0.770128364441916,1,2.06623506840411,15,-0.872322926422545
"39",0.350117436610162,0.784463566495106,1,0.351990620221036,69,-0.211620190492919
"40",0.542216428555548,0.421805177116767,1,-0.842668630243506,1263,0.441256953113306
"41",0.791262679500505,0.664550946326926,1,1.93891214465742,121,0.326892190680524
"42",0.459684792906046,0.2501751400996,1,0.164019742838846,66,0.584901404243692
"43",0.867713491199538,0.414002777077258,1,-1.83955244170876,222,0.257578551755457
"44",0.259548060363159,0.325340614654124,1,0.805300592099017,41,0.90396271007142
"45",0.606152154738083,0.414505651686341,1,1.65278303948755,54,-0.0831156168718107
"46",0.102094687055796,0.760592621285468,1,-0.899684986773351,125,-1.02593276353985
"47",0.764643526170403,0.775567495031282,1,0.351567527126408,92,-0.198362070550449
"48",0.0224106991663575,0.259653997374699,1,-0.629623242776265,970,0.349159242667023
"49",0.427758486708626,0.586954965023324,1,-0.0660749477918538,136,-0.0842604628392814
"50",0.0275386997964233,0.373544563772157,1,0.649565174244592,125,0.434942703145806
"51",0.474318985827267,0.878667017677799,1,-1.09848444676203,113,-0.236897182047638
"52",0.279929019976407,0.740349908592179,1,-0.374362245969788,771,0.0032037787521493
"53",0.911783368792385,0.123502191156149,1,-0.155802286789228,93,-0.64250467860514
"54",0.623102013021708,0.659918426303193,1,-0.133017841004759,470,-0.513120126736516
"55",0.36012320080772,0.439335777657107,1,-0.146372444060431,178,0.039365271293667
"56",0.131428823340684,0.44937581778504,1,0.243882977916794,32,-0.716361139803057
"57",0.58814232237637,0.218347903108224,1,-0.743394670493552,467,0.0254637347947039
"58",0.770981649402529,0.360148378415033,1,0.624589514217747,92,-0.142564924576036
"59",0.0508428369648755,0.619984533172101,1,0.151645642609745,642,-0.31230411710928
"60",0.481308300979435,0.211403999710456,1,-0.856053321854954,212,0.749191789603146
"61",0.15027277241461,0.102605990832672,1,-0.916658565677673,97,1.00274174152238
"62",0.625974773662165,0.671358650550246,1,-1.84833096487986,1511,-0.476813892313341
"63",0.169047180330381,0.0893426686525345,1,-1.99502691205842,1396,0.975728993067777
"64",0.836087885545567,0.697743106866255,1,0.605050119899283,15,-0.0592146091897619
"65",0.703897708794102,0.188983697677031,1,-1.23807348732669,777,-0.02515790325194
"66",0.894721874734387,0.280688843457028,1,0.787716723993016,59,-0.836863546350678
"67",0.177856581052765,0.591802351176739,1,0.529801484605807,35,-0.206566069003109
"68",0.286126837134361,0.536527286982164,1,0.281900913473196,95,-0.675560098460262
"69",0.41622070572339,0.922250533243641,1,0.722183285019986,145,-0.302232694276774
"70",0.556122995447367,0.889145798282698,1,-1.45687117425663,93,-0.508232876455927
"71",0.676997502567247,0.77601755852811,1,-0.882728835196308,290,-0.523032155698933
"72",0.973985790507868,0.957768519641832,1,0.613300242716151,150,-0.576882449207247
"73",0.358140269294381,0.193152299616486,1,1.81003125764176,75,0.267013213853128
"74",0.937413178849965,0.43454644526355,1,-0.62254408926578,150,0.338085843015039
"75",0.834805780556053,0.593033205484971,1,-1.32565314945707,508,0.265700215791741
"76",0.536154439672828,0.57177346223034,1,2.36161766197451,14,0.210702008515422
"77",0.570695487549528,0.931236621923745,1,1.32665016683815,824,-0.543567424439329
"78",0.0228424274828285,0.326726235216483,1,-0.232432202837271,2937,0.44396727823208
"79",0.944211876019835,0.852525699185207,1,-1.13835029331553,973,-0.285040636834337
"80",0.475067366845906,0.0563179890159518,1,1.72004478658623,19,0.855581827099976
"81",0.51668590423651,0.825289683649316,1,-0.239805811469946,107,-0.501578318405828
"82",0.00142288440838456,0.678202555980533,1,0.674564681323217,3,-0.443112671678756
"83",0.650126475840807,0.528636787086725,1,-0.303712747984978,172,-0.127956764853402
"84",0.17974889697507,0.00310420640744269,1,1.32561590492008,106,0.646989506218849
"85",0.546546822879463,0.535494876559824,1,0.476847243256564,45,0.441336572739507
"86",0.903280666097999,0.328263037838042,1,2.12900381697436,8,-0.533709501247075
"87",0.202167547307909,0.0578886701259762,1,0.292177081268655,534,0.728224802148254
"88",0.52671322831884,0.304712554672733,1,-0.132248415342896,55,0.346825506133913
"89",0.582795017166063,0.841245177201927,1,-1.7967512937052,455,-0.325962933496673
"90",0.628747722599655,0.133081087609753,1,0.862786689951226,105,0.138810809745935
"91",0.974272795021534,0.465623905416578,1,0.541783830247935,244,0.796625447721552
"92",0.872426877031103,0.700699673267081,1,-0.424194486508073,1703,-0.0472111983791235
"93",0.53327959519811,0.57726483955048,1,1.70317551695995,25,0.226347267963116
"94",0.962152523687109,0.441975703695789,1,0.0827561564427973,69,0.586955305487923
"95",0.749485527165234,0.0508643698412925,1,-0.0646958268887076,343,0.108869597565614
"96",0.395033448701724,0.707497662864625,1,0.994236702411406,0,-0.663515952253728
"97",0.814308994216844,0.181360910646617,1,1.40549634692278,123,-0.644160892583932
"98",0.021038331091404,0.847959359409288,1,0.177828268073579,587,-0.130880882182679
"99",0.724500511772931,0.192198101431131,1,-0.613835529093541,225,-0.205856756327535
"100",0.998325936263427,0.888778192456812,1,-0.274203836051491,428,-0.228539676922172
"101",0.0140051674097776,0.260193300666288,1,-0.0640218264098036,649,0.376939379845734
"102",0.448444282636046,0.20062764082104,1,-0.819097491072167,796,0.661737404960142
"103",0.151795294834301,0.176743183517829,1,-1.17716727014771,1210,0.957077710048457
"104",0.709128445480019,0.404761226614937,1,0.445303886159754,123,0.65950817103839
"105",0.608140837866813,0.460068666609004,1,0.582695191440496,89,0.0156871647196457
"106",0.827300345292315,0.0974302210379392,1,-0.390987186493251,151,-0.11085902250003
"107",0.48239179328084,0.123609831556678,1,1.28890821005435,125,0.417827569509215
"108",0.643506097141653,0.569041490089148,1,0.0327077358216332,502,0.210469996506471
"109",0.28188939881511,0.456602593883872,1,-1.55882944652505,586,0.208233133317992
"110",0.688941329717636,0.721523656509817,1,0.645390631858674,28,-0.303327589712612
"111",0.879470332758501,0.663487986195832,1,0.497221762644388,15,0.0268343850944893
"112",0.773054413497448,0.538637631805614,1,-0.536235397272961,1039,0.151581667360874
"113",0.260760772507638,0.700254302006215,1,-2.63208139467786,1455,-0.262956643664163
"114",0.806621181545779,0.662324053002521,1,0.396242422268452,45,0.180579586721831
"115",0.842580610653386,0.637768630404025,1,1.12882815000385,56,0.700739115290041
"116",0.68776595313102,0.984423780580983,1,-0.254739836131215,40,-0.622016267114891
"117",0.389033484039828,0.0702909913379699,1,-0.344215409052656,286,0.379657413843272
"118",0.248080824501812,0.683872001012787,1,0.314467456270808,7,-0.306120088437485
"119",0.99146063416265,0.590381256770343,1,-1.06777612480766,970,0.506972472936604
"120",0.468853206839412,0.827035062480718,1,1.47538415404689,21,-0.797965520513311
"121",0.874605265446007,0.310690653743222,1,-1.64089779349409,2340,-0.759146415189082
"122",0.859100776491687,0.924813195131719,1,0.791331021555851,32,-1.14080138588681
"123",0.877019887790084,0.00882305391132832,1,-1.04665722858567,248,-0.0877464976288867
"124",0.211745798122138,0.521477177739143,1,0.428279667377737,86,0.135079675578774
"125",0.554765736684203,0.679320456460118,1,-0.269424965307757,58,-0.748373304896357
"126",0.870663978392258,0.533457863843068,1,0.603752843398023,495,0.566941246300391
"127",0.244517882587388,0.383580440655351,1,-0.602093990510904,791,0.966232481949862
"128",0.823895069072023,0.166181602748111,1,-0.311743370775102,24,-0.726765823582404
"129",0.0705152621958405,0.72299556597136,1,-0.598453469053748,46,-0.919362461096661
"130",0.460633026668802,0.864529788028449,1,0.687233165330845,83,-0.349658242375961
"131",0.0661139271687716,0.47934185503982,1,1.51956551281693,14,-0.277046702649786
"132",0.343408500077203,0.488429634366184,1,-0.999639554298362,296,-0.120344839081414
"133",0.792308022966608,0.265870760660619,1,-0.743090797950148,154,-0.958491120152491
"134",0.547990109538659,0.147388927172869,1,-0.037656735525764,129,0.263487427220625
"135",0.764454678632319,0.290784214157611,1,0.0705878367788006,120,-0.176164373961541
"136",0.356980580603704,0.139247677987441,1,-1.23993901371388,318,0.236933659418122
"137",0.35334160621278,0.623370059067383,1,0.225423993626465,126,-0.656715945591037
"138",0.407968891784549,0.432203648146242,1,0.0886679132903284,53,-0.0290547121956648
"139",0.807596698170528,0.466141165001318,1,0.00672655841687007,165,-0.00103399621330972
"140",0.362984422128648,0.891827438026667,1,-0.463109316411421,127,-0.843289242994495
"141",0.369459595298395,0.673082939581946,1,1.49152311416716,3,-0.641599122763972
"142",0.0177952961530536,0.62131495657377,1,0.844801307054847,205,-0.215661840447929
"143",0.710095408838242,0.0975961145013571,1,-0.545493918283339,695,0.586431986076861
"144",0.855477693025023,0.0621657278388739,1,0.954596693212477,667,0.0927352034438672
"145",0.409343368839473,0.865975334541872,1,0.883593956640278,20,-0.407775686383616
"146",0.640350508270785,0.284412086708471,1,-0.96121784063173,189,0.247540649375129
"147",0.799336561467499,0.0264279488474131,1,1.62265774527342,7,0.074196182515662
"148",0.949041253887117,0.323084543924779,1,1.29667156208409,38,0.0184609009696162
"149",0.917083434993401,0.206974539672956,1,-0.499163620431048,72,-0.326505841672863
"150",0.857453407021239,0.756262244191021,1,-0.561011250775541,47,-0.12529809293273
"151",0.491678692866117,0.838038414716721,1,-0.17308253350758,328,-0.631604456477698
"152",0.475109716178849,0.580057991202921,1,-0.910944723962559,334,-0.25084308909673
"153",0.778270954731852,0.772531419293955,1,-0.21372139652003,91,0.0160740747727217
"154",0.177776420256123,0.183355877175927,1,-1.10925212675285,2481,1.03912404190321
"155",0.952351889107376,0.0490524251945317,1,1.05958515433496,111,0.0563378379092242
"156",0.533412765013054,0.763839082792401,1,0.933049125074416,67,-0.504877874520454
"157",0.941243667853996,0.527858139714226,1,-0.230703577952246,61,0.959650229749187
"158",0.0743251529056579,0.55728045781143,1,-0.110065907436368,90,-0.0147190916398459
"159",0.371225750539452,0.111545871011913,1,-1.30279606892431,1724,0.3658218959245
"160",0.924282332183793,0.604675389127806,1,0.0113537432192998,324,-0.113178675075665
"161",0.795756794512272,0.443108331877738,1,-0.679692305133472,2542,0.227660124524074
"162",0.0429213938768953,0.546770035289228,1,-0.663097016365951,241,-0.25883426699001
"163",0.143003907753155,0.426394799025729,1,-0.322497982512605,1571,-0.113335079067392
"164",0.782520469510928,0.853060107212514,1,-1.32150837752108,601,0.22218300641988
"165",0.964781409362331,0.702748749172315,1,-0.20100496983494,33,-0.279439962389007
"166",0.814596909796819,0.808190716663375,1,-0.758241790729154,379,-0.149586476096607
"167",0.406192498048767,0.265404482837766,1,0.688731990136384,140,-0.045459690885486
"168",0.541741700842977,0.81573030888103,1,-0.64400724323554,53,-0.279089382599088
"169",0.941134246997535,0.818447288125753,1,0.140957449312554,10,-0.418365770595055
"170",0.900672446237877,0.0307485302910209,1,0.0327334483253843,95,0.10242224219941
"171",0.433198498561978,0.824999678879976,1,-0.529247857500264,99,-0.844341752040082
"172",0.487159914104268,0.380955572007224,1,-0.95908707537097,304,-0.0387220750675873
"173",0.29778738738969,0.947566458489746,1,-1.89071340205208,275,0.0379915318162484
"174",0.0626456500031054,0.194056386593729,1,-0.00701526130588851,80,0.708919472397666
"175",0.424673315370455,0.128522091777995,1,1.19730630316551,14,0.379477694838429
"176",0.266903605079278,0.813603064278141,1,0.827532293081658,103,-0.126654798526806
"177",0.907281152904034,0.033787083113566,1,0.256303702930086,98,0.321718536962903
"178",0.218210467603058,0.174940397730097,1,-1.11328621103207,1186,0.694644938674949
"179",0.751925966935232,0.482715544989333,1,-1.29617471798798,1786,0.0860464116942838
"180",0.591675578383729,0.815914406208321,1,-0.00427722758010184,99,-0.455791381546725
"181",0.0871987740974873,0.674699106719345,1,1.17954941279277,9,-1.05761549019602
"182",0.00751653639599681,0.408538324991241,1,1.99093585792427,41,0.238441253265789
"183",0.484199701109901,0.377185778692365,1,0.889050050732348,171,-0.0848717892352048
"184",0.981096671428531,0.674312432296574,1,-1.98717926146782,216,-0.581931090646748
"185",0.817542445845902,0.275489786174148,1,1.44162940959724,6,-0.99678836616007
"186",0.429152268450707,0.828976890305057,1,0.871827089131874,19,-0.982787840398151
"187",0.416523390216753,0.345249251462519,1,-0.417540155062617,460,0.143504115116274
"188",0.827389292884618,0.414605412632227,1,-0.659222503236824,482,0.073854090744973
"189",0.490438348148018,0.584084230940789,1,-1.70632197431786,561,-0.161151413190752
"190",0.386314766481519,0.836189438588917,1,0.805547696221512,291,-0.462581376385567
"191",0.193380370503291,0.437799796229228,1,-0.303919006451516,393,0.153217278829759
"192",0.814117970177904,0.0220845735166222,1,-0.0741136897951537,434,-0.28462533132537
"193",0.0822688054759055,0.596383619355038,1,0.0720678150272586,71,-0.0488050930425903
"194",0.11847235285677,0.773091420065612,1,-0.728673884828146,27,-0.557845367359046
"195",0.807543925475329,0.508857845561579,1,0.882723219344489,106,0.104516064721045
"196",0.502434107707813,0.137464638799429,1,-3.49524887963915,12845,0.412700198138353
"197",0.299435006687418,0.180626045214012,1,0.745571221721017,62,0.476825939826139
"198",0.0718975269701332,0.0197977826464921,1,0.125914016076817,296,0.570594229973493
"199",0.962137217633426,0.0980682834051549,1,0.167778492734477,374,-0.0636856089881526
"200",0.968651956878603,0.160715518984944,1,-0.140726951399051,523,-0.179305400386964
"201",0.134352946886793,0.658498551696539,1,0.292053799888124,182,-0.491908698489232
"202",0.914441823493689,0.885938381310552,1,-1.52917836320463,1836,-0.163889558583109
"203",0.940704419277608,0.936115694232285,1,1.30377932219754,46,-0.435795595027904
"204",0.0121606758330017,0.864548726240173,1,-0.58641617644745,231,-0.214002352103487
"205",0.0747944593895227,0.980358036467806,1,-1.28188373209241,837,0.54028357329125
"206",0.885311357444152,0.260293658589944,1,-0.317568363964226,160,-0.78333780950243
"207",0.743719268357381,0.300582357216626,1,-1.77028321634522,1589,-0.171361343260384
"208",0.201740108663216,0.776886312523857,1,0.162370495789903,170,0.0908635029977302
"209",0.463033464271575,0.237419174518436,1,-1.76092738619854,613,0.596392197809932
"210",0.466216610977426,0.947138220304623,1,-1.47834784505357,525,-0.270739167576454
"211",0.0124557050876319,0.852475714636967,1,-1.04248376634547,194,-0.0455114990275768
"212",0.0222438739147037,0.496173314517364,1,-0.98760329589446,264,-0.632303701259016
"213",0.84517386648804,0.943182355025783,1,0.648021695932659,14,-0.807786673873113
"214",0.869678351795301,0.73746100300923,1,-0.972731201498987,250,0.0192674074477097
"215",0.878953483421355,0.652534870896488,1,0.220137932721321,119,0.212173114240628
"216",0.428393082460389,0.735342010622844,1,-1.44898801825265,94,-0.976243761238935
"217",0.91973684169352,0.144251602701843,1,-0.430207700613316,37,-0.831273739148491
"218",0.285320203751326,0.324692494934425,1,0.262241628194854,62,0.956947819032347
"219",0.377600068692118,0.621808643219993,1,-0.93888059640018,2397,-0.465705740245295
"220",0.106156495166942,0.87076098495163,1,-0.0114148566195516,24,-0.156806252147137
"221",0.829764218535274,0.946418954757974,1,0.0544170843892204,114,-0.723629472696541
"222",0.33332499791868,0.633150243898854,1,0.0340652548957538,50,-0.553757074996216
"223",0.433587212115526,0.906469289213419,1,-0.128206976962229,110,-0.352390519945891
"224",0.708352481480688,0.377694374881685,1,-0.732276364361121,945,0.442670442049434
"225",0.108917872887105,0.276088471524417,1,-1.09724110275846,2212,1.16008150961307
"226",0.673311047023162,0.38803608296439,1,0.264541744093512,122,0.353486456793036
"227",0.580836080247536,0.311880733584985,1,2.02409880543055,42,0.00701746576902319
"228",0.350338615709916,0.85983951902017,1,1.04377214738239,45,-0.561514332992133
"229",0.600073233945295,0.657624196493998,1,0.10359592355632,70,-0.655297980143514
"230",0.0649454381782562,0.251760689308867,1,-0.396208871785165,549,0.23830090827474
"231",0.199392239097506,0.690988704329357,1,-0.763213925732898,491,-0.086256048524383
"232",0.405530611751601,0.869105280609801,1,0.73064562215726,33,-0.464598022984928
"233",0.605719873448834,0.774941670941189,1,0.0075948988867315,104,-0.656274214931641
"234",0.254228173522279,0.663817632012069,1,1.53655933975853,19,-0.67179637675102
"235",0.131752766435966,0.197935182834044,1,0.118336116587129,404,0.737529956335725
"236",0.649023185251281,0.529983424581587,1,0.32468179971081,31,-0.0164332148216215
"237",0.900507639162242,0.424794270191342,1,-1.40654432520051,3100,0.601742756673647
"238",0.181480514118448,0.544603750808164,1,-0.982950142216134,728,0.35859541527805
"239",0.803841441404074,0.217790515162051,1,-1.09870442823075,950,-0.811154791659873
"240",0.0302812240552157,0.747799730626866,1,-0.437825108299703,8,-0.736415196774441
"241",0.28248228575103,0.806996755534783,1,0.43186205612226,239,0.153398504275712
"242",0.884637921582907,0.509297019569203,1,-1.34529119160847,967,1.04858825164499
"243",0.057336553465575,0.402557061985135,1,0.977817808603125,913,-0.0279146164192489
"244",0.257108959369361,0.366128200665116,1,-0.0760606333006792,428,0.567898989817492
"245",0.907120958669111,0.431286947336048,1,-0.674872368674648,640,0.361045225583622
"246",0.709471628069878,0.723967048106715,1,-0.160370370055076,118,-0.41417138913668
"247",0.791304094251245,0.765528643503785,1,0.924962319724695,22,0.019685598717232
"248",0.90485711931251,0.378121019573882,1,0.740142884216668,245,0.379729054730575
"249",0.535341534297913,0.580274913692847,1,-0.047321992038608,374,0.477494825054572
"250",0.913918463978916,0.651350004831329,1,-0.673444464565779,685,-0.161930920974029
"251",0.906739084515721,0.23201505583711,1,0.229872808356567,27,-0.78200641004253
"252",0.0265938071534038,0.759192632744089,1,-0.881736123952619,113,-0.717538020211437
"253",0.475354060763493,0.551159208174795,1,-0.713654609753058,277,-0.400624330218311
"254",0.916116334730759,0.475222445791587,1,0.365259867510501,149,1.013713019549
"255",0.65364163229242,0.802156688878313,1,-0.545098485472029,130,-0.600055330137573
"256",0.287367764627561,0.703835011692718,1,-0.43415578703333,1246,-0.088687962022745
"257",0.625171777326614,0.936182001139969,1,-1.48295431205392,60,-0.686742698886401
"258",0.0798800836782902,0.199161040596664,1,0.356876176838333,228,0.798752815223095
"259",0.111488879425451,0.894489013357088,1,0.222730230856645,81,0.25518882577484
"260",0.671918833162636,0.0261420323513448,1,0.412824505945877,621,0.863685488622138
"261",0.807443977333605,0.598522471729666,1,0.0331837416090407,1245,0.551931229987447
"262",0.319259813288227,0.518923377618194,1,-0.661801908807859,107,-0.489086066168322
"263",0.194076094776392,0.362513621570542,1,-0.247259727151307,606,0.806122642219984
"264",0.803348098415881,0.322044102940708,1,0.432212599922411,30,-0.697306035329142
"265",0.94239391409792,0.148720017634332,1,-2.07003690524369,397,-0.557826265611828
"266",0.890339046251029,0.300599348731339,1,-0.485083153539893,104,-0.745219198610515
"267",0.720424679340795,0.894354525022209,1,-0.667297287683947,170,-0.0777531548726694
"268",0.973092021653429,0.000555493868887424,1,-0.552240862825128,190,-0.364932804320836
"269",0.852885047206655,0.447933176532388,1,0.149414080841744,68,0.0132188649996829
"270",0.2427443691995,0.220064019551501,1,-0.381218295827781,212,0.852383725082856
"271",0.3397999368608,0.451053738826886,1,0.668128664507355,4,-0.181854744723842
"272",0.85664555686526,0.512703635264188,1,-1.22901709671842,1639,0.683527014393765
"273",0.223522495245561,0.482734711375087,1,-0.27840779641005,50,0.1272785514257
"274",0.69898097240366,0.937732791062444,1,-0.322733292780422,92,-0.487316580125671
"275",0.0569596907589585,0.140607396839187,1,0.55843938980457,349,0.619214494017852
"276",0.762932666577399,0.227782608242705,1,-0.935146875195746,1120,-0.439137526438215
"277",0.83794012106955,0.676157194189727,1,0.441266867708966,32,-0.0899341098030169
"278",0.868236692622304,0.191719674970955,1,-0.221510285332578,200,-0.671635784863264
"279",0.534522900590673,0.135558289475739,1,0.207502774689345,1,0.28795402110044
"280",0.81472710496746,0.218799939146265,1,0.872190229641966,23,-0.832293936214661
"281",0.00478565297089517,0.497601275099441,1,0.0303346174025485,43,-0.586596367146673
"282",0.97612421377562,0.708898823009804,1,1.56691043140046,76,-0.186932316627683
"283",0.0568023731466383,0.877239949535578,1,0.598396291966843,41,0.0440561778706477
"284",0.768312139902264,0.998834616970271,1,0.14936076598173,71,-0.539264616360349
"285",0.965900084702298,0.315352223115042,1,0.678861501710694,396,0.118295872275039
"286",0.162925022188574,0.0112533124629408,1,0.819691996744446,157,0.85976801962787
"287",0.625553459627554,0.117954812943935,1,-0.342298451310358,3005,0.368297012221162
"288",0.182291628560051,0.520320808514953,1,-1.47428345458934,254,-0.0432601710169055
"289",0.686453101458028,0.936929133953527,1,-0.253563906980538,98,-0.508977874544559
"290",0.925654886756092,0.0163682517595589,1,0.346561658366128,141,0.0824317723563037
"291",0.43527647969313,0.505342792952433,1,1.65935297157333,19,0.47256212047421
"292",0.814211392309517,0.383353184908628,1,-0.217258243788152,92,-0.359438765832226
"293",0.152514902409166,0.919489755528048,1,-0.887156733488778,682,0.489509811249639
"294",0.978419140446931,0.851897098356858,1,-0.725914026015319,220,-0.658608037991039
"295",0.92582521867007,0.710598358185962,1,0.450903477214591,57,0.0414528680764058
"296",0.489031786797568,0.332861485192552,1,1.13329813202054,122,-0.069659247833823
"297",0.173675358761102,0.453740833327174,1,-0.437721362260587,211,-0.0930606080938112
"298",0.168477952713147,0.916528478497639,1,0.805706313018765,98,0.253330503403702
"299",0.526170123834163,0.193252339260653,1,0.723175247720984,201,0.417572004609839
"300",0.716503100236878,0.117450132733211,1,0.145555837794498,169,0.567320554016914
"301",0.207318592816591,0.752223321702331,1,-1.9234351628435,325,0.330442730165247
"302",0.203125873813406,0.617380390875041,1,-0.652440965483608,73,-0.351811037092785
"303",0.119868128793314,0.84093775996007,1,-0.224269068472701,124,0.0250404854401723
"304",0.457451177993789,0.59624639339745,1,-0.462526597339217,124,-0.159952112677959
"305",0.533822541357949,0.511735436972231,1,0.440225161301389,209,0.177611737826792
"306",0.393114327453077,0.551091058645397,1,1.69459144267491,26,0.177516747456533
"307",0.814887329004705,0.709696727339178,1,0.551946206270466,135,0.0106384832433434
"308",0.0428281119093299,0.473263373831287,1,1.87397899290476,0,-0.024004966113522
"309",0.429453739663586,0.763180410023779,1,0.713576571292518,24,-0.965461488641405
"310",0.628557441523299,0.846885023638606,1,-0.109425814047519,102,-0.566065671850793
"311",0.319143194938079,0.684853404760361,1,-1.24481745477021,386,-0.606664641588226
"312",0.372859076131135,0.192001569550484,1,-0.0710204639197851,695,0.291895636002515
"313",0.781280482420698,0.595392126357183,1,-2.58435403382968,21034,0.361118782511081
"314",0.486572827212512,0.230800811434165,1,0.430924773496561,67,0.707584430453105
"315",0.615185195347294,0.799575174693018,1,0.655476364473627,15,-0.699152913665029
"316",0.0102020497433841,0.607024215860292,1,1.5566987163722,29,-0.0315723024243365
"317",0.678894986165687,0.174705616664141,1,0.418260857708277,325,-0.0350314550126086
"318",0.399293873924762,0.277346798917279,1,-0.748691538287029,96,-0.114882171427024
"319",0.979569405317307,0.270350136095658,1,-0.184334570701954,35,-0.0151525745751879
"320",0.548376363236457,0.901071036467329,1,-1.87561855951206,412,-0.811483163987515
"321",0.427483553765342,0.902804646175355,1,-0.0369360910678391,230,-0.383861009353321
"322",0.837775848107412,0.391563373617828,1,1.11343165882168,83,-0.212949880493654
"323",0.969421972986311,0.211907973047346,1,0.439702465832831,31,-0.0267271219238123
"324",0.955603121314198,0.032186537515372,1,-0.791864646328909,113,-0.105357117134632
"325",0.924517574952915,0.227723437128589,1,1.2285251190372,48,-0.789370007586836
"326",0.651189959142357,0.967284697806463,1,-1.05787389582329,75,-0.769126306140813
"327",0.243627581978217,0.75144047033973,1,0.577710052629386,94,0.405744064726922
"328",0.730813100235537,0.700099141802639,1,1.78178329168193,7,-0.27243950844573
"329",0.742349283536896,0.969298889860511,1,1.1623492235301,12,-0.246873582855449
"330",0.0773538609500974,0.533791656140238,1,-0.556279804878417,385,0.0410816852413204
"331",0.0411095425952226,0.899488837225363,1,-2.32771146925738,870,-0.0530909173393581
"332",0.72198614035733,0.417864354560152,1,-0.797426240346567,1022,0.730194549021157
"333",0.733583469409496,0.430016331607476,1,2.05224985667958,516,0.692575254414514
"334",0.634637494338676,0.859024494420737,1,-0.0421624769839995,39,-0.531576533667279
"335",0.0403504038695246,0.155010330025107,1,-0.799731928239643,753,0.733397205696269
"336",0.322880510706455,0.945224257884547,1,0.237576453629591,29,-0.435938868166257
"337",0.174686790676787,0.580384676111862,1,0.236025909689646,155,-0.0293694069259734
"338",0.430040250532329,0.885522755095735,1,-1.51671386701986,178,-0.435259773730935
"339",0.995539992349222,0.316948267631233,1,-0.147268700613547,810,-0.120608367160256
"340",0.78886243631132,0.101472926791757,1,-0.9031615374041,393,0.0116799115364189
"341",0.420448497869074,0.417418070835993,1,0.443584350255319,42,0.0147556777591879
"342",0.257982374401763,0.503783923340961,1,-1.1554386356627,863,-0.174785674089334
"343",0.724709264934063,0.871812472585589,1,-0.385891422871399,233,-0.147231846156017
"344",0.736316243885085,0.445556482532993,1,-0.304945508390167,323,0.376830175621177
"345",0.327733772806823,0.939098710659891,1,-1.42500130194374,4431,-0.4323947642227
"346",0.512147865956649,0.129074447788298,1,0.67638419096748,209,0.695400202636936
"347",0.145321163814515,0.388606240507215,1,0.701469475405706,39,0.0765410510298438
"348",0.784718180540949,0.906121978303418,1,-0.635854989191799,58,-0.181735276802929
"349",0.942837046459317,0.635013374034315,1,1.5546938957169,146,0.228724114536641
"350",0.811821401584893,0.655319574987516,1,0.618176728591561,78,0.0416134206126248
"351",0.267023976193741,0.735937421908602,1,-0.593289030340457,57,-0.128710743839746
"352",0.0609138442669064,0.0753208724781871,1,-0.955224555227684,1089,0.922440846485574
"353",0.00816642330028117,0.817710028262809,1,-0.744133571659199,122,-0.57650996454216
"354",0.688624572008848,0.596428035059944,1,-1.00918157178354,1261,-0.0341172264643518
"355",0.665129173314199,0.126228228211403,1,-0.0136670653567648,335,0.253251979508063
"356",0.619440805632621,0.173898081760854,1,-0.666019841314777,319,0.362799904290337
"357",0.0735253954771906,0.535069668665528,1,1.29032035023066,72,0.118952436257647
"358",0.253262959420681,0.080190199194476,1,-0.876651632925137,1124,0.635866463878565
"359",0.904363641282544,0.59650846477598,1,-1.83898840498173,556,0.260854646570115
"360",0.969231588300318,0.836880472954363,1,-0.168056018968683,34,-0.629860217403741
"361",0.633358577266335,0.0509447786025703,1,-2.52466314490784,4663,0.603550200592512
"362",0.205820014933124,0.243356028804556,1,0.195483318907574,532,0.561768084026627
"363",0.956956668291241,0.494184873765334,1,-1.3450353892261,391,0.829383752096033
"364",0.178351295180619,0.0559021329972893,1,-0.338371523135996,895,0.352544825639673
"365",0.241105344379321,0.941303169354796,1,1.59251478831846,74,-0.0694969058354986
"366",0.056928345002234,0.774251880357042,1,1.00651302601308,19,-0.674968601732402
"367",0.219146476825699,0.451406724285334,1,-0.356722400932059,325,0.641457403506364
"368",0.625606245128438,0.360117703909054,1,-1.12931510161656,318,-0.0628000240806996
"369",0.30384956439957,0.710966827580705,1,0.697236746712623,49,-0.361085875349985
"370",0.600830637849867,0.0834924143273383,1,0.809682430584124,392,0.49049317050858
"371",0.882759362459183,0.607157178921625,1,-0.0171818974302726,296,0.238130291910828
"372",0.707589413970709,0.258279257686809,1,0.751918073482202,1363,0.0947946871453508
"373",0.522764776134863,0.110188393620774,1,1.37589736209565,68,0.757954419302659
"374",0.692874228348956,0.725249923765659,1,-0.709239090050492,1013,-0.557556074476483
"375",0.263106361497194,0.894760074326769,1,0.666579661090915,92,-0.400417148236414
"376",0.525242832722142,0.0122144320048392,1,1.2025437478911,208,1.12630074180578
"377",0.747326988028362,0.868050419492647,1,-0.935857484468714,70,-0.270379971747539
"378",0.156641177367419,0.575076770503074,1,-0.0284476331403434,96,-0.369704242977053
"379",0.833099103532732,0.94064904935658,1,1.02068096699392,17,-0.746903104282096
"380",0.509186999406666,0.936351113719866,1,-1.31718298659743,1192,-0.635556383118422
"381",0.313129344023764,0.821255443617702,1,0.307187190933073,39,-0.275647578477169
"382",0.560181865468621,0.916898294817656,1,2.10449649556261,4,-0.704080021076875
"383",0.826511453371495,0.536857225233689,1,1.09390846562313,13,0.0698343446385664
"384",0.791895578149706,0.722266915487126,1,0.243031463492263,627,0.236838871128201
"385",0.758574729086831,0.598509368253872,1,1.54010668724648,18,0.153434207394135
"386",0.612033282872289,0.482850819593295,1,1.9274566250632,11,-0.0707840516826636
"387",0.185178663348779,0.868590175639838,1,-1.37332734361928,487,0.33398890445239
"388",0.305518605047837,0.0863542656879872,1,-1.60276486067449,1670,0.621037307990839
"389",0.600474222097546,0.381959738209844,1,1.04267844018253,11,-0.0279557936841505
"390",0.829013992799446,0.0436728373169899,1,-1.58372953394092,104,-0.351174305412031
"391",0.675559103256091,0.367112637497485,1,-2.2976375871994,489,0.533471419571544
"392",0.0540173987392336,0.909744109027088,1,-1.19712988421767,404,-0.0021995308546257
"393",0.210814130492508,0.799380678683519,1,0.84936132530591,108,-0.0495642996870152
"394",0.621526309056208,0.417613543802872,1,-0.618814841467788,237,0.215138474585163
"395",0.983111874666065,0.315114823170006,1,0.986112852864421,14,0.0221028530248594
"396",0.342075258027762,0.136665634345263,1,0.0696172345250148,40,0.164148934657796
"397",0.954871562309563,0.0604002829641104,1,-1.94734269407461,1937,0.218047278389166
"398",0.126156380865723,0.911690339678898,1,-0.851036083932387,799,0.369060932469872
"399",0.0196979746688157,0.379068804439157,1,0.794381572806507,20,0.481640482445006
"400",0.503703757887706,0.941065305843949,1,-0.20566920889343,119,-0.683848496305805
"401",0.644780945032835,0.51784929074347,1,-0.373938630224999,428,-0.193800170456244
"402",0.253876087488607,0.224098344799131,1,1.32412065317096,452,0.715172922865606
"403",0.87892043730244,0.699247602373362,1,0.198377590850854,42,0.0035272178132144
"404",0.371789047960192,0.984339863760397,1,-1.04053037719752,1126,-0.63225016639078
"405",0.250334250740707,0.324722213670611,1,-0.210931778948669,186,0.756030461401046
"406",0.183134476654232,0.956896475050598,1,-1.2128076055588,736,0.339449509594785
"407",0.692231994587928,0.491206410806626,1,-0.738656985814949,455,-0.466846232787893
"408",0.108897618250921,0.962149198632687,1,1.03630555703779,101,0.77015026202826
"409",0.416607471415773,0.764365546870977,1,0.409182043979296,28,-0.932864625847765
"410",0.0311237431596965,0.489283861126751,1,-0.719854800209514,311,-0.439328828383067
"411",0.953433298505843,0.660181832732633,1,0.150436533261946,181,-0.235503652888724
"412",0.959659931482747,0.25255123549141,1,-0.951402153906696,710,-0.296716903410584
"413",0.128262374317273,0.61478106607683,1,1.32702299713236,117,0.00833840643573104
"414",0.169373491313308,0.441922275116667,1,-0.485118828512306,121,-0.427117199902129
"415",0.34764392953366,0.890273021534085,1,-0.143799590724951,64,-0.757620001937783
"416",0.54683644650504,0.84809705009684,1,-2.11433830243595,2623,-0.590204004714517
"417",0.435325119644403,0.913607990602031,1,-0.884338460544945,93,-0.266279802943651
"418",0.310813286807388,0.0284528280608356,1,0.491905142433968,342,0.909638846939674
"419",0.350625715684146,0.825288329040632,1,1.73473971059824,19,-0.256035479927312
"420",0.99662630003877,0.227502916473895,1,1.59674365247128,99,-0.248618455740838
"421",0.0988306682556868,0.489901553606614,1,-0.787992179161752,262,-0.252208889410391
"422",0.575848905369639,0.346302219200879,1,0.174980494868381,188,0.173370618208601
"423",0.790931219002232,0.710549979005009,1,-0.692435461748487,122,0.044694435674818
"424",0.46708070859313,0.273167398059741,1,0.644608008172622,21,0.495278557276256
"425",0.627801182214171,0.714335718657821,1,0.00887820013551307,170,0.0289309030820953
"426",0.226548300590366,0.401364176068455,1,-0.0783578721291795,399,1.27882873549554
"427",0.289635337889194,0.866779987700284,1,-0.464364836668317,246,-0.05640098800787
"428",0.51554356329143,0.726438414538279,1,-1.32495230516428,71,-1.04735815233294
"429",0.998367453692481,0.342139732791111,1,-0.398463424559629,125,0.176686248096398
"430",0.00710757402703166,0.186992189614102,1,-1.42722861692706,1079,0.213336022679335
"431",0.765505566960201,0.789575901813805,1,0.00952044390287712,127,0.0684036568220087
"432",0.948060189839453,0.549417489208281,1,0.63976649366066,65,0.464883142538154
"433",0.943045858759433,0.764329885831103,1,0.150077715990267,103,-0.0260991586097843
"434",0.294860793976113,0.789560405071825,1,0.186232630747743,12,-0.198965783542769
"435",0.303205752046779,0.817876663990319,1,0.261863077552082,48,-0.12579564620983
"436",0.399024507030845,0.583303107414395,1,-0.213259696709822,767,0.327150632578782
"437",0.998221396002918,0.0723834426607937,1,-0.237961094973313,227,0.353498634360558
"438",0.00647350889630616,0.326399821089581,1,-0.802293155047595,794,0.584233786598393
"439",0.215775585733354,0.442613326944411,1,-0.600761388830026,211,0.728672169962433
"440",0.844685374991968,0.254372138995677,1,-0.343499819113975,47,-1.00219049145113
"441",0.266753175063059,0.861546943895519,1,0.971273592176966,62,-0.0883634863312664
"442",0.843112447764724,0.956100539304316,1,0.236212038872967,28,-0.819351915669413
"443",0.613929637009278,0.676013523014262,1,0.0180662575266236,410,-0.463209450222344
"444",0.267102976329625,0.129585668444633,1,0.43943629082677,497,1.04455293387373
"445",0.798589319223538,0.60300536127761,1,-0.0886068667021156,604,0.540070545697744
"446",0.0932790171355009,0.116058553801849,1,1.0377716353672,99,0.732296432931937
"447",0.71596837672405,0.591725122649223,1,-0.416692914452107,338,-0.203232882535048
"448",0.87178226490505,0.0731784694362432,1,0.288189689778188,126,-0.092234557413979
"449",0.58428006968461,0.677795249503106,1,-0.173875548418579,19,-0.707461832823855
"450",0.6245256382972,0.846581547753885,1,0.519810647075624,103,-0.587562576344583
"451",0.15585557743907,0.353522112825885,1,0.402560217744445,190,0.498687064881896
"452",0.914411466568708,0.757498229620978,1,-0.0664004828407539,408,0.469602732597332
"453",0.412685830146074,0.348571445792913,1,-1.53887771233457,331,-0.0182740565818787
"454",0.963061246089637,0.171142677078024,1,-2.44676866901353,1173,-0.202484205799453
"455",0.259493476478383,0.111739037558436,1,0.217131504832813,224,0.784960831300527
"456",0.326465561287478,0.357898686081171,1,-0.213875088450857,386,0.128804411334967
"457",0.734575751004741,0.403604926541448,1,0.983271111212723,161,0.861090844293231
"458",0.497073043836281,0.822155633475631,1,-1.24075140183512,455,-0.803723942795957
"459",0.41678057378158,0.287434479454532,1,-1.0988949657426,426,0.228893766885693
"460",0.321274094283581,0.527221341850236,1,-0.576965547319091,1358,-0.418591662525876
"461",0.762682057684287,0.4035323204007,1,-1.78407429534343,4465,0.724710203028691
"462",0.913381011923775,0.590073591563851,1,2.02809892839438,22,0.330409518877182
"463",0.324548404896632,0.540143885184079,1,0.527215925454827,134,-0.525115793543823
"464",0.328689767979085,0.713124219095334,1,-0.917001677526495,547,-0.468416279268718
"465",0.784104794962332,0.802597718546167,1,-1.62701179046436,1342,0.25767082834218
"466",0.995832518674433,0.874137985287234,1,-2.85031089552838,5164,-0.660859417447293
"467",0.763080922188237,0.0096446443349123,1,0.546276163218061,314,0.44559043511467
"468",0.753041129792109,0.370177820092067,1,-0.199791112249825,932,0.54704684318805
"469",0.859853876987472,0.0305969577748328,1,-0.808564086395093,339,-0.288202255510621
"470",0.545463214162737,0.0598092461004853,1,-0.481282665916584,79,0.789276207164378
"471",0.248429741943255,0.0451476231683046,1,0.682053220505546,56,0.560946991951629
"472",0.676663587335497,0.181794631760567,1,1.90615805526686,2,-0.0544912217349203
"473",0.842968175420538,0.809489768696949,1,0.673317079199071,6,-0.172238590626936
"474",0.466039606602862,0.0511343607213348,1,0.288112929519478,592,1.04868369407894
"475",0.108527473174036,0.366828317986801,1,-0.766238623261266,241,-0.109281390380998
"476",0.92489923723042,0.548965184716508,1,-1.09731022356592,2410,0.538881892414094
"477",0.163944768253714,0.341809269273654,1,0.0889744971028253,356,0.693663921271965
"478",0.60017778747715,0.0352938757278025,1,-1.31026945348895,758,0.427994689672486
"479",0.271613198565319,0.269931750604883,1,-0.161401228566184,252,0.60828893355225
"480",0.425416503334418,0.107892162399366,1,-0.506895735155437,1758,0.310065324890658
"481",0.346082387026399,0.483318420825526,1,-0.286825361669221,134,-0.0582351265568311
"482",0.119770219549537,0.992570653790608,1,0.988021108249801,251,0.441012561725178
"483",0.733732528751716,0.477530766511336,1,0.593221758856714,197,-0.189097974237521
"484",0.304625619435683,0.242780818836764,1,-0.91277328381259,651,0.119524373236001
"485",0.635222664568573,0.0179806435480714,1,0.682323328266019,55,0.596113819613064
"486",0.0251233887393028,0.531106548616663,1,-0.185927450589985,143,-0.339617380503988
"487",0.451690099900588,0.126688984455541,1,0.442655906324254,34,0.349523693735712
"488",0.196375115774572,0.725523242261261,1,-0.3475376511579,387,-0.0178969669778131
"489",0.75296802050434,0.22821238078177,1,0.0216837097832182,106,-0.520977612322708
"490",0.116112138610333,0.358511014375836,1,0.959637806398607,80,-0.185484565253043
"491",0.881153099238873,0.612427829531953,1,1.35371679520179,139,0.262282345819379
"492",0.425009478349239,0.124754965538159,1,0.0323814433788969,368,0.228764944185324
"493",0.5746868501883,0.664492019684985,1,-1.06907498317,620,-0.524137320964357
"494",0.825379801215604,0.135434490162879,1,-1.67980870043642,1229,-0.471506847231268
"495",0.454833372263238,0.839032608084381,1,-1.68398200615676,246,-0.5255266059831
"496",0.669164719292894,0.466705756261945,1,-0.238556048454883,100,-0.0154503310214157
"497",0.0964205374475569,0.657113146269694,1,0.534145510176966,57,-0.728152752567211
"498",0.868111168500036,0.991758080199361,1,-0.748263236002418,43,-1.04255446380392
"499",0.490865315543488,0.627193029271439,1,-0.770208677882517,1703,-0.238194201915777
"500",0.131460659671575,0.9020590048749,1,-1.18054575863799,1181,0.0707260041173334
"501",0.64237956982106,0.912625518860295,1,0.16749738557139,68,-0.444631772793013
"502",0.134647397091612,0.675513509660959,1,1.52508505677982,85,-0.369683796049842
"503",0.258232860127464,0.448656251188368,1,1.17299683806027,264,0.453057353577173
"504",0.982850237982348,0.567951598204672,1,0.312187907601918,213,0.391470252312651
"505",0.152772244531661,0.218272178899497,1,-0.315222330165145,1915,1.19387948092364
"506",0.11155281146057,0.905585285741836,1,0.0526355865072882,66,0.239158911862867
"507",0.109954035142437,0.292207470163703,1,0.460558446828918,478,1.13445115416868
"508",0.563281309558079,0.526494996622205,1,0.694593516211624,98,0.462096938150458
"509",0.600754559971392,0.715234595583752,1,-0.603572001256742,292,-0.291549261667307
"510",0.379563457565382,0.197661585407332,1,0.65613319297144,132,0.236450918992002
"511",0.868414141703397,0.621058218879625,1,-0.0559739303205024,27,0.239373964605078
"512",0.473109115613624,0.825848309323192,1,0.333716533045299,80,-0.58704187836203
"513",0.0525880155619234,0.496273524826393,1,0.557472557508038,21,-0.310389672378478
"514",0.42844866309315,0.946582270087674,1,1.22933908482351,26,-0.441184761823715
"515",0.22559642069973,0.121429454302415,1,-0.207478114693852,1201,0.796748950152611
"516",0.344415797153488,0.403606696520001,1,0.220189552393728,222,0.149773201587139
"517",0.62978203012608,0.2661556834355,1,2.48639971444052,20,0.303139662113245
"518",0.049342637648806,0.205754475435242,1,-1.99540554678241,1333,0.913963368508311
"519",0.779338072985411,0.115082896081731,1,-0.0280263430775126,210,0.297111324390249
"520",0.902765561360866,0.741055998718366,1,-0.504621400850628,1588,0.313233693768732
"521",0.402398308273405,0.425734120421112,1,-1.22397013750985,2050,0.112858662844485
"522",0.330940474988893,0.861806109780446,1,-0.84099912702358,777,-0.377153637862513
"523",0.0859825126826763,0.876799435354769,1,-0.0122042699046867,278,-0.226633046952005
"524",0.335363434860483,0.706581621663645,1,-0.526450465691687,147,-0.384326987164767
"525",0.946464585140347,0.67130605969578,1,1.06763964923631,12,-0.427964384193671
"526",0.679814271163195,0.180784187279642,1,-0.0351583557484131,578,0.0489089031172898
"527",0.497913976665586,0.421920386143029,1,-0.68156062671099,282,-0.332199764278524
"528",0.838720869272947,0.457250086823478,1,-1.2818994497212,1014,0.200994308838905
"529",0.766034148167819,0.0562203091103584,1,-1.03611708619794,352,-0.0650401217335579
"530",0.268606463912874,0.450639778282493,1,-1.01983142195596,3786,0.452713570163605
"531",0.898994616465643,0.750883470056579,1,-0.250298672528566,270,0.304120321662586
"532",0.940591591410339,0.84537383238785,1,1.75872022583022,13,-0.23708909444731
"533",0.669316826155409,0.973132172133774,1,0.751904953035453,62,-0.651854260022341
"534",0.678317543817684,0.0572284790687263,1,1.9108955470155,21,0.663039921302722
"535",0.237414123723283,0.492218314204365,1,-0.438957682178424,86,0.12454939693258
"536",0.0185912349261343,0.318638707511127,1,0.160543767111493,355,0.246373261872834
"537",0.921872603474185,0.577844790183008,1,-0.676483198949237,218,0.332288928047067
"538",0.979289213893935,0.911161992931738,1,0.889322966346734,27,-0.329072348594148
"539",0.442434582393616,0.441816215170547,1,-0.600381874302852,354,-0.0227729562487923
"540",0.41880038776435,0.300860328134149,1,-0.594134109239657,583,0.16327645890078
"541",0.451249560108408,0.736552370944992,1,1.35417018314162,1,-1.02887443078886
"542",0.112230023136362,0.0587828934658319,1,0.840745349360626,56,0.97943692905825
"543",0.750141328433529,0.826821602182463,1,0.243880157230238,56,-0.347124434898641
"544",0.161410541273654,0.997471482027322,1,1.23777408857238,8,-0.0786280013471258
"545",0.261567987734452,0.456590151647106,1,1.45438607508482,40,0.373234358125778
"546",0.543754297308624,0.737462486838922,1,1.12753005925074,6,-0.810088303444712
"547",0.227171311620623,0.778309553395957,1,1.00790183735786,48,0.131799864530576
"548",0.571123194647953,0.388580388389528,1,-0.983866693144245,166,-0.174843688784842
"549",0.713847968960181,0.105628555873409,1,1.03786996207823,46,0.506202396781827
"550",0.9251333323773,0.591856678249314,1,0.62875009690787,92,0.140435029901922
"551",0.615490070078522,0.031690051080659,1,1.26323645126954,33,0.393374107492757
"552",0.121441118884832,0.299388524610549,1,-0.146464060730472,546,1.04712051270339
"553",0.502441468648612,0.733088434441015,1,0.545467127380245,23,-1.18671196278407
"554",0.855040949536487,0.577897778945044,1,0.482979587794995,33,0.282491852058658
"555",0.119356674840674,0.0212514030281454,1,-1.1143042854674,2574,1.24001765527817
"556",0.175868859747425,0.215898094465956,1,-0.014264443350372,2500,1.09632994493229
"557",0.138377035735175,0.634997992543504,1,-1.35055750146083,194,-0.489814519351255
"558",0.22251318464987,0.351093694800511,1,-0.178408716750746,295,0.881364694853229
"559",0.580166796222329,0.941802986897528,1,-0.809645802160627,478,-0.755881379398466
"560",0.00907347537577152,0.312988174380735,1,-1.31785852221542,509,0.403219601101734
"561",0.60540459677577,0.220348150469363,1,0.299918388671382,33,-0.095318287399619
"562",0.690340419998392,0.434817533707246,1,0.907967838062846,131,0.537608494552729
"563",0.0721452352590859,0.399927050340921,1,-0.862193058302044,352,-0.300151964229753
"564",0.658932838123292,0.0823770626448095,1,0.617024289779896,736,0.542931518783989
"565",0.712264383211732,0.0358930877409875,1,-0.201820609099241,1296,0.630425795649762
"566",0.169390805996954,0.392409130465239,1,0.561348104960205,201,0.590130928370087
"567",0.328945552697405,0.672406397294253,1,1.64397537652562,12,-0.56547527335163
"568",0.0118807475082576,0.452204087516293,1,-0.49682717404768,316,-0.105067931371444
"569",0.445605731802061,0.0662792068906128,1,-0.641403777842127,434,0.875977530537571
"570",0.726851406274363,0.943347251741216,1,-1.44868569209673,130,-0.528229266605629
"571",0.366162948776037,0.858692318666726,1,-0.127401755860728,294,-0.473230961828798
"572",0.973482892150059,0.659079461591318,1,0.586200624738349,287,-0.425361267638014
"573",0.492469436256215,0.831446168711409,1,-2.03872584503484,117,-0.750319685232195
"574",0.95851381146349,0.411479868926108,1,1.01234633722042,57,0.0958797322265592
"575",0.202247036388144,0.643658872460946,1,0.881951213374775,13,-0.610844425423252
"576",0.0431483823340386,0.023561768932268,1,-0.14799284482387,647,0.489036302127756
"577",0.84906252543442,0.7028816875536,1,-1.75622832048808,625,0.122417876694073
"578",0.584359480533749,0.229912824463099,1,0.80513872957596,85,-0.110239258239779
"579",0.263172906357795,0.0560259644407779,1,0.7431651478673,63,0.787093409393015
"580",0.336778733879328,0.849891314283013,1,-1.52252668533297,565,-0.364969449681077
"581",0.904302914161235,0.266450057271868,1,-1.37879475616817,121,-0.794176672654451
"582",0.0668933189008385,0.459174155024812,1,1.34117938944888,12,-0.488458755918213
"583",0.669935386627913,0.031102237990126,1,-0.636478967954334,95,0.959207241259244
"584",0.00974337570369244,0.263604687293991,1,-2.31802131772033,1976,0.533921214374525
"585",0.423490970395505,0.180937384953722,1,0.85042392328303,18,0.193024381562258
"586",0.87339514051564,0.682225105818361,1,1.92693899006413,33,0.0114288940353116
"587",0.0743744859937578,0.303101250436157,1,1.01866931175681,60,0.653752922981327
"588",0.694344429299235,0.269189819693565,1,0.241251914167103,775,0.0607728171413488
"589",0.181466223672032,0.590671617770568,1,-0.122933153438894,91,-0.0506364030025075
"590",0.291653735563159,0.0826540489215404,1,1.64423924089054,19,0.583230019798554
"591",0.675513057271019,0.116354576544836,1,-0.289371430861756,57,0.187813927512667
"592",0.324488586047664,0.44562806817703,1,0.125852719873893,1261,0.264005921226537
"593",0.0344262947328389,0.645578073104843,1,1.00989058242315,31,-0.242590712914862
"594",0.237633121432737,0.526615594280884,1,0.232880325259675,10,-0.0298422604674956
"595",0.558935027802363,0.662650624988601,1,0.0894502314805167,39,-0.555285954152316
"596",0.800440673017874,0.501910448307171,1,-0.0644014772408869,58,-0.0381456779989929
"597",0.46786193549633,0.858914177631959,1,-1.29741021124675,347,-0.337007962283196
"598",0.193413283675909,0.242676911642775,1,-1.2553611663511,5669,0.56464905064421
"599",0.584235782502219,0.711290885461494,1,-1.16858974616082,784,-0.545030843736841
"600",0.0300927413627505,0.859576288145036,1,-1.48528948196551,793,0.169365551849776
"601",0.826498847454786,0.937613131245598,1,0.161107715878224,16,-0.505145502365681
"602",0.0256296941079199,0.297469687648118,1,1.13505259420247,45,0.352656790412249
"603",0.730706577189267,0.515570288524032,1,-0.831926870371095,144,0.0741260383960293
"604",0.678165317513049,0.396689045010135,1,-1.34336481434219,756,0.322512315217852
"605",0.435780651168898,0.71035808394663,1,1.31928334441031,12,-0.549380246075635
"606",0.0313624860718846,0.962372009176761,1,-1.433432039844,255,0.150339877034275
"607",0.336308084661141,0.950221124337986,1,-0.815879645528965,14,-0.579939720708845
"608",0.0984617520589381,0.89660120010376,1,0.71903462144544,37,0.108017158384147
"609",0.688441348727793,0.863713336875662,1,0.479442089551019,69,-0.11752526381495
"610",0.605125488713384,0.422987326281145,1,-0.149190953209813,312,-0.0379746170446879
"611",0.392121734330431,0.296562045114115,1,0.322504175401575,286,0.0241140968105885
"612",0.812915062066168,0.472525944700465,1,0.494106343264952,31,-0.0799578371939174
"613",0.153097331523895,0.029850693186745,1,0.101796080687839,586,0.691810104520331
"614",0.493715850403532,0.542328507872298,1,0.306219085092938,193,-0.0398021075917404
"615",0.0597810347098857,0.116231143008918,1,0.528876274713198,546,0.577801012675633
"616",0.248620272614062,0.757976211607456,1,-0.644901169000882,3567,0.167117712858396
"617",0.133633053395897,0.426640089834109,1,-0.374591551579417,467,0.0753323021743472
"618",0.324066808912903,0.303595771314576,1,0.0975237331648209,10,-0.0341417135039867
"619",0.445667559048161,0.319849767489359,1,0.0339161574443357,144,-0.224588571378029
"620",0.70000953739509,0.90507254935801,1,2.25153791812438,27,-0.179235699799351
"621",0.367929903324693,0.61078403191641,1,-0.985943848335789,282,-0.236297042299638
"622",0.996109870029613,0.526052366476506,1,-0.548084588496092,471,0.246898870990697
"623",0.662616968387738,0.823287023231387,1,0.552610611105788,392,-0.438926325483025
"624",0.107814172981307,0.294280442642048,1,-0.0724460651154444,1223,1.00832495909629
"625",0.499797719996423,0.331839920254424,1,-0.866441565919424,783,-0.177741896125686
"626",0.818923631682992,0.408096769591793,1,-1.34990250613323,850,-0.12191088992207
"627",0.183403982315212,0.480280486866832,1,0.0532047921071526,63,0.358596908293613
"628",0.670115243177861,0.0160184914711863,1,0.814577659947209,197,0.687912781231075
"629",0.947156912647188,0.895615644287318,1,1.05105936570579,23,-0.279228970175178
"630",0.960693349363282,0.285540964454412,1,-1.23877450999165,1641,-0.0510046906362558
"631",0.984819791279733,0.938883819850162,1,-0.133674707370958,171,-0.545476435336262
"632",0.0344669048208743,0.227061186218634,1,-1.14282797792062,96,0.502027819726171
"633",0.255517383338884,0.505883939797059,1,0.996818747974777,73,-0.110320874052856
"634",0.138673916691914,0.276208074996248,1,-0.687767219522385,600,1.09287820882022
"635",0.795419351896271,0.154331471305341,1,2.35550841075427,3,-0.281841918581865
"636",0.429600052302703,0.273647028952837,1,-0.454648864017771,743,0.181427288740972
"637",0.262118542566895,0.290100252022967,1,0.176427469655945,469,0.945194676468592
"638",0.211757836863399,0.402435477823019,1,1.77294775668163,32,0.777766074621883
"639",0.379757721209899,0.607847695238888,1,0.323832886811749,483,0.256229059944181
"640",0.596730686491355,0.869335658848286,1,1.55688331605254,16,-0.658633693249979
"641",0.234564796555787,0.317525259684771,1,1.16312345330933,55,0.840172831206088
"642",0.629791313549504,0.896818611072376,1,-1.20264998920258,1008,-0.642916694556761
"643",0.216478867921978,0.39932342316024,1,1.36535288249984,33,0.930664051006358
"644",0.429623479954898,0.123141231015325,1,-0.815847082863147,1652,0.289741230055635
"645",0.0115165079478174,0.0861127790994942,1,-2.03844885892431,3872,0.756734412707767
"646",0.430867905262858,0.629430779954419,1,-0.0671227679927867,1143,-0.120078875087066
"647",0.466216802364215,0.372413331875578,1,-0.720144288381738,730,-0.105150614637272
"648",0.919250470586121,0.613505763234571,1,-0.440335786735309,454,0.187458814447748
"649",0.187108278740197,0.716811580350623,1,-0.855029862841999,424,0.103704297829924
"650",0.171964614652097,0.12415868206881,1,-0.27013195131152,87,0.887114544769773
"651",0.664441322907805,0.875906866276637,1,1.3946484448603,35,-0.521704262469974
"652",0.187998432666063,0.468230213038623,1,-0.967541314768266,741,0.0300705935188662
"653",0.624186627566814,0.941857298370451,1,1.10776356916265,191,-0.814117838294091
"654",0.71644623647444,0.844885732978582,1,-1.01288234124356,938,-0.112880665923423
"655",0.829419148154557,0.0860185043420643,1,-1.25502298925862,547,-0.124764364409696
"656",0.646093184128404,0.203908408991992,1,0.413108281979479,19,-0.0321930041842095
"657",0.924205120187253,0.860763822682202,1,-2.06173083187753,1049,-0.0124810839074213
"658",0.100276813143864,0.287049103993922,1,-0.574978582342163,2741,1.31573292921738
"659",0.14455390884541,0.0633154478855431,1,0.387352929185755,176,0.911621936019179
"660",0.551139515126124,0.800744322827086,1,0.353123967901967,49,-0.0849993671059826
"661",0.900241358671337,0.764966402901337,1,0.876329443474683,64,0.263213349898602
"662",0.00929571688175201,0.971832431154326,1,-1.41147623336319,732,-0.270442815779121
"663",0.367491638055071,0.653928056359291,1,0.304096348856819,22,-0.717132872938153
"664",0.421961706830189,0.263741106027737,1,1.25355249569681,36,0.23886224378121
"665",0.179946267511696,0.137762818485498,1,-0.106754870621213,2334,0.911594000678773
"666",0.937231598654762,0.126844442682341,1,1.31328418158954,6,-0.246692381564103
"667",0.214477799832821,0.641737536760047,1,-0.744225558194435,266,-0.651741309143575
"668",0.758578554028645,0.0978096970357001,1,1.64790407781649,40,0.168804286990783
"669",0.500890066381544,0.663496465422213,1,1.47101641921654,43,-0.67848557536897
"670",0.563519388670102,0.362347108777612,1,0.305664259998192,114,0.129691677907882
"671",0.469992456026375,0.680110192624852,1,-1.20938452774281,1033,-0.554570606678228
"672",0.247744455002248,0.701988718705252,1,1.91191288674356,11,0.0206770168890501
"673",0.684970061294734,0.462180244270712,1,0.823493891447792,32,-0.211517709746807
"674",0.787458973703906,0.619622673839331,1,0.975881183172716,19,0.337604187650133
"675",0.087834739126265,0.360359642654657,1,-0.356192782759444,48,0.0706870717053512
"676",0.332626157673076,0.436517105204985,1,-0.880353543032758,179,0.342125828661015
"677",0.764513009460643,0.78966049477458,1,-0.715900183759713,314,0.0282490880714914
"678",0.244289558380842,0.0194736772682518,1,-2.01245484482462,373,0.719293982933545
"679",0.145169981522486,0.0922566510271281,1,-0.418047145810726,608,1.11341960530297
"680",0.642110220622271,0.346285558305681,1,-0.134033649393457,290,0.321497465107948
"681",0.318535116035491,0.301672802306712,1,-0.766612902296349,88,-0.00574752789469591
"682",0.00277897249907255,0.537673584884033,1,0.282497583107362,629,-0.26707188995594
"683",0.879776914138347,0.86280447547324,1,0.492721134390208,49,-0.171168257934645
"684",0.975124286254868,0.331029719905928,1,0.879425531096824,17,0.338351103022817
"685",0.521752066444606,0.835468664299697,1,0.15453410106403,119,-0.621831766101141
"686",0.100648582912982,0.265957266557962,1,-0.972099932445052,978,1.21661719352555
"687",0.304552129469812,0.532796340528876,1,0.0628030685444908,17,-0.573127073084722
"688",0.24016695888713,0.423420803854242,1,0.531725184137383,49,0.993451889706607
"689",0.633975912351161,0.235376827185974,1,-0.626788691626973,355,-0.28868846946849
"690",0.877973293419927,0.375046639237553,1,0.25308117061688,150,0.18332266186564
"691",0.991920053958893,0.2836059180554,1,-1.42687482700762,736,0.0666929293986135
"692",0.361226319335401,0.897903433535248,1,2.08548454981276,3,-0.722798128200097
"693",0.645779605722055,0.876643900759518,1,-1.61106265596377,530,-0.626404328162871
"694",0.019984865328297,0.0937616438604891,1,-1.5281101065406,1159,0.638851477895411
"695",0.38771580462344,0.727994103915989,1,1.12713500386072,52,-0.770637596139816
"696",0.00206289975903928,0.138876650482416,1,0.0918205977710227,226,0.267939593663917
"697",0.656058218330145,0.415246891323477,1,0.709086750681067,249,-0.0425558790304212
"698",0.472957064863294,0.349942181026563,1,-0.727312420004783,202,-0.240908982383205
"699",0.278026141691953,0.997237385483459,1,1.39397167879367,86,-0.328548053007309
"700",0.0681441703345627,0.592477658996359,1,-1.71233763037691,1653,-0.274883549928219
"701",0.00663246447220445,0.224854747997597,1,-0.394642782316752,221,0.474663220226276
"702",0.400612337281927,0.908726325025782,1,0.0773189794644081,661,-0.626262875750948
"703",0.103402657201514,0.857170225819573,1,-1.47010577721269,218,0.0318071481764576
"704",0.556158210849389,0.894689550157636,1,0.848388387232047,1,-0.401129444461707
"705",0.349837609799579,0.180878146318719,1,1.78815874089744,3,0.135308758463793
"706",0.498007049085572,0.383127011591569,1,0.343202164980018,40,0.0311571538363843
"707",0.71526677464135,0.156268707243726,1,-1.47067167884331,794,0.20626970954913
"708",0.219970821635798,0.415930139599368,1,0.663084200198932,143,0.78498573497822
"709",0.62281280127354,0.560161049710587,1,0.162254033812736,143,0.155641690420692
"710",0.172462453367189,0.655930707929656,1,0.401432194659909,37,-0.201385323369956
"711",0.906072723679245,0.40689802588895,1,-0.887655761803786,272,0.537202648958439
"712",0.0485849825199693,0.130588500993326,1,-1.12839708570517,516,0.722955136608415
"713",0.278893423266709,0.260717960540205,1,-0.139563643340113,63,0.402991213365792
"714",0.896170187741518,0.0377000130247325,1,-0.773606086435614,62,0.185378626085744
"715",0.0737108692992479,0.621552959317341,1,-0.43134430414074,417,-0.240859377917201
"716",0.660811023321003,0.605302485637367,1,-0.710994359137032,16,-0.269688021243077
"717",0.0789339316543192,0.771416059928015,1,0.985122051715905,116,-0.747040853355071
"718",0.358220702037215,0.515564597444609,1,-0.0833987959266591,1418,0.248494965761537
"719",0.244750967714936,0.275856833904982,1,1.99187676912033,149,0.790923213786446
"720",0.399984598858282,0.285035509150475,1,-1.25930560629211,329,0.0375574133402751
"721",0.657975615467876,0.943427127087489,1,-0.15245871570762,41,-0.619093216727048
"722",0.365538992220536,0.0252012920100242,1,0.716254814821532,246,0.728437381027937
"723",0.694650961784646,0.470063621178269,1,1.2233505751035,17,-0.168539080614763
"724",0.124379058834165,0.0178985656239092,1,-1.49372229843181,957,1.17071473347799
"725",0.230499747209251,0.0868459620978683,1,-0.113869738791943,3872,0.78898719831889
"726",0.773285245522857,0.45499694114551,1,1.38799533852168,53,-0.0173787036589127
"727",0.116852731443942,0.401154838968068,1,0.339672406220515,93,-0.27413291568541
"728",0.252267394214869,0.23560710484162,1,-0.449425375185945,120,0.341108138349512
"729",0.280235317535698,0.530223038978875,1,0.393201175221543,23,-0.484008647065421
"730",0.85278173792176,0.479414485162124,1,0.83969209446141,34,0.311968768141112
"731",0.958112832158804,0.66684382269159,1,0.77728234159233,111,-0.539074158696559
"732",0.558386128162965,0.592757258564234,1,-2.14546025490681,6283,0.46018076080398
"733",0.196759887505323,0.631358036538586,1,-0.317114358435534,71,-0.573473556054308
"734",0.268447772599757,0.531761806458235,1,-0.896938546173448,799,-0.428696038082836
"735",0.471862183883786,0.875230682780966,1,1.12776744003968,18,-0.274354185041925
"736",0.950943759642541,0.968063177773729,1,-1.49873656079525,243,-0.43870019999817
"737",0.604423333657905,0.816049719462171,1,0.461787109529161,25,-0.313088961896866
"738",0.551813312573358,0.392946456093341,1,-0.260080524278581,28,0.0833735131711028
"739",0.951759743504226,0.276124089257792,1,-0.272590451832556,46,-0.567708225063299
"740",0.0382290217094123,0.217026850674301,1,1.14906419874745,94,0.701996940311134
"741",0.191083829617128,0.0749857677146792,1,0.0501656217830595,317,0.576480814691282
"742",0.0133152403868735,0.687003306811675,1,0.148750789566849,127,-0.769355338219816
"743",0.485905729234219,0.647093266481534,1,1.28897284518955,43,-0.323410113034359
"744",0.464669204084203,0.2266678547021,1,-0.597521125399607,1443,0.959822432277997
"745",0.300458721118048,0.163413040107116,1,0.43372481405394,83,0.556160312308858
"746",0.628031417028978,0.884747593663633,1,1.32083328536033,19,-0.420315570200531
"747",0.445103785023093,0.406114149838686,1,1.16365708980877,73,-0.227009097643157
"748",0.47086549946107,0.415018874453381,1,0.504108566807477,47,-0.100809999100478
"749",0.454793850891292,0.896839869674295,1,2.40751418497966,28,-0.345821049976896
"750",0.0978197630029172,0.579595176968724,1,-0.949731730179159,144,-0.524140221961027
"751",0.421366235241294,0.477736418368295,1,-0.669988364106675,571,0.0913008774703998
"752",0.478523348923773,0.618137789191678,1,-0.621844038385208,303,-0.19102165090594
"753",0.334020131500438,0.983145740581676,1,-1.3058345287151,238,-0.755717477142062
"754",0.254108906723559,0.797001183498651,1,-0.0590291426576781,134,0.317167677989983
"755",0.233127312734723,0.502665820764378,1,-0.11536895090083,183,-0.0109747459584565
"756",0.5178116268944,0.580956112127751,1,0.550170304415968,81,-0.109987616737343
"757",0.452919935807586,0.383524887729436,1,-0.606859875453131,76,-0.317009830166915
"758",0.169302423717454,0.730088223237544,1,-0.194186659583031,76,0.0753473711555711
"759",0.89455848839134,0.923740682424977,1,0.934033701157406,26,-0.497532355463227
"760",0.7018884094432,0.792706115171313,1,-1.79322524536951,476,-0.690930822488221
"761",0.502890327712521,0.658628817182034,1,2.12461307388344,5,-0.590392099783976
"762",0.410370868397877,0.95032179588452,1,-0.660775131786352,157,-0.401528324474807
"763",0.141061339061707,0.519452392589301,1,-0.40178342837237,89,-0.0542801620568134
"764",0.720373064745218,0.793747189454734,1,1.66367623867748,24,-0.49257036680966
"765",0.883888290263712,0.669447505148128,1,-0.94904878083818,811,-0.0464327899214614
"766",0.0609183623455465,0.467291334411129,1,-1.06187902584422,131,-0.218563512497499
"767",0.427508632652462,0.401122302748263,1,-0.0546735711113912,79,-0.0788547132293785
"768",0.644022874068469,0.575818160548806,1,0.331390261058657,159,0.0992490272401839
"769",0.0771790484432131,0.835533823585138,1,-0.786873876248424,337,-0.0150452618381205
"770",0.105598739814013,0.479898625053465,1,-1.46587538370778,453,-0.493161385063303
"771",0.20922618592158,0.0891911184880883,1,-1.21689154742647,1595,0.548518590158984
"772",0.258655544370413,0.850485926261172,1,-0.926371882180883,1082,-0.0575289447893959
"773",0.57939470699057,0.635118680074811,1,0.644675644682897,75,-0.0551103532504825
"774",0.274531370028853,0.818456532433629,1,1.20740784785612,121,0.034028186275975
"775",0.0131773645989597,0.384292231639847,1,1.89285774724308,54,0.38214437406548
"776",0.455536365974694,0.268729712581262,1,2.05329540859973,21,0.497346769711089
"777",0.921749872155488,0.604842918459326,1,-0.753222046015405,433,-0.133005963744916
"778",0.364319651154801,0.490179450251162,1,0.70373663228399,118,0.0215400199358501
"779",0.752634957898408,0.461767690721899,1,0.527267427262645,21,-0.179856471636956
"780",0.0160579003859311,0.0135819353163242,1,-0.861255440886574,104,0.903854089768858
"781",0.718443513615057,0.139690192881972,1,-0.659904316709641,671,0.444114826930653
"782",0.820893716299906,0.653828049777076,1,0.585587120459919,296,0.121362083251847
"783",0.31889083981514,0.222619311651215,1,1.03127527772252,515,0.138339290142795
"784",0.580465687671676,0.0177137586288154,1,-1.17620001918739,4197,0.710155113419848
"785",0.0411463221535087,0.270872081862763,1,0.647106538737766,72,0.194501886685329
"786",0.0759151112288237,0.427535817027092,1,0.732573976764454,20,-0.184728069624485
"787",0.54818655969575,0.443182423012331,1,2.06586127602202,6,-0.110936950629056
"788",0.178841659333557,0.778387275524437,1,-0.505855001616139,1039,0.134377398721776
"789",0.0273074321448803,0.12980001908727,1,-1.01886788974132,358,0.459573968217408
"790",0.920686668716371,0.989693392300978,1,0.967977387487629,72,-1.03252106478647
"791",0.736689662560821,0.645154688740149,1,-0.28860631871528,524,-0.0473135132807325
"792",0.442796020070091,0.909890020499006,1,-0.216885661608661,504,-0.16705932933571
"793",0.490910000167787,0.0830546370707452,1,-0.264304681444208,114,0.764339187737112
"794",0.370402922388166,0.623592583695427,1,0.572623196685218,419,-0.709414772343178
"795",0.270036370959133,0.857407600618899,1,-0.67413129015327,320,-0.0247004580682686
"796",0.953708318760619,0.345399615587667,1,-1.45256030941567,1528,0.310544079124063
"797",0.023565516108647,0.572780425660312,1,0.798994669528699,31,-0.248089693603062
"798",0.180668798042461,0.159072130685672,1,-0.368791652577463,1359,1.22811998924505
"799",0.669650845928118,0.727671648608521,1,0.182311351617776,50,-0.0951598244851586
"800",0.0672929510474205,0.883282529655844,1,-1.14695190874556,2175,0.0689041435040986
"801",0.0566572586540133,0.289697217056528,1,-0.187544074767126,92,0.679029434229208
"802",0.801565001485869,0.161324563669041,1,-2.2562847564472,1555,-0.629660916422361
"803",0.778127561789006,0.860370531212538,1,-1.15575621114988,343,-0.0114063046156512
"804",0.328459033509716,0.35007910290733,1,0.73978860092196,10,0.341517774290981
"805",0.114775135647506,0.131195307476446,1,2.0484326739779,31,0.743755409180598
"806",0.658420161344111,0.626337172696367,1,0.309786557604928,45,-0.569353063770901
"807",0.832875795429572,0.221532870316878,1,0.423968130165071,21,-0.801745862619013
"808",0.224300329107791,0.483246507355943,1,0.67916057919496,182,0.138550499763228
"809",0.8118560181465,0.406781031284481,1,1.43701396473135,11,-0.111799442172369
"810",0.752355967415497,0.471891693305224,1,-0.249731906729614,18,-0.19249537812059
"811",0.358041035942733,0.0404603951610625,1,-0.429088477749092,174,0.794913244624084
"812",0.821239552460611,0.919580820482224,1,0.134398611377136,71,-0.28020012577135
"813",0.628450276330113,0.881016825558618,1,-0.394704147698837,102,-0.402077191676313
"814",0.365442551439628,0.460086846258491,1,1.33128341323358,284,0.155921118228224
"815",0.0964972462970763,0.964935068506747,1,-0.784650368333114,203,0.505728462120824
"816",0.0144915473647416,0.801684446865693,1,-0.359768047732062,273,-0.519108807146466
"817",0.393535068025813,0.632774144876748,1,0.786705345875539,148,-0.307743900768668
"818",0.879877311410382,0.829430059762672,1,0.950508590121546,12,-0.126577141815317
"819",0.566679985495284,0.629462614655495,1,-0.0865650525600016,258,0.0518127642798216
"820",0.865541102830321,0.257813410600647,1,-1.04333226403287,176,-0.869498551154292
"821",0.145252446644008,0.00538285332731903,1,0.120399166813076,637,0.772183975948471
"822",0.40142889181152,0.300799819175154,1,0.321803148389295,87,0.487952330279967
"823",0.300181665690616,0.946268514031544,1,-0.371034772009758,1086,0.021188228855447
"824",0.556372022954747,0.371906500309706,1,-1.14636434050358,2049,0.158297752461079
"825",0.717705086339265,0.384507966693491,1,1.53793894461828,27,0.566958572483253
"826",0.826098849298432,0.97810778953135,1,0.318852174692862,53,-0.787442808235948
"827",0.456737232394516,0.920320694334805,1,-1.19574289967525,206,-0.282143402046977
"828",0.666801017243415,0.855683154892176,1,0.128539382866366,19,-0.39819790496788
"829",0.766496314667165,0.877146183745936,1,0.249331577621593,138,0.296757108309819
"830",0.290570818819106,0.581662004813552,1,-0.268411326274734,87,-0.43308833951854
"831",0.690934469457716,0.229547586524859,1,-0.458312262842229,126,-0.142193188877338
"832",0.275151834590361,0.279275987530127,1,-0.705103127338245,1091,0.765541999506333
"833",0.604597854195163,0.104659093776718,1,0.926772577924848,129,0.344411366447353
"834",0.120640620123595,0.0559826863463968,1,1.69765870313354,53,1.03426747877731
"835",0.320732519496232,0.0619749315083027,1,-0.560988717736549,565,0.276652294083152
"836",0.984264435013756,0.170857473509386,1,1.30175724799365,93,0.185750400184481
"837",0.196945666102692,0.842188810231164,1,0.0442801038929685,63,0.142579148850073
"838",0.859979957574978,0.617134462343529,1,-0.413013022302793,564,0.260810384569666
"839",0.342780500417575,0.085253689205274,1,-0.411592500790176,1603,0.396832017934464
"840",0.549472038866952,0.150999828241765,1,-0.600129300994328,610,0.136848112440605
"841",0.0360011071898043,0.987910234602168,1,-0.975116320455563,1297,0.0610494222118461
"842",0.104408549144864,0.21270717936568,1,0.118784555848632,205,0.827022311610784
"843",0.861707679461688,0.586006009718403,1,-1.3771367878365,492,0.39625493827736
"844",0.641368574462831,0.242649774067104,1,-0.35155901796741,187,0.104000950805341
"845",0.974216828588396,0.274555971845984,1,0.335431353547366,12,-0.118501892384593
"846",0.908874481683597,0.901199487503618,1,-0.210193640298634,297,-0.276027714019312
"847",0.309980455087498,0.67326879571192,1,0.288901792946783,8,-0.565864760460888
"848",0.297099132556468,0.97451269812882,1,0.571591498797738,35,-0.162237307117749
"849",0.53745223255828,0.308564545121044,1,-0.391700661404127,122,0.39991134502196
"850",0.0460639887023717,0.462292915675789,1,-1.37456066598126,657,-0.323124848723059
"851",0.244329574285075,0.758927757618949,1,-0.731276535733755,401,0.289515903738584
"852",0.135322572896257,0.734485114691779,1,-1.22972226178622,2678,-0.176471594609275
"853",0.971764711197466,0.927870254497975,1,-0.526431243502958,62,-0.211510399385023
"854",0.409762414870784,0.860430918401107,1,-0.72086883164885,489,-0.540620957559889
"855",0.714992485940456,0.323957534506917,1,1.27851907318701,27,0.107686985868019
"856",0.0761819675099105,0.331227844348177,1,-0.580436364841092,329,0.569440488427538
"857",0.250282016815618,0.176537417108193,1,0.297368473780913,345,0.756849914109861
"858",0.712103541940451,0.70823470223695,1,-0.0979815732681231,75,-0.60640791143233
"859",0.223321175668389,0.399204424349591,1,0.357193344754537,1442,1.13566929118225
"860",0.877616294426844,0.903702131705359,1,-0.581665194301174,334,-0.546161454919484
"861",0.182097504846752,0.572570908116177,1,0.49747199592541,27,-0.132901407091597
"862",0.692990954965353,0.738043025368825,1,-0.663190372820614,90,-0.583207131749856
"863",0.829809178365394,0.877405560808256,1,0.612876733321226,30,-0.147151778659534
"864",0.91154862078838,0.346174568636343,1,-0.906980737898859,170,-0.104572315793522
"865",0.171086413552985,0.731513999635354,1,-0.15116031014452,1099,0.0927832437023453
"866",0.376436487073079,0.925334082450718,1,-1.2572502924909,220,-0.880896537997353
"867",0.434199100825936,0.859733465127647,1,0.113911647862907,80,-0.584191110098922
"868",0.289242484839633,0.878627602010965,1,-1.63213470388869,6020,-0.0268076176334096
"869",0.867747735930607,0.722285566618666,1,-0.555531498190864,634,0.044931939791459
"870",0.636080018244684,0.367408654652536,1,0.980138181805104,148,-0.020965294235006
"871",0.794899855274707,0.00040776957757771,1,0.169559958079361,49,0.0838796574232617
"872",0.11068221880123,0.881207988830283,1,-0.630570684437523,300,-0.479645887174949
"873",0.880115712294355,0.927857251372188,1,-0.0933148992567114,170,-0.580047979910232
"874",0.8946166227106,0.0468727920670062,1,1.17954384031761,171,-0.019651363467386
"875",0.351256550522521,0.445046984124929,1,-1.5478632556568,1340,0.036892689043174
"876",0.961658650543541,0.145396542036906,1,-0.786159721346331,60,-0.0712253177988773
"877",0.441144572105259,0.840601653559133,1,0.693568991895445,51,-0.711796311249317
"878",0.00749272922985256,0.239305943250656,1,1.1312276363968,37,0.63945799213858
"879",0.876992705510929,0.527889271266758,1,0.619225917266635,91,0.892822571679543
"880",0.157735165674239,0.257452029036358,1,-2.00367288060986,2234,0.85404628029311
"881",0.630946934921667,0.562344532227144,1,1.34670002954796,16,-0.0858934341420307
"882",0.608088291017339,0.276872297981754,1,1.10262271139228,765,0.289896328324365
"883",0.139009410282597,0.647315103793517,1,0.362776226993488,65,-0.484738174174328
"884",0.749063651077449,0.641992546385154,1,-0.575268606774642,207,0.139961827675957
"885",0.646775503642857,0.195143367629498,1,1.22266869041218,329,-0.0016570494083104
"886",0.488312518689781,0.568928684107959,1,-0.244342018210903,14,-0.358075396831509
"887",0.570266989758238,0.672753780148923,1,2.2143193191022,6,-0.746033320348836
"888",0.0503298246767372,0.37848628917709,1,0.616293927247015,100,0.00723330151325585
"889",0.170601021731272,0.416630134219304,1,-0.0460120444427283,247,0.341561583700696
"890",0.263031449401751,0.836209134431556,1,-0.478963002107067,57,-0.0767870118310754
"891",0.956703286385164,0.428466356592253,1,1.82044079934045,28,0.406618590920707
"892",0.814766576746479,0.45681622531265,1,-1.38613406403307,963,0.0135721718330662
"893",0.791642470052466,0.858088919892907,1,0.12846426922082,276,0.258154415522164
"894",0.663204717449844,0.0138546288944781,1,0.313898515348309,223,0.669731249655162
"895",0.103801892371848,0.928775452077389,1,-0.591732693323295,485,0.749249910488908
"896",0.89667226630263,0.861000841716304,1,1.87372201391564,33,-0.340464457335961
"897",0.000853829551488161,0.441129832994193,1,0.033471302863061,43,-0.194954042950582
"898",0.20349333807826,0.807831037091091,1,-0.959515170926134,3556,-0.126830350208129
"899",0.351638189749792,0.792153984308243,1,-1.14340591086608,3272,-0.291827208351247
"900",0.986966353841126,0.844250416848809,1,0.232971900323487,457,-0.64113745084512
"901",0.791274504270405,0.999789339257404,1,-1.52848842584667,689,-0.350258591367194
"902",0.826176409842446,0.934456291375682,1,-0.685041365706905,43,-0.564291549469955
"903",0.485139503376558,0.636085747508332,1,-1.19813631282783,1645,-0.184517048030169
"904",0.746636886149645,0.20644971053116,1,-0.81905073493512,80,-0.196718544127368
"905",0.345938365440816,0.881705968640745,1,0.0232523497281251,4,-0.51715788025748
"906",0.886222934350371,0.484913688385859,1,0.388440029067534,855,0.703548847167787
"907",0.489350548945367,0.611841791309416,1,-0.308831608569621,198,-0.341106755147027
"908",0.305929228896275,0.689591545844451,1,0.243027488878414,8,-0.342130824361543
"909",0.281854367582127,0.730012339074165,1,0.791173058107389,25,0.00579827024332747
"910",0.360495942411944,0.84892070828937,1,-0.0934611314195061,185,-0.396222985469148
"911",0.0916383797302842,0.92078830068931,1,-0.802721196373507,214,0.541591470717818
"912",0.759919767500833,0.303931606002152,1,-0.399181119356075,113,-0.264401695127485
"913",0.904250325867906,0.905384831130505,1,-1.44936626035642,321,-0.238477882119161
"914",0.459458673605695,0.560864972881973,1,-0.273941203466839,83,-0.560154401388704
"915",0.793056238442659,0.282337536104023,1,-2.0113666006599,142,-0.918238976995529
"916",0.673684061970562,0.983986872481182,1,0.322723466699083,3,-0.632223959656456
"917",0.948782201856375,0.514240698888898,1,0.944029700385539,264,0.924773002952524
"918",0.765199837274849,0.283663785085082,1,1.1480393312708,3,-0.548739592268155
"919",0.994276691926643,0.88786340225488,1,-0.86992437647612,34,-0.279262251473853
"920",0.730561656178907,0.916205651359633,1,-1.24093836756587,145,-0.33053589816372
"921",0.248860264429823,0.2279053311795,1,0.85189525519478,63,0.531695314891384
"922",0.15560539602302,0.892723385244608,1,-0.524276774741277,100,0.418603403287867
"923",0.0982110241893679,0.57778284419328,1,-1.05765222769312,194,-0.406928115118099
"924",0.597494630841538,0.931354389293119,1,1.2022474917135,4,-0.770264633886203
"925",0.0789167904295027,0.401775854406878,1,-0.0550524409882487,257,-0.0496800810005794
"926",0.86200706125237,0.45107244537212,1,-0.59403086362317,2277,-0.00239772876392901
"927",0.402512138243765,0.525015803752467,1,0.472191673085308,305,0.283360708834975
"928",0.553008652525023,0.58737047133036,1,-0.307491728396313,316,0.414589272489976
"929",0.255495437420905,0.319467096356675,1,-0.951794782595689,104,0.830978082344012
"930",0.212077570613474,0.728990935254842,1,-0.565054348541117,595,0.154087678971881
"931",0.841812206199393,0.275545937707648,1,0.966233560765207,21,-0.999770993730413
"932",0.851608018158004,0.710269537754357,1,0.0750175787965834,65,-0.0430158892174101
"933",0.754434161819518,0.666348125087097,1,-1.65682346180355,70,-0.55361282277381
"934",0.809771501924843,0.576454422436655,1,-0.186804343505824,539,0.613136488704759
"935",0.110183606622741,0.236776543781161,1,0.397949468828321,1334,0.99932915783371
"936",0.00528059038333595,0.415827962337062,1,-1.74214498077392,2929,-0.027832799888197
"937",0.614841975504532,0.329814679920673,1,-2.04401557805136,218,0.0136571702276888
"938",0.575414672028273,0.0859845418017358,1,-1.42560115054641,932,0.489172557700009
"939",0.648559737252071,0.244399986928329,1,-0.124424183227078,481,0.115564596225193
"940",0.862237189663574,0.0466996803879738,1,0.263870399818722,461,0.0550159859041026
"941",0.341587206348777,0.21984395571053,1,1.11887540593501,147,0.358058749831945
"942",0.814948285464197,0.0491881568450481,1,-0.237394392366549,57,-0.0160895993920844
"943",0.613093340070918,0.734275172930211,1,0.20089551362582,53,-0.215329926927348
"944",0.152693334734067,0.349347366951406,1,1.76259329717555,18,0.619773640373865
"945",0.0622897241264582,0.844563172897324,1,-0.482556585177176,208,-0.000997740813788732
"946",0.205394027754664,0.412638506386429,1,-1.44671011276342,848,0.745890807905137
"947",0.58523947163485,0.896444625686854,1,-1.82150123846179,378,-0.561886812827011
"948",0.599221754819155,0.738461447646841,1,1.3505681756633,22,-0.348166353088488
"949",0.228739216225222,0.389218415133655,1,-0.353912879768661,3079,0.923871629064454
"950",0.766125575872138,0.512551693245769,1,0.764657464541487,91,-0.297743559779698
"951",0.944493661867455,0.936343237524852,1,-0.527463989474217,73,-0.4890053858048
"952",0.0645452325697988,0.618067344184965,1,-1.52663413829619,311,-0.111126034197545
"953",0.821130522992462,0.780907165957615,1,-0.543770065671167,569,-0.184308619811917
"954",0.187993492931128,0.195040448568761,1,1.13822348792083,101,0.840824131886268
"955",0.429456376703456,0.31825356814079,1,-0.918738664917984,4363,0.0182090282113766
"956",0.353294854750857,0.115585702471435,1,0.30455940793574,30,0.168250760543795
"957",0.287798610515893,0.482407684437931,1,0.712092594318981,330,0.160133656951967
"958",0.0284055774100125,0.678757389774546,1,-1.31171521363829,499,-0.766123087478443
"959",0.40442458842881,0.519236385356635,1,-1.38580012977154,2941,0.459263337158383
"960",0.563487883657217,0.393181561725214,1,0.420579559306718,61,-0.179820235201891
"961",0.519821448717266,0.804194738157094,1,-0.257211285848311,397,-0.430080154041058
"962",0.0523107661865652,0.299199683824554,1,-1.04084562266547,587,0.562779388621979
"963",0.441896708682179,0.196172393392771,1,-0.0324510928593279,458,0.571820844819938
"964",0.359274466754869,0.646603998029605,1,-0.950769127402253,118,-0.750526062183758
"965",0.190049460390583,0.928700973512605,1,1.52259162372659,239,0.6411782024055
"966",0.823816067539155,0.152619536034763,1,-1.52615495420342,1138,-0.588332402832566
"967",0.696344894822687,0.565725961932912,1,0.50153002398649,94,-0.169701728624618
"968",0.803448253311217,0.892939341254532,1,1.72180132851578,169,-0.0486973223167047
"969",0.475963937584311,0.0571550026070327,1,-0.0217395171829906,1050,0.85990760751118
"970",0.278317084303126,0.807375445961952,1,0.460570933747975,28,0.0587414630108162
"971",0.825608154991642,0.918479303596541,1,-0.350035878037842,14,-0.28070242458569
"972",0.918259422294796,0.741642551962286,1,-0.61319776543246,256,0.41058046870158
"973",0.773350956151262,0.583740621805191,1,-0.107026578532678,555,0.233319840945453
"974",0.465115598635748,0.469104509567842,1,1.06311951444509,38,0.122003092659108
"975",0.590117318555713,0.96041107783094,1,0.875389952619827,22,-0.5446127389265
"976",0.835628234548494,0.492579228477553,1,0.194056794769007,74,0.131780789498243
"977",0.712098809657618,0.325990356272087,1,-0.0188298352348533,504,0.102129035596563
"978",0.834155373740941,0.581759444903582,1,0.893323296396991,404,0.44268374114102
"979",0.773896156344563,0.397108204197139,1,-0.393866479169263,1167,0.819023155068276
"980",0.708625524537638,0.154556221794337,1,-0.19723292481669,58,0.290293065391433
"981",0.290082707302645,0.00400288333185017,1,-0.0178944864187851,1921,0.743759037222275
"982",0.383048073155805,0.262807623948902,1,0.588305313713323,107,0.160011338435474
"983",0.0197292256634682,0.875593363307416,1,0.7649339132401,158,0.199804347804146
"984",0.3607671787031,0.0612341568339616,1,0.232160840828583,157,0.65898250404174
"985",0.793003796134144,0.315051339333877,1,0.795486217789486,67,-0.815977126145023
"986",0.710039917146787,0.810481563908979,1,-1.55558183160015,1743,-0.508885822168811
"987",0.578729374567047,0.338021976174787,1,-1.57686564672657,1517,0.0801562408858127
"988",0.485210227314383,0.330420627724379,1,0.313595452533149,35,0.0450893817026381
"989",0.413289830787107,0.0956100532785058,1,-0.241100941721194,183,0.452479641291566
"990",0.593873808858916,0.523767482955009,1,-1.28034711784588,123,0.295564146177789
"991",0.0530700059607625,0.631711446214467,1,-2.02257366338163,1909,-0.316709808961336
"992",0.510119835380465,0.318122350843623,1,-0.351014291355598,128,0.132285512481506
"993",0.736177918734029,0.884463344700634,1,-1.26784614052513,452,-0.0801166447711138
"994",0.0966860351618379,0.25593225331977,1,-0.0210898378368297,336,1.05038202793801
"995",0.833900595782325,0.482661254703999,1,2.06540206535604,19,0.212868327829183
"996",0.291762053733692,0.848627338884398,1,0.691976127671594,103,-0.444611668158665
"997",0.788508284138516,0.335230263415724,1,0.698707052896021,47,-0.340148280672759
"998",0.799556011334062,0.479161386145279,1,-0.217418846291815,104,0.0392189701654495
"999",0.194036715198308,0.848807624075562,1,-0.430472297695753,540,0.218726585084096
"1000",0.702713327249512,0.144891014089808,1,-0.736047561853513,235,0.412317973188119
